minute_local,2025-10-02,2025-10-03,2025-10-04,2025-10-05,2025-10-06,2025-10-07,2025-10-08,2025-10-09
00:00,0.0,0.0,0.0,0.0,0.0,0.0,0.0,0.0
00:01,0.0,0.0,0.0,0.0,0.0,0.0,0.0,0.0
00:02,0.0,0.0,0.0,0.0,0.0,0.0,0.0,0.0
00:03,0.0,0.0,0.0,0.0,0.0,0.0,0.0,0.0
00:04,0.0,0.0,0.0,0.0,0.0,0.0,0.0,0.0
00:05,0.0,0.0,0.0,0.0,0.0,0.0,0.0,0.0
00:06,0.0,0.0,0.0,0.0,0.0,0.0,0.0,0.0
00:07,0.0,0.0,0.0,0.0,0.0,0.0,0.0,0.0
00:08,0.0,0.0,0.0,0.0,0.0,0.0,0.0,0.0
00:09,0.0,0.0,0.0,0.0,0.0,0.0,0.0,0.0
00:10,0.0,0.0,0.0,0.0,0.0,0.0,0.0,0.0
00:11,0.0,0.0,0.0,0.0,0.0,0.0,0.0,0.0
00:12,0.0,0.0,0.0,0.0,0.0,0.0,0.0,0.0
00:13,0.0,0.0,0.0,0.0,0.0,0.0,0.0,0.0
00:14,0.0,0.0,0.0,0.0,0.0,0.0,0.0,0.0
00:15,0.0,0.0,0.0,0.0,0.0,0.0,0.0,0.0
00:16,0.0,0.0,0.0,0.0,,0.0,0.0,0.0
00:17,0.0,0.0,0.0,0.0,0.0,0.0,0.0,0.0
00:18,0.0,0.0,0.0,0.0,0.0,0.0,0.0,0.0
00:19,0.0,0.0,0.0,0.0,0.0,0.0,0.0,0.0
00:20,0.0,0.0,0.0,0.0,0.0,0.0,0.0,0.0
00:21,0.0,0.0,0.0,0.0,0.0,0.0,0.0,0.0
00:22,0.0,0.0,0.0,0.0,0.0,0.0,0.0,0.0
00:23,0.0,0.0,0.0,0.0,0.0,0.0,0.0,0.0
00:24,0.0,0.0,0.0,0.0,0.0,0.0,0.0,0.0
00:25,0.0,0.0,0.0,0.0,0.0,0.0,0.0,0.0
00:26,0.0,0.0,0.0,0.0,0.0,0.0,0.0,0.0
00:27,0.0,0.0,0.0,0.0,0.0,0.0,0.0,0.0
00:28,0.0,0.0,0.0,0.0,0.0,0.0,0.0,0.0
00:29,0.0,0.0,0.0,0.0,0.0,0.0,0.0,0.0
00:30,0.0,0.0,0.0,0.0,0.0,0.0,0.0,0.0
00:31,0.0,0.0,0.0,0.0,0.0,0.0,0.0,0.0
00:32,0.0,0.0,0.0,0.0,0.0,0.0,0.0,0.0
00:33,0.0,0.0,0.0,0.0,0.0,0.0,0.0,0.0
00:34,0.0,0.0,0.0,0.0,0.0,0.0,0.0,0.0
00:35,0.0,0.0,0.0,0.0,0.0,0.0,0.0,0.0
00:36,0.0,0.0,0.0,0.0,0.0,0.0,0.0,0.0
00:37,0.0,0.0,0.0,0.0,0.0,0.0,0.0,0.0
00:38,0.0,0.0,0.0,0.0,0.0,0.0,0.0,0.0
00:39,0.0,0.0,0.0,0.0,0.0,0.0,0.0,0.0
00:40,0.0,0.0,0.0,0.0,0.0,0.0,0.0,0.0
00:41,0.0,0.0,0.0,0.0,0.0,0.0,0.0,0.0
00:42,0.0,0.0,0.0,0.0,0.0,0.0,0.0,0.0
00:43,0.0,0.0,0.0,0.0,0.0,0.0,0.0,0.0
00:44,0.0,0.0,0.0,0.0,0.0,0.0,0.0,0.0
00:45,0.0,0.0,0.0,0.0,0.0,0.0,0.0,0.0
00:46,0.0,0.0,0.0,0.0,0.0,0.0,0.0,0.0
00:47,0.0,0.0,0.0,0.0,0.0,0.0,0.0,0.0
00:48,0.0,0.0,0.0,0.0,0.0,0.0,0.0,0.0
00:49,0.0,0.0,0.0,0.0,0.0,0.0,0.0,0.0
00:50,0.0,0.0,0.0,0.0,0.0,0.0,0.0,0.0
00:51,0.0,0.0,0.0,0.0,0.0,0.0,0.0,0.0
00:52,0.0,0.0,0.0,0.0,0.0,0.0,0.0,0.0
00:53,0.0,0.0,0.0,0.0,0.0,0.0,0.0,0.0
00:54,0.0,0.0,0.0,0.0,0.0,0.0,0.0,0.0
00:55,0.0,0.0,0.0,0.0,0.0,0.0,0.0,0.0
00:56,0.0,0.0,0.0,0.0,0.0,0.0,0.0,0.0
00:57,0.0,0.0,0.0,0.0,0.0,0.0,0.0,0.0
00:58,0.0,0.0,0.0,0.0,0.0,0.0,0.0,0.0
00:59,0.0,0.0,0.0,0.0,0.0,0.0,0.0,0.0
01:00,0.0,0.0,0.0,0.0,0.0,0.0,0.0,0.0
01:01,0.0,0.0,0.0,0.0,0.0,0.0,0.0,0.0
01:02,0.0,0.0,0.0,0.0,0.0,0.0,0.0,0.0
01:03,0.0,0.0,0.0,0.0,0.0,0.0,0.0,0.0
01:04,0.0,0.0,0.0,0.0,0.0,0.0,0.0,0.0
01:05,0.0,0.0,0.0,0.0,0.0,0.0,0.0,0.0
01:06,0.0,0.0,0.0,0.0,0.0,0.0,0.0,0.0
01:07,0.0,0.0,0.0,0.0,0.0,0.0,0.0,0.0
01:08,0.0,0.0,0.0,0.0,0.0,0.0,0.0,0.0
01:09,0.0,0.0,0.0,0.0,0.0,0.0,0.0,0.0
01:10,0.0,0.0,0.0,0.0,0.0,0.0,0.0,0.0
01:11,0.0,0.0,0.0,0.0,0.0,0.0,0.0,0.0
01:12,0.0,0.0,0.0,0.0,0.0,0.0,0.0,0.0
01:13,0.0,0.0,0.0,0.0,0.0,0.0,0.0,0.0
01:14,0.0,0.0,0.0,0.0,0.0,0.0,0.0,0.0
01:15,0.0,0.0,0.0,0.0,0.0,0.0,0.0,0.0
01:16,0.0,0.0,0.0,0.0,0.0,0.0,0.0,0.0
01:17,0.0,0.0,0.0,0.0,0.0,0.0,0.0,0.0
01:18,0.0,0.0,0.0,0.0,0.0,0.0,0.0,0.0
01:19,0.0,0.0,0.0,0.0,0.0,0.0,0.0,0.0
01:20,0.0,0.0,0.0,0.0,0.0,0.0,0.0,0.0
01:21,0.0,0.0,0.0,0.0,0.0,0.0,0.0,0.0
01:22,0.0,0.0,0.0,0.0,0.0,0.0,0.0,0.0
01:23,0.0,0.0,0.0,0.0,0.0,0.0,0.0,0.0
01:24,0.0,0.0,0.0,0.0,0.0,0.0,0.0,0.0
01:25,0.0,0.0,0.0,0.0,0.0,0.0,0.0,0.0
01:26,0.0,0.0,0.0,0.0,0.0,0.0,0.0,0.0
01:27,0.0,0.0,0.0,0.0,0.0,0.0,0.0,0.0
01:28,0.0,0.0,0.0,0.0,0.0,0.0,0.0,0.0
01:29,0.0,0.0,0.0,0.0,0.0,0.0,0.0,0.0
01:30,0.0,0.0,0.0,0.0,0.0,0.0,0.0,0.0
01:31,0.0,0.0,0.0,0.0,0.0,0.0,0.0,0.0
01:32,0.0,0.0,0.0,0.0,0.0,0.0,0.0,0.0
01:33,0.0,0.0,0.0,0.0,0.0,0.0,0.0,0.0
01:34,0.0,0.0,0.0,0.0,0.0,0.0,0.0,0.0
01:35,0.0,0.0,0.0,0.0,0.0,0.0,0.0,0.0
01:36,0.0,0.0,0.0,0.0,0.0,0.0,0.0,0.0
01:37,0.0,0.0,0.0,0.0,0.0,0.0,0.0,0.0
01:38,0.0,0.0,0.0,0.0,0.0,0.0,0.0,0.0
01:39,0.0,0.0,0.0,0.0,0.0,0.0,0.0,0.0
01:40,0.0,0.0,0.0,0.0,0.0,0.0,0.0,0.0
01:41,0.0,0.0,0.0,0.0,0.0,0.0,0.0,0.0
01:42,0.0,0.0,0.0,0.0,0.0,0.0,0.0,0.0
01:43,0.0,0.0,0.0,0.0,0.0,0.0,0.0,0.0
01:44,0.0,0.0,0.0,0.0,0.0,0.0,0.0,0.0
01:45,0.0,0.0,0.0,0.0,0.0,0.0,0.0,0.0
01:46,0.0,0.0,0.0,0.0,0.0,0.0,0.0,0.0
01:47,0.0,0.0,0.0,0.0,0.0,0.0,0.0,0.0
01:48,0.0,0.0,0.0,0.0,0.0,0.0,0.0,0.0
01:49,0.0,0.0,0.0,0.0,0.0,0.0,0.0,0.0
01:50,0.0,0.0,0.0,0.0,0.0,0.0,0.0,0.0
01:51,0.0,0.0,0.0,0.0,0.0,0.0,0.0,0.0
01:52,0.0,0.0,0.0,0.0,0.0,0.0,0.0,0.0
01:53,0.0,0.0,0.0,0.0,0.0,0.0,0.0,0.0
01:54,0.0,0.0,0.0,0.0,0.0,0.0,0.0,0.0
01:55,0.0,0.0,0.0,0.0,0.0,0.0,0.0,0.0
01:56,0.0,0.0,0.0,0.0,0.0,0.0,0.0,0.0
01:57,0.0,0.0,0.0,0.0,0.0,0.0,0.0,0.0
01:58,0.0,0.0,0.0,0.0,0.0,0.0,0.0,0.0
01:59,0.0,0.0,0.0,0.0,0.0,0.0,0.0,0.0
02:00,0.0,0.0,0.0,0.0,0.0,0.0,0.0,0.0
02:01,0.0,0.0,0.0,0.0,0.0,0.0,0.0,0.0
02:02,0.0,0.0,0.0,0.0,0.0,0.0,0.0,0.0
02:03,0.0,0.0,0.0,0.0,0.0,0.0,0.0,0.0
02:04,0.0,0.0,0.0,0.0,0.0,0.0,0.0,0.0
02:05,0.0,0.0,0.0,0.0,0.0,0.0,0.0,0.0
02:06,0.0,0.0,0.0,0.0,0.0,0.0,0.0,0.0
02:07,0.0,0.0,0.0,0.0,0.0,0.0,0.0,0.0
02:08,0.0,0.0,0.0,0.0,0.0,0.0,0.0,0.0
02:09,0.0,0.0,0.0,0.0,0.0,0.0,0.0,0.0
02:10,0.0,0.0,0.0,0.0,0.0,0.0,0.0,0.0
02:11,0.0,0.0,0.0,0.0,0.0,0.0,0.0,0.0
02:12,0.0,0.0,0.0,0.0,0.0,0.0,0.0,0.0
02:13,0.0,0.0,0.0,0.0,0.0,0.0,0.0,0.0
02:14,0.0,0.0,0.0,0.0,0.0,0.0,0.0,0.0
02:15,0.0,0.0,0.0,0.0,0.0,0.0,0.0,0.0
02:16,0.0,0.0,0.0,0.0,0.0,0.0,0.0,0.0
02:17,0.0,0.0,0.0,0.0,0.0,0.0,0.0,0.0
02:18,0.0,0.0,0.0,0.0,0.0,0.0,0.0,0.0
02:19,0.0,0.0,0.0,0.0,0.0,0.0,0.0,0.0
02:20,0.0,0.0,0.0,0.0,0.0,0.0,0.0,0.0
02:21,0.0,0.0,0.0,0.0,0.0,0.0,0.0,0.0
02:22,0.0,0.0,0.0,0.0,0.0,0.0,0.0,0.0
02:23,0.0,0.0,0.0,0.0,0.0,0.0,0.0,0.0
02:24,0.0,0.0,0.0,0.0,0.0,0.0,0.0,0.0
02:25,0.0,0.0,0.0,0.0,0.0,0.0,0.0,0.0
02:26,0.0,0.0,0.0,0.0,0.0,0.0,0.0,0.0
02:27,0.0,0.0,0.0,0.0,0.0,0.0,0.0,0.0
02:28,0.0,0.0,0.0,0.0,0.0,0.0,0.0,0.0
02:29,0.0,0.0,0.0,0.0,0.0,0.0,0.0,0.0
02:30,0.0,0.0,0.0,0.0,0.0,0.0,0.0,0.0
02:31,0.0,0.0,0.0,0.0,0.0,0.0,0.0,0.0
02:32,0.0,0.0,0.0,0.0,0.0,0.0,0.0,0.0
02:33,0.0,0.0,0.0,0.0,0.0,0.0,0.0,0.0
02:34,0.0,0.0,0.0,0.0,0.0,0.0,0.0,0.0
02:35,0.0,0.0,0.0,0.0,0.0,0.0,0.0,0.0
02:36,0.0,0.0,0.0,0.0,0.0,0.0,0.0,0.0
02:37,0.0,0.0,0.0,0.0,0.0,0.0,0.0,0.0
02:38,0.0,0.0,0.0,0.0,0.0,0.0,0.0,0.0
02:39,0.0,0.0,0.0,0.0,0.0,0.0,0.0,0.0
02:40,0.0,0.0,0.0,0.0,0.0,0.0,0.0,0.0
02:41,0.0,0.0,0.0,0.0,0.0,0.0,0.0,0.0
02:42,0.0,0.0,0.0,0.0,0.0,0.0,0.0,0.0
02:43,0.0,0.0,0.0,0.0,0.0,0.0,0.0,0.0
02:44,0.0,0.0,0.0,0.0,0.0,0.0,0.0,0.0
02:45,0.0,0.0,0.0,0.0,0.0,0.0,0.0,0.0
02:46,0.0,0.0,0.0,0.0,0.0,0.0,0.0,0.0
02:47,0.0,0.0,0.0,0.0,0.0,0.0,0.0,0.0
02:48,0.0,0.0,0.0,0.0,0.0,0.0,0.0,0.0
02:49,0.0,0.0,0.0,0.0,0.0,0.0,0.0,0.0
02:50,0.0,0.0,0.0,0.0,0.0,0.0,0.0,0.0
02:51,0.0,0.0,0.0,0.0,0.0,0.0,0.0,0.0
02:52,0.0,0.0,0.0,0.0,0.0,0.0,0.0,0.0
02:53,0.0,0.0,0.0,0.0,0.0,0.0,0.0,0.0
02:54,0.0,0.0,0.0,0.0,0.0,0.0,0.0,0.0
02:55,0.0,0.0,0.0,0.0,0.0,0.0,0.0,0.0
02:56,0.0,0.0,0.0,0.0,0.0,0.0,0.0,0.0
02:57,0.0,0.0,0.0,0.0,0.0,0.0,0.0,0.0
02:58,0.0,0.0,0.0,0.0,0.0,0.0,0.0,0.0
02:59,0.0,0.0,0.0,0.0,0.0,0.0,0.0,0.0
03:00,0.0,0.0,0.0,0.0,0.0,0.0,0.0,0.0
03:01,0.0,0.0,0.0,0.0,0.0,0.0,0.0,0.0
03:02,0.0,0.0,0.0,0.0,0.0,0.0,0.0,0.0
03:03,0.0,0.0,0.0,0.0,0.0,0.0,0.0,0.0
03:04,0.0,0.0,0.0,0.0,0.0,0.0,0.0,0.0
03:05,0.0,0.0,0.0,0.0,0.0,0.0,0.0,0.0
03:06,0.0,0.0,0.0,0.0,0.0,0.0,0.0,0.0
03:07,0.0,0.0,0.0,0.0,0.0,0.0,0.0,0.0
03:08,0.0,0.0,0.0,0.0,0.0,0.0,0.0,0.0
03:09,0.0,0.0,0.0,0.0,0.0,0.0,0.0,0.0
03:10,0.0,0.0,0.0,0.0,0.0,0.0,0.0,0.0
03:11,0.0,0.0,0.0,0.0,0.0,0.0,0.0,0.0
03:12,0.0,0.0,0.0,0.0,0.0,0.0,0.0,0.0
03:13,0.0,0.0,0.0,0.0,0.0,0.0,0.0,0.0
03:14,0.0,0.0,0.0,0.0,0.0,0.0,0.0,0.0
03:15,0.0,0.0,0.0,0.0,0.0,0.0,0.0,0.0
03:16,0.0,0.0,0.0,0.0,0.0,0.0,0.0,0.0
03:17,0.0,0.0,0.0,0.0,0.0,0.0,0.0,0.0
03:18,0.0,0.0,0.0,0.0,0.0,0.0,0.0,0.0
03:19,0.0,0.0,0.0,0.0,0.0,0.0,0.0,0.0
03:20,0.0,0.0,0.0,0.0,0.0,0.0,0.0,0.0
03:21,0.0,0.0,0.0,0.0,0.0,0.0,0.0,0.0
03:22,0.0,0.0,0.0,0.0,0.0,0.0,0.0,0.0
03:23,0.0,0.0,0.0,0.0,0.0,0.0,0.0,0.0
03:24,0.0,0.0,0.0,0.0,0.0,0.0,0.0,0.0
03:25,0.0,0.0,0.0,0.0,0.0,0.0,0.0,0.0
03:26,0.0,0.0,0.0,0.0,0.0,0.0,0.0,0.0
03:27,0.0,0.0,0.0,0.0,0.0,0.0,0.0,0.0
03:28,0.0,0.0,0.0,0.0,0.0,0.0,0.0,0.0
03:29,0.0,0.0,0.0,0.0,0.0,0.0,0.0,0.0
03:30,0.0,0.0,0.0,0.0,0.0,0.0,0.0,0.0
03:31,0.0,0.0,0.0,0.0,0.0,0.0,0.0,0.0
03:32,0.0,0.0,0.0,0.0,0.0,0.0,0.0,0.0
03:33,0.0,0.0,0.0,0.0,0.0,0.0,0.0,0.0
03:34,0.0,0.0,0.0,0.0,0.0,0.0,0.0,0.0
03:35,0.0,0.0,0.0,0.0,0.0,0.0,0.0,0.0
03:36,0.0,0.0,0.0,0.0,0.0,0.0,0.0,0.0
03:37,0.0,0.0,0.0,0.0,0.0,0.0,0.0,0.0
03:38,0.0,0.0,0.0,0.0,0.0,0.0,0.0,0.0
03:39,0.0,0.0,0.0,0.0,0.0,0.0,0.0,0.0
03:40,0.0,0.0,0.0,0.0,0.0,0.0,0.0,0.0
03:41,0.0,0.0,0.0,0.0,0.0,0.0,0.0,0.0
03:42,0.0,0.0,0.0,0.0,0.0,0.0,0.0,0.0
03:43,0.0,0.0,0.0,0.0,0.0,0.0,0.0,0.0
03:44,0.0,0.0,0.0,0.0,0.0,0.0,0.0,0.0
03:45,0.0,0.0,0.0,0.0,0.0,0.0,0.0,0.0
03:46,0.0,0.0,0.0,0.0,0.0,0.0,0.0,0.0
03:47,0.0,0.0,0.0,0.0,0.0,0.0,0.0,0.0
03:48,0.0,0.0,0.0,0.0,0.0,0.0,0.0,0.0
03:49,0.0,0.0,0.0,0.0,0.0,0.0,0.0,0.0
03:50,0.0,0.0,0.0,0.0,0.0,0.0,0.0,0.0
03:51,0.0,0.0,0.0,0.0,0.0,0.0,0.0,0.0
03:52,0.0,0.0,0.0,0.0,0.0,0.0,0.0,0.0
03:53,0.0,0.0,0.0,0.0,0.0,0.0,0.0,0.0
03:54,0.0,0.0,0.0,0.0,0.0,0.0,0.0,0.0
03:55,0.0,0.0,0.0,0.0,0.0,0.0,0.0,0.0
03:56,0.0,0.0,0.0,0.0,0.0,0.0,0.0,0.0
03:57,0.0,0.0,0.0,0.0,0.0,0.0,0.0,0.0
03:58,0.0,0.0,0.0,0.0,0.0,0.0,0.0,0.0
03:59,0.0,0.0,0.0,0.0,0.0,0.0,0.0,0.0
04:00,0.0,0.0,0.0,0.0,0.0,0.0,0.0,0.0
04:01,0.0,0.0,0.0,0.0,0.0,0.0,0.0,0.0
04:02,0.0,0.0,0.0,0.0,0.0,0.0,0.0,0.0
04:03,0.0,0.0,0.0,0.0,0.0,0.0,0.0,0.0
04:04,0.0,0.0,0.0,0.0,0.0,0.0,0.0,0.0
04:05,0.0,0.0,0.0,0.0,0.0,0.0,0.0,0.0
04:06,0.0,0.0,0.0,0.0,0.0,0.0,0.0,0.0
04:07,0.0,0.0,0.0,0.0,0.0,0.0,0.0,0.0
04:08,0.0,0.0,0.0,0.0,0.0,0.0,0.0,0.0
04:09,0.0,0.0,0.0,0.0,0.0,0.0,0.0,0.0
04:10,0.0,0.0,0.0,0.0,0.0,0.0,0.0,0.0
04:11,0.0,0.0,0.0,0.0,0.0,0.0,0.0,0.0
04:12,0.0,0.0,0.0,0.0,0.0,0.0,0.0,0.0
04:13,0.0,0.0,0.0,0.0,0.0,0.0,0.0,0.0
04:14,0.0,0.0,0.0,0.0,0.0,0.0,0.0,0.0
04:15,0.0,0.0,0.0,0.0,0.0,0.0,0.0,0.0
04:16,0.0,0.0,0.0,0.0,0.0,0.0,0.0,0.0
04:17,0.0,0.0,0.0,0.0,0.0,0.0,0.0,0.0
04:18,0.0,0.0,0.0,0.0,0.0,0.0,0.0,0.0
04:19,0.0,0.0,0.0,0.0,0.0,0.0,0.0,0.0
04:20,0.0,0.0,0.0,0.0,0.0,0.0,0.0,0.0
04:21,0.0,0.0,0.0,0.0,0.0,0.0,0.0,0.0
04:22,0.0,0.0,0.0,0.0,0.0,0.0,0.0,0.0
04:23,0.0,0.0,0.0,0.0,0.0,0.0,0.0,0.0
04:24,0.0,0.0,0.0,0.0,0.0,0.0,0.0,0.0
04:25,0.0,0.0,0.0,0.0,0.0,0.0,0.0,0.0
04:26,0.0,0.0,0.0,0.0,0.0,0.0,0.0,0.0
04:27,0.0,0.0,0.0,0.0,0.0,0.0,0.0,0.0
04:28,0.0,0.0,0.0,0.0,0.0,0.0,0.0,0.0
04:29,0.0,0.0,0.0,0.0,0.0,0.0,0.0,0.0
04:30,0.0,0.0,0.0,0.0,0.0,0.0,0.0,0.0
04:31,0.0,0.0,0.0,0.0,0.0,0.0,0.0,0.0
04:32,0.0,0.0,0.0,0.0,0.0,0.0,0.0,0.0
04:33,0.0,0.0,0.0,0.0,0.0,0.0,0.0,0.0
04:34,0.0,0.0,0.0,0.0,0.0,0.0,0.0,0.0
04:35,0.0,0.0,0.0,0.0,0.0,0.0,0.0,0.0
04:36,0.0,0.0,0.0,0.0,0.0,0.0,0.0,0.0
04:37,0.0,0.0,0.0,0.0,0.0,0.0,0.0,0.0
04:38,0.0,0.0,0.0,0.0,0.0,0.0,0.0,0.0
04:39,0.0,0.0,0.0,0.0,0.0,0.0,0.0,0.0
04:40,0.0,0.0,0.0,0.0,0.0,0.0,0.0,0.0
04:41,0.0,0.0,0.0,0.0,0.0,0.0,0.0,0.0
04:42,0.0,0.0,0.0,0.0,0.0,0.0,0.0,0.0
04:43,0.0,0.0,0.0,0.0,0.0,0.0,0.0,0.0
04:44,0.0,0.0,0.0,0.0,0.0,0.0,0.0,0.0
04:45,0.0,0.0,0.0,0.0,0.0,0.0,0.0,0.0
04:46,0.0,0.0,0.0,0.0,0.0,0.0,0.0,0.0
04:47,0.0,0.0,0.0,0.0,0.0,0.0,0.0,0.0
04:48,0.0,0.0,0.0,0.0,0.0,0.0,0.0,0.0
04:49,0.0,0.0,0.0,0.0,0.0,0.0,0.0,0.0
04:50,0.0,0.0,0.0,0.0,0.0,0.0,0.0,0.0
04:51,0.0,0.0,0.0,0.0,0.0,0.0,0.0,0.0
04:52,0.0,0.0,0.0,0.0,0.0,0.0,0.0,0.0
04:53,0.0,0.0,0.0,0.0,0.0,0.0,0.0,0.0
04:54,0.0,0.0,0.0,0.0,0.0,0.0,0.0,0.0
04:55,0.0,0.0,0.0,0.0,0.0,0.0,0.0,0.0
04:56,0.0,0.0,0.0,0.0,0.0,0.0,0.0,0.0
04:57,0.0,0.0,0.0,0.0,0.0,0.0,0.0,0.0
04:58,0.0,0.0,0.0,0.0,0.0,0.0,0.0,0.0
04:59,0.0,0.0,0.0,0.0,0.0,0.0,0.0,0.0
05:00,0.0,0.0,0.0,0.0,0.0,0.0,0.0,0.0
05:01,0.0,0.0,0.0,0.0,0.0,0.0,0.0,0.0
05:02,0.0,0.0,0.0,0.0,0.0,0.0,0.0,0.0
05:03,0.0,0.0,0.0,0.0,0.0,0.0,0.0,0.0
05:04,0.0,0.0,0.0,0.0,0.0,0.0,0.0,0.0
05:05,0.0,0.0,0.0,0.0,0.0,0.0,0.0,0.0
05:06,0.0,0.0,0.0,0.0,0.0,0.0,0.0,0.0
05:07,0.0,0.0,0.0,0.0,0.0,0.0,0.0,0.0
05:08,0.0,0.0,0.0,0.0,0.0,0.0,0.0,0.0
05:09,0.0,0.0,0.0,0.0,0.0,0.0,0.0,0.0
05:10,0.0,0.0,0.0,0.0,0.0,0.0,0.0,0.0
05:11,0.0,0.0,0.0,0.0,0.0,0.0,0.0,0.0
05:12,0.0,0.0,0.0,0.0,0.0,0.0,0.0,0.0
05:13,0.0,0.0,0.0,0.0,0.0,0.0,0.0,0.0
05:14,0.0,0.0,0.0,0.0,0.0,0.0,0.0,0.0
05:15,0.0,0.0,0.0,0.0,0.0,0.0,0.0,0.0
05:16,0.0,0.0,0.0,0.0,0.0,0.0,0.0,0.0
05:17,0.0,0.0,0.0,0.0,0.0,0.0,0.0,0.0
05:18,0.0,0.0,0.0,0.0,0.0,0.0,0.0,0.0
05:19,0.0,0.0,0.0,0.0,0.0,0.0,0.0,0.0
05:20,0.0,0.0,0.0,0.0,0.0,0.0,0.0,0.0
05:21,0.0,0.0,0.0,0.0,0.0,0.0,0.0,0.0
05:22,0.0,0.0,0.0,0.0,0.0,0.0,0.0,0.0
05:23,0.0,0.0,0.0,0.0,0.0,0.0,0.0,0.0
05:24,0.0,0.0,0.0,0.0,0.0,0.0,0.0,0.0
05:25,0.0,0.0,0.0,0.0,0.0,0.0,0.0,0.0
05:26,0.0,0.0,0.0,0.0,0.0,0.0,0.0,0.0
05:27,0.0,0.0,0.0,0.0,0.0,0.0,0.0,0.0
05:28,0.0,0.0,0.0,0.0,0.0,0.0,0.0,0.0
05:29,0.0,0.0,0.0,0.0,0.0,0.0,0.0,0.0
05:30,0.0,0.0,0.0,0.0,0.0,0.0,0.0,0.0
05:31,0.0,0.0,0.0,0.0,0.0,0.0,0.0,0.0
05:32,0.0,0.0,0.0,0.0,0.0,0.0,0.0,0.0
05:33,0.0,0.0,0.0,0.0,0.0,0.0,0.0,0.0
05:34,0.0,0.0,0.0,0.0,0.0,0.0,0.0,0.0
05:35,0.0,0.0,0.0,0.0,0.0,0.0,0.0,0.0
05:36,0.0,0.0,0.0,0.0,0.0,0.0,0.0,0.0
05:37,0.0,0.0,0.0,0.0,0.0,0.0,0.0,0.0
05:38,0.0,0.0,0.0,0.0,0.0,0.0,0.0,0.0
05:39,0.0,0.0,0.0,0.0,0.0,0.0,0.0,0.0
05:40,0.0,0.0,0.0,0.0,0.0,0.0,0.0,0.0
05:41,0.0,0.0,0.0,0.0,0.0,0.0,0.0,0.0
05:42,0.0,0.0,0.0,0.0,0.0,0.0,0.0,0.0
05:43,0.0,0.0,0.0,0.0,0.0,0.0,0.0,0.0
05:44,0.0,0.0,0.0,0.0,0.0,0.0,0.0,0.0
05:45,0.0,0.0,0.0,0.0,0.0,0.0,0.0,0.0
05:46,0.0,0.0,0.0,0.0,0.0,0.0,0.0,0.0
05:47,0.0,0.0,0.0,0.0,0.0,0.0,0.0,0.0
05:48,0.0,0.0,0.0,0.0,0.0,0.0,0.0,0.0
05:49,0.0,0.0,0.0,0.0,0.0,0.0,0.0,0.0
05:50,0.0,0.0,0.0,0.0,0.0,0.0,0.0,0.0
05:51,0.0,0.0,0.0,0.0,0.0,0.0,0.0,0.0
05:52,0.0,0.0,0.0,0.0,0.0,0.0,0.0,0.0
05:53,0.0,0.0,0.0,0.0,0.0,0.0,0.0,0.0
05:54,0.0,0.0,0.0,0.0,0.0,0.0,0.0,0.0
05:55,0.0,0.0,0.0,0.0,0.0,0.0,0.0,0.0
05:56,0.0,0.0,0.0,0.0,0.0,0.0,0.0,0.0
05:57,0.0,0.0,0.0,0.0,0.0,0.0,0.0,0.0
05:58,0.0,0.0,0.0,0.0,0.0,0.0,0.0,0.0
05:59,0.0,0.0,0.0,0.0,0.0,0.0,0.0,0.0
06:00,0.0,0.0,0.0,0.0,0.0,0.0,0.0,0.0
06:01,0.0,0.0,0.0,0.0,0.0,0.0,0.0,0.0
06:02,0.0,0.0,0.0,0.0,0.0,0.0,0.0,0.0
06:03,0.0,0.0,0.0,0.0,0.0,0.0,0.0,0.0
06:04,0.0,0.0,0.0,0.0,0.0,0.0,0.0,0.0
06:05,0.0,0.0,0.0,0.0,0.0,0.0,0.0,0.0
06:06,0.0,0.0,0.0,0.0,0.0,0.0,0.0,0.0
06:07,0.0,0.0,0.0,0.0,0.0,0.0,0.0,0.0
06:08,0.0,0.0,0.0,0.0,0.0,0.0,0.0,0.0
06:09,0.0,0.0,0.0,0.0,0.0,0.0,0.0,0.0
06:10,0.0,0.0,0.0,0.0,0.0,0.0,0.0,0.0
06:11,0.0,0.0,0.0,0.0,0.0,0.0,0.0,0.0
06:12,0.0,0.0,0.0,0.0,0.0,0.0,0.0,0.0
06:13,0.0,0.16,0.0,0.0,0.0,0.0,0.0,0.0
06:14,0.0,0.0,0.0,0.0,0.0,0.0,0.0,0.0
06:15,0.0,0.0,0.0,0.0,0.0,0.0,0.0,0.0
06:16,0.0,0.0,0.0,0.0,0.0,0.0,0.0,0.0
06:17,0.0,0.0,0.0,0.0,0.0,0.0,0.0,0.0
06:18,0.0,0.0,0.0,0.0,0.0,0.0,0.0,0.0
06:19,0.0,0.0,0.0,0.0,0.0,0.0,0.0,0.0
06:20,0.0,0.0,0.0,0.0,0.07,0.0,0.0,0.0
06:21,0.0,0.0,0.0,0.0,0.0,0.0,0.0,0.0
06:22,0.0,0.0,0.0,0.0,0.0,0.0,0.0,0.0
06:23,0.0,0.0,0.0,0.0,0.0,0.0,0.0,0.0
06:24,0.0,0.0,0.0,0.0,0.0,0.0,0.0,0.12
06:25,0.0,0.0,0.0,0.0,0.0,0.0,0.0,0.0
06:26,0.0,0.0,0.0,0.0,0.0,0.0,0.0,0.0
06:27,0.0,0.0,0.0,0.0,0.0,0.0,0.0,0.0
06:28,0.0,0.0,0.0,0.0,0.0,0.0,0.0,0.0
06:29,0.0,0.0,0.0,0.0,0.0,0.0,0.0,0.0
06:30,0.0,0.0,0.0,0.0,0.0,0.0,0.0,0.0
06:31,0.0,0.0,0.0,0.0,0.0,0.0,0.0,0.0
06:32,0.0,0.0,0.0,0.0,0.0,0.0,0.0,0.0
06:33,0.0,0.0,0.0,0.0,0.0,0.0,0.0,0.0
06:34,0.0,0.86,0.0,0.0,0.0,0.0,0.0,0.0
06:35,0.0,0.89,0.0,0.0,0.0,0.17,0.0,0.0
06:36,0.0,0.91,0.0,0.0,0.0,0.0,0.0,0.0
06:37,0.0,0.94,0.0,0.0,0.0,0.0,0.0,0.0
06:38,0.0,0.98,0.0,0.0,0.0,0.0,0.0,0.0
06:39,0.0,1.02,0.0,0.0,0.0,0.0,0.0,0.0
06:40,0.0,1.06,0.0,0.0,0.0,0.0,0.0,0.0
06:41,0.0,1.07,0.0,0.0,0.0,0.0,0.0,0.0
06:42,0.0,1.1,0.19,0.16,0.0,0.0,0.0,0.0
06:43,0.0,1.11,0.0,0.0,0.0,0.0,0.12,0.0
06:44,0.0,1.14,0.0,0.0,0.0,0.0,0.0,0.0
06:45,0.0,1.16,0.0,0.0,0.0,0.0,0.0,0.0
06:46,0.0,1.24,0.0,0.0,0.0,0.0,0.0,0.0
06:47,0.0,1.27,0.0,0.0,0.0,0.0,0.0,0.0
06:48,0.0,1.3,0.0,0.0,0.0,0.0,0.0,0.0
06:49,0.0,1.35,0.0,0.0,0.0,0.0,0.0,0.0
06:50,0.0,1.37,0.0,0.0,0.0,0.0,0.0,0.0
06:51,0.0,1.36,0.0,0.0,0.08,0.62,0.0,0.0
06:52,0.0,1.39,0.0,0.0,0.0,0.55,0.0,0.0
06:53,0.0,1.47,0.0,0.0,0.0,0.55,0.0,0.0
06:54,0.0,1.54,0.0,0.0,0.0,0.56,0.0,0.0
06:55,0.0,1.57,0.0,0.0,0.0,0.58,0.0,0.99
06:56,0.0,1.57,0.0,0.0,0.0,0.6,0.0,1.04
06:57,0.0,1.62,0.0,0.0,0.0,0.65,0.0,1.11
06:58,0.0,1.68,0.0,0.0,0.0,0.69,0.0,1.06
06:59,0.0,1.71,0.0,0.0,0.0,0.7,0.0,1.07
07:00,0.0,1.75,0.0,0.0,0.0,0.7,0.0,1.09
07:01,0.0,1.78,0.0,0.0,0.0,0.75,0.0,1.1
07:02,0.0,1.81,0.0,0.0,0.0,0.83,0.0,1.17
07:03,0.0,1.87,0.0,0.0,0.0,0.96,0.0,1.15
07:04,0.0,1.91,0.0,0.0,0.0,1.02,0.0,1.15
07:05,0.0,1.95,0.0,0.0,0.0,1.13,0.0,1.15
07:06,0.0,2.01,0.0,0.0,0.0,1.02,0.0,1.19
07:07,0.0,2.04,0.0,0.0,0.0,0.9,0.0,1.23
07:08,0.0,2.03,0.0,0.0,0.0,0.88,0.0,1.27
07:09,0.0,2.12,0.0,0.0,0.0,0.8,0.0,1.29
07:10,0.0,2.08,0.0,0.0,0.0,0.74,0.0,1.34
07:11,0.0,2.17,0.0,0.0,0.0,0.73,0.0,1.33
07:12,0.0,2.26,0.0,0.0,1.14,0.68,0.0,1.35
07:13,0.0,2.11,0.28,0.25,1.08,0.64,0.0,1.43
07:14,0.0,2.22,0.0,0.0,1.14,0.59,0.3,1.49
07:15,0.0,2.16,0.0,0.0,1.3,0.56,0.0,1.5
07:16,0.0,2.18,0.0,0.0,1.52,0.53,0.0,1.5
07:17,0.0,1.71,0.0,0.0,1.5,0.48,0.0,1.49
07:18,0.0,2.37,0.0,0.0,1.7,0.45,0.0,1.59
07:19,0.0,2.59,0.0,0.0,1.03,0.44,0.0,1.62
07:20,0.0,2.6,0.0,0.0,1.65,0.44,1.03,1.71
07:21,0.0,2.44,0.0,0.0,1.48,0.44,1.04,1.74
07:22,0.0,2.65,0.0,0.0,1.19,0.43,1.01,1.76
07:23,0.0,2.65,0.0,0.0,1.03,0.44,1.04,1.91
07:24,0.0,2.76,0.0,0.0,0.99,0.46,1.1,2.03
07:25,0.0,2.79,0.0,0.0,1.05,0.44,1.11,1.57
07:26,0.0,2.86,0.0,0.0,1.1,0.14,1.09,2.16
07:27,0.0,2.89,0.0,0.0,1.07,0.0,1.05,1.97
07:28,0.0,2.94,0.0,0.0,1.0,0.0,1.03,1.94
07:29,0.0,2.98,0.98,0.0,0.93,0.0,1.02,1.84
07:30,0.0,3.02,1.04,0.0,0.94,0.0,0.98,2.01
07:31,0.0,3.05,1.06,0.0,1.02,0.0,0.97,1.9
07:32,0.0,3.09,1.03,0.0,1.11,0.0,0.9,1.85
07:33,0.0,3.1,1.03,0.0,1.17,0.0,0.87,1.97
07:34,0.0,3.19,1.03,0.0,1.25,0.0,0.83,2.05
07:35,0.0,3.22,1.05,0.0,1.33,0.0,0.81,2.1
07:36,0.0,3.31,1.02,0.0,1.45,0.0,0.79,2.05
07:37,0.0,3.35,1.0,0.0,1.6,0.0,0.77,2.09
07:38,0.0,3.36,0.94,0.0,1.86,0.0,0.76,2.29
07:39,0.0,3.58,1.11,0.0,2.98,0.0,0.75,2.1
07:40,0.0,3.59,1.13,0.0,2.21,0.0,0.74,2.06
07:41,0.0,3.35,1.11,0.0,2.63,0.0,0.74,2.01
07:42,0.0,3.49,1.02,0.0,2.01,0.0,0.74,2.02
07:43,0.0,3.91,0.97,0.0,1.71,0.0,0.78,2.42
07:44,0.0,3.66,0.96,0.3,1.7,0.0,0.82,2.24
07:45,0.0,3.77,0.91,0.0,1.75,0.0,0.86,2.28
07:46,0.0,3.83,0.75,0.0,1.81,0.0,0.89,1.79
07:47,0.0,3.97,0.8,0.0,1.99,1.04,0.91,2.07
07:48,0.08,3.42,0.7,0.0,2.0,1.07,0.91,2.1
07:49,0.0,2.78,0.75,0.0,2.16,1.11,0.91,2.24
07:50,0.0,1.63,0.94,1.15,2.25,1.14,0.92,2.09
07:51,0.0,2.37,0.98,1.24,2.32,1.25,0.97,2.79
07:52,0.0,3.45,1.07,1.36,2.92,1.58,0.96,2.72
07:53,0.0,2.01,1.12,1.48,3.92,4.43,0.97,2.4
07:54,0.0,1.41,1.13,1.61,2.78,1.45,0.94,2.45
07:55,0.0,1.65,1.14,1.79,3.39,1.52,0.9,2.07
07:56,0.0,1.4,1.18,1.93,3.07,1.64,0.86,2.6
07:57,0.0,2.2,1.25,2.08,2.66,1.9,0.82,2.48
07:58,0.0,2.13,1.31,1.99,2.66,2.0,0.78,2.79
07:59,0.0,1.23,1.37,1.87,2.58,1.77,0.76,3.07
08:00,0.0,1.7,1.42,1.58,2.62,1.25,0.74,2.44
08:01,0.0,1.97,1.4,1.48,2.66,1.12,0.72,2.28
08:02,0.0,2.07,1.33,1.45,2.19,1.1,0.69,2.18
08:03,0.0,1.45,1.23,1.44,1.78,1.15,0.68,2.17
08:04,0.0,1.31,1.17,1.43,1.52,1.34,0.67,2.06
08:05,0.0,2.88,1.26,1.28,1.48,1.5,0.67,2.35
08:06,0.0,3.25,1.29,1.16,1.56,1.96,0.65,2.23
08:07,0.0,3.46,1.27,1.08,1.58,4.4,0.66,2.45
08:08,0.0,4.93,1.33,1.0,1.62,3.28,0.67,2.45
08:09,0.0,3.26,1.41,0.99,1.74,2.95,0.72,2.61
08:10,0.0,1.45,1.46,1.04,1.82,2.93,0.79,2.43
08:11,0.0,2.38,1.47,1.1,1.7,5.76,0.87,2.79
08:12,0.0,4.67,1.48,1.2,1.7,5.79,0.96,2.68
08:13,0.0,4.05,1.74,1.38,1.65,5.83,1.03,2.66
08:14,0.0,3.94,1.84,1.49,1.57,3.41,1.05,2.64
08:15,0.0,4.83,1.76,1.52,1.46,5.64,1.03,2.63
08:16,0.0,4.74,1.75,1.44,1.36,2.2,1.03,2.27
08:17,0.0,5.15,1.89,1.29,1.24,5.72,1.08,2.22
08:18,0.0,5.5,2.11,1.12,1.14,5.66,1.15,2.13
08:19,0.19,5.36,2.11,0.99,1.05,5.68,1.27,2.42
08:20,0.0,4.93,1.97,0.88,0.92,5.48,1.31,2.94
08:21,0.0,3.55,1.93,0.87,0.84,5.2,1.31,3.46
08:22,0.0,4.15,1.95,0.93,0.73,4.79,1.37,3.12
08:23,0.0,2.58,2.02,1.01,0.64,5.72,1.57,2.92
08:24,0.0,1.68,2.09,1.1,0.63,4.69,1.7,3.01
08:25,0.0,3.94,2.17,1.19,0.66,5.66,1.74,2.4
08:26,0.0,5.15,2.27,1.3,0.73,3.15,1.82,2.28
08:27,0.0,3.85,2.22,1.44,0.81,3.01,1.92,2.58
08:28,0.0,3.14,2.09,1.58,0.87,2.83,2.04,2.75
08:29,0.0,3.15,2.07,1.77,0.93,2.38,2.15,2.65
08:30,1.06,3.76,2.02,1.97,0.99,1.62,2.25,3.19
08:31,1.07,5.61,2.04,2.15,1.07,1.55,2.32,2.82
08:32,1.09,3.18,1.95,2.43,1.16,1.65,2.42,2.06
08:33,1.09,4.45,1.58,2.62,1.26,1.82,2.46,2.33
08:34,1.09,2.77,1.58,2.57,1.34,2.57,2.6,2.11
08:35,1.06,6.08,1.88,2.29,1.42,2.18,2.52,2.12
08:36,1.01,6.38,2.04,1.95,1.47,2.25,2.78,2.35
08:37,0.95,5.75,2.02,1.79,1.55,2.29,2.76,2.78
08:38,0.88,5.04,2.0,1.79,1.56,2.23,2.44,2.63
08:39,0.87,2.39,2.19,1.9,1.57,2.18,2.42,2.71
08:40,0.93,4.16,2.06,2.0,1.54,2.31,4.27,2.16
08:41,0.99,6.12,1.73,2.23,1.53,2.23,2.44,2.02
08:42,1.14,4.48,1.97,2.43,1.52,2.29,2.38,2.53
08:43,1.26,4.14,1.9,2.49,1.55,2.35,2.46,2.12
08:44,1.36,2.99,1.58,2.49,1.64,2.19,2.54,2.11
08:45,1.44,2.36,1.59,2.56,1.78,2.07,2.77,2.21
08:46,1.56,2.2,1.45,2.7,1.95,6.67,2.78,2.45
08:47,1.65,5.18,1.3,2.66,2.11,4.41,7.19,2.75
08:48,1.73,5.98,1.43,2.64,2.26,2.51,3.35,2.99
08:49,1.77,6.12,1.44,2.71,2.52,2.58,2.96,4.79
08:50,1.81,6.46,1.22,2.76,2.45,3.03,2.82,3.47
08:51,1.8,6.39,1.33,2.63,2.24,2.86,2.76,3.82
08:52,1.62,5.05,1.61,2.37,2.24,2.33,2.9,2.48
08:53,1.28,3.18,1.63,2.11,2.22,2.18,3.07,4.05
08:54,1.1,5.22,1.71,2.04,2.15,2.04,2.86,4.18
08:55,1.11,5.35,1.8,1.99,2.1,1.97,2.91,4.18
08:56,1.1,6.97,1.7,1.99,1.86,2.16,2.94,3.1
08:57,1.08,6.28,1.42,1.97,1.83,2.25,3.43,2.62
08:58,1.07,6.12,1.14,1.97,1.73,2.38,5.05,2.43
08:59,1.08,6.0,1.28,1.98,1.69,2.21,3.73,2.61
09:00,1.04,4.47,1.65,1.99,1.64,2.12,3.45,3.3
09:01,1.04,3.87,2.12,2.06,1.78,2.03,3.64,2.83
09:02,1.09,7.24,2.59,2.14,1.93,1.87,4.37,3.33
09:03,1.11,4.84,2.99,2.2,2.04,1.73,5.35,5.29
09:04,1.11,3.39,2.87,2.19,2.04,1.63,6.03,5.17
09:05,1.14,2.78,2.47,2.33,1.97,1.56,6.22,4.85
09:06,1.2,2.71,2.92,2.84,1.98,1.54,3.95,5.08
09:07,1.26,5.79,2.87,3.32,1.97,1.61,3.69,6.25
09:08,1.33,6.95,2.27,3.39,1.93,1.6,3.78,3.69
09:09,1.27,5.93,2.06,3.42,1.94,1.55,5.1,3.81
09:10,1.2,3.81,1.51,3.36,1.94,1.46,7.57,3.13
09:11,1.15,3.04,1.31,3.27,1.95,1.44,3.99,4.94
09:12,1.19,2.37,1.2,3.14,1.91,1.48,3.1,4.5
09:13,1.14,2.6,1.1,3.01,1.84,1.65,2.98,3.13
09:14,1.13,5.06,1.0,2.9,1.84,1.9,2.93,3.32
09:15,1.12,3.75,0.94,2.85,1.84,2.17,2.83,3.17
09:16,1.1,3.49,0.9,2.86,1.87,2.77,2.73,3.25
09:17,1.11,1.68,0.98,3.01,1.79,2.45,2.56,3.52
09:18,1.16,3.11,1.34,3.16,1.72,2.47,2.43,4.42
09:19,1.19,5.53,2.01,2.95,1.72,2.42,2.35,3.36
09:20,1.2,2.37,2.69,2.63,1.68,2.32,2.26,3.92
09:21,1.23,3.11,2.89,2.96,1.84,2.29,2.14,4.81
09:22,1.26,6.01,2.68,2.94,2.0,3.05,2.23,3.96
09:23,1.26,7.07,2.58,3.0,2.22,6.41,2.61,3.85
09:24,1.24,6.7,3.08,3.09,2.44,1.76,2.18,3.3
09:25,1.24,7.54,3.56,3.32,2.89,2.88,1.96,3.46
09:26,1.24,7.44,3.78,3.37,3.72,1.85,2.18,3.74
09:27,1.2,6.5,4.09,3.08,4.64,1.79,2.92,4.8
09:28,1.21,7.2,4.13,2.79,2.94,1.71,5.34,5.49
09:29,1.22,6.89,4.05,2.65,2.78,1.65,6.98,5.12
09:30,1.19,7.78,3.77,2.52,2.96,1.62,8.13,7.14
09:31,1.15,6.27,3.19,2.48,2.75,1.6,5.77,4.99
09:32,1.15,4.94,2.54,2.39,2.56,1.57,3.27,5.54
09:33,1.13,4.46,3.14,2.3,2.57,1.44,5.51,6.5
09:34,1.17,6.5,3.56,2.27,2.62,1.18,3.24,5.1
09:35,1.23,5.26,3.75,2.25,2.67,1.02,5.05,4.17
09:36,1.26,6.8,4.26,2.29,2.78,0.94,7.68,4.2
09:37,1.26,5.72,4.97,2.31,3.19,0.93,7.49,5.27
09:38,1.3,7.39,5.71,2.23,3.7,1.0,7.29,4.17
09:39,1.37,7.57,7.66,2.1,4.81,1.08,7.13,5.5
09:40,1.4,7.54,5.96,2.06,3.47,1.13,7.08,4.02
09:41,1.46,4.24,7.68,2.06,4.21,1.14,6.03,3.43
09:42,1.51,4.98,4.34,2.05,2.67,1.08,6.64,4.4
09:43,1.61,7.66,7.65,2.09,2.71,1.02,6.77,4.07
09:44,1.72,7.19,7.88,2.18,2.49,0.9,6.77,5.27
09:45,1.8,6.88,5.62,2.21,2.9,0.74,6.74,6.18
09:46,1.8,4.21,7.63,2.19,3.62,0.61,6.72,6.33
09:47,1.82,4.24,6.16,2.14,7.57,0.54,6.74,6.7
09:48,1.84,6.46,7.37,2.11,5.34,0.55,6.73,4.57
09:49,1.81,7.53,3.16,2.06,3.53,0.64,6.75,3.48
09:50,1.76,7.71,6.31,2.01,4.02,0.72,6.74,3.49
09:51,1.31,6.84,7.31,1.98,4.42,0.77,6.77,4.31
09:52,1.39,7.87,7.35,1.99,5.06,0.81,6.76,6.15
09:53,1.49,7.06,7.25,1.98,8.23,0.86,6.77,6.63
09:54,1.43,4.11,7.22,1.97,8.06,0.87,6.8,6.66
09:55,1.51,3.06,7.28,1.9,6.67,0.85,6.86,6.47
09:56,1.69,4.4,7.33,1.87,6.91,0.83,6.84,6.72
09:57,1.59,6.7,7.35,1.84,7.86,0.78,6.86,4.81
09:58,1.5,4.89,7.43,1.83,8.2,0.73,6.87,4.56
09:59,1.36,7.05,6.53,1.8,5.4,0.73,6.84,3.35
10:00,1.35,7.82,7.25,1.7,7.34,0.72,6.86,3.57
10:01,1.5,7.84,7.38,1.56,7.65,0.68,6.85,3.41
10:02,1.69,6.34,5.65,1.46,5.2,0.68,6.93,4.07
10:03,1.53,5.0,3.4,1.42,4.86,0.72,6.95,5.23
10:04,1.12,7.47,8.46,1.4,3.47,0.83,6.96,4.89
10:05,0.93,7.96,8.36,1.42,3.13,0.93,7.0,4.64
10:06,0.9,7.77,7.83,1.42,3.16,0.9,7.01,4.72
10:07,0.91,7.93,5.45,1.36,2.8,0.82,7.02,4.77
10:08,1.09,7.75,7.95,1.26,2.59,0.78,7.0,4.82
10:09,1.22,7.55,7.13,1.19,2.33,0.7,7.03,4.12
10:10,1.27,7.55,7.88,1.29,2.54,0.63,7.01,4.87
10:11,1.1,7.67,4.48,1.47,2.89,0.58,7.0,4.44
10:12,1.02,8.1,7.75,1.61,2.81,0.5,7.02,4.55
10:13,0.96,8.27,5.97,1.77,2.77,0.48,7.0,5.0
10:14,1.22,8.24,4.32,1.74,2.88,0.41,7.03,4.88
10:15,1.57,6.61,8.5,1.8,2.75,0.0,7.03,4.3
10:16,6.38,5.37,9.75,1.55,2.47,0.0,7.05,4.01
10:17,5.68,5.6,8.72,1.53,2.13,0.0,7.04,4.32
10:18,7.6,5.57,6.16,1.56,1.85,0.0,7.02,4.19
10:19,5.6,7.94,2.86,1.34,1.54,0.0,7.03,3.92
10:20,4.11,6.28,3.15,1.64,1.51,0.0,7.07,3.77
10:21,3.88,7.75,3.26,1.88,1.45,0.0,7.05,4.92
10:22,6.81,7.86,4.21,1.92,1.6,0.0,7.09,4.89
10:23,2.76,3.2,4.01,1.97,1.78,0.0,7.08,3.74
10:24,4.12,7.21,7.53,1.9,1.82,0.0,7.12,3.53
10:25,6.46,7.79,8.65,1.87,1.69,0.0,7.13,3.75
10:26,7.07,7.81,8.3,2.07,1.56,0.0,7.13,3.48
10:27,6.98,7.75,7.04,2.18,1.29,0.0,7.15,3.38
10:28,6.87,6.17,7.78,2.2,1.28,0.0,7.19,3.54
10:29,6.8,7.84,9.13,2.21,1.13,0.0,7.24,3.71
10:30,5.54,6.98,9.13,2.15,1.06,0.0,7.38,4.25
10:31,6.79,7.86,2.58,2.12,1.0,0.0,7.55,5.03
10:32,6.86,7.8,2.35,2.28,1.04,0.0,7.89,4.96
10:33,7.03,8.06,2.47,2.46,1.24,0.0,7.29,4.89
10:34,5.33,6.93,2.56,2.56,1.46,0.0,6.74,5.32
10:35,6.9,3.21,2.28,2.61,1.45,1.31,4.88,4.6
10:36,7.07,6.58,2.55,2.57,1.44,1.34,6.97,5.26
10:37,1.34,7.63,3.24,2.36,1.86,1.35,6.08,6.69
10:38,7.05,4.7,3.92,2.19,2.34,1.33,5.13,7.37
10:39,3.49,6.08,3.88,2.18,2.77,1.28,3.7,5.41
10:40,1.61,8.22,4.5,2.32,3.23,1.19,5.62,4.03
10:41,1.41,6.65,9.93,2.61,3.19,1.12,8.4,3.47
10:42,1.13,7.21,9.63,2.91,3.03,1.05,8.28,3.5
10:43,1.33,6.21,3.47,3.15,3.0,1.01,7.17,3.34
10:44,1.42,3.18,3.8,3.26,3.0,0.98,8.15,3.46
10:45,1.2,4.08,3.24,3.28,2.94,0.97,7.69,3.37
10:46,1.52,3.2,4.94,3.19,2.82,0.98,8.03,3.13
10:47,1.25,4.98,2.49,3.04,2.88,0.99,8.13,3.18
10:48,0.92,8.61,2.02,2.95,3.19,1.03,8.22,
10:49,1.05,4.5,1.69,2.76,3.42,1.05,8.02,
10:50,1.32,5.43,1.81,2.67,3.2,1.06,8.12,
10:51,1.5,4.45,1.7,2.6,3.52,1.07,5.5,
10:52,1.84,3.42,2.1,2.58,7.78,1.05,3.31,
10:53,2.28,2.61,2.26,2.56,3.95,1.03,3.82,
10:54,2.24,4.74,2.86,2.61,5.51,1.03,5.37,
10:55,2.31,7.42,2.9,2.68,6.76,1.04,6.86,
10:56,2.52,5.4,2.76,2.85,4.93,1.07,7.65,
10:57,2.83,8.46,3.1,2.84,3.71,1.13,8.22,
10:58,2.37,8.15,2.64,2.57,8.99,1.18,6.1,
10:59,2.01,5.79,8.77,2.58,8.42,1.22,8.61,
11:00,1.79,5.7,3.35,3.13,8.2,1.2,7.46,
11:01,1.51,2.78,2.73,4.12,8.52,1.25,5.55,
11:02,1.32,2.18,2.66,5.72,8.53,1.33,7.9,
11:03,1.25,3.67,3.66,5.59,9.07,1.44,6.63,
11:04,1.21,8.99,3.06,4.93,9.0,1.56,6.37,
11:05,1.0,8.49,3.11,5.42,9.3,1.7,7.0,
11:06,0.89,8.72,2.77,6.12,9.18,1.76,6.06,
11:07,0.94,8.49,3.26,7.11,5.55,1.81,6.22,
11:08,1.11,5.61,8.0,6.93,3.68,1.75,8.22,
11:09,1.28,5.08,9.88,6.2,8.79,1.67,6.74,
11:10,1.19,5.48,3.47,5.34,6.42,1.62,7.65,
11:11,1.09,3.92,4.69,4.46,5.32,1.57,7.95,
11:12,1.09,7.55,2.92,5.76,4.89,1.45,7.91,
11:13,1.31,8.0,3.08,7.18,4.97,1.28,7.73,
11:14,1.52,8.4,5.54,3.73,5.95,1.16,7.63,
11:15,1.46,5.11,9.93,4.67,5.45,1.07,7.64,
11:16,1.28,2.04,9.89,5.8,7.77,1.0,7.57,
11:17,1.38,7.85,5.91,4.33,8.4,0.94,7.52,
11:18,1.53,6.45,9.63,4.93,8.02,0.9,7.5,
11:19,1.83,6.87,9.33,6.06,8.43,0.87,7.51,
11:20,1.79,8.4,9.28,4.05,7.4,0.83,7.46,
11:21,1.48,8.58,9.26,2.92,9.01,0.77,7.51,
11:22,1.24,5.14,9.38,2.72,8.93,0.72,7.55,
11:23,1.44,5.48,9.63,3.05,8.1,0.68,7.52,
11:24,1.71,8.76,9.64,3.63,8.61,0.63,7.48,
11:25,1.66,8.85,9.05,3.9,8.22,0.59,7.48,
11:26,2.25,7.25,9.0,4.08,8.6,0.57,7.5,
11:27,1.33,5.59,9.3,4.49,4.08,0.55,7.53,
11:28,1.29,8.52,8.07,3.89,3.62,0.54,7.58,
11:29,1.43,7.19,8.96,4.07,5.02,0.51,7.59,
11:30,1.62,5.62,5.76,4.82,3.8,0.46,7.57,
11:31,1.6,5.42,3.26,3.55,2.72,0.43,7.56,
11:32,1.74,5.72,7.95,6.63,3.33,0.41,7.52,
11:33,1.56,7.86,6.0,6.66,4.07,0.0,7.45,
11:34,1.39,8.12,4.26,3.7,2.31,0.0,7.41,
11:35,1.33,4.88,4.02,3.12,2.13,0.0,7.45,
11:36,1.28,5.57,4.03,3.17,2.31,0.0,7.41,
11:37,1.23,6.44,2.89,2.84,2.18,0.0,7.42,
11:38,1.22,8.1,4.52,2.39,2.24,0.0,7.43,
11:39,1.34,8.06,5.63,2.2,2.63,0.0,7.4,
11:40,1.32,7.2,5.28,2.44,3.35,0.0,7.41,
11:41,1.14,8.04,2.97,2.92,3.49,0.0,7.42,
11:42,1.08,8.01,2.42,3.29,3.23,0.0,7.4,
11:43,1.04,7.65,2.05,3.31,3.03,0.17,7.49,
11:44,0.94,6.75,2.05,3.53,3.27,0.0,7.55,
11:45,0.92,4.86,2.1,7.82,8.63,0.0,7.6,
11:46,0.96,3.94,2.71,6.0,3.66,0.0,5.59,
11:47,1.03,7.25,7.66,4.68,9.34,0.0,7.35,
11:48,1.08,7.56,8.9,3.74,8.13,0.0,7.38,
11:49,1.09,5.09,3.73,4.74,4.7,0.0,7.35,
11:50,1.08,4.61,3.34,5.23,4.03,0.0,7.46,
11:51,1.02,5.77,3.38,3.36,6.92,0.0,7.45,
11:52,1.02,8.68,2.97,2.05,4.02,0.0,7.52,
11:53,1.04,8.24,4.74,2.22,3.61,0.0,7.55,
11:54,1.07,8.35,3.49,2.4,6.57,0.0,7.79,
11:55,1.02,6.58,3.4,2.58,6.15,0.0,7.44,
11:56,1.02,8.27,4.21,2.93,5.05,0.0,7.2,
11:57,1.19,8.52,3.92,3.41,4.47,0.0,7.93,
11:58,1.49,8.21,8.23,3.61,9.47,0.0,7.8,
11:59,1.65,7.43,9.88,4.53,7.28,0.0,1.84,
12:00,1.67,7.72,9.8,5.97,3.39,0.0,2.6,
12:01,1.64,6.74,9.54,9.41,2.89,0.0,8.12,
12:02,1.41,6.32,9.1,9.29,2.93,0.0,7.6,
12:03,1.28,4.97,8.85,9.23,2.82,0.0,8.11,
12:04,1.24,2.25,8.62,5.94,4.23,1.0,8.12,
12:05,1.18,4.08,8.56,5.07,7.82,1.03,2.74,
12:06,1.07,8.01,8.7,8.22,4.65,0.99,7.82,
12:07,0.97,8.73,8.96,4.63,2.9,0.94,7.85,
12:08,0.99,7.81,9.12,9.05,2.62,0.91,7.81,
12:09,1.01,6.41,7.68,4.43,2.07,0.9,7.87,
12:10,0.93,2.63,3.72,9.32,2.09,0.9,7.33,
12:11,0.84,2.75,2.81,7.34,1.79,0.9,3.07,
12:12,0.93,4.04,3.74,3.38,1.66,0.94,5.82,
12:13,0.93,7.74,3.5,7.02,1.67,0.99,3.5,
12:14,0.94,7.62,5.96,8.52,1.56,1.07,7.93,
12:15,0.99,7.57,5.98,8.13,1.73,1.13,7.73,
12:16,1.21,8.28,2.82,8.01,1.99,1.25,6.61,
12:17,1.72,7.53,5.42,6.12,2.11,1.33,7.67,
12:18,1.47,7.99,4.05,6.52,2.04,1.36,1.76,
12:19,1.26,7.88,5.66,8.4,2.23,1.24,2.04,
12:20,1.14,7.78,5.39,8.29,2.64,1.17,7.69,
12:21,1.15,7.69,5.34,8.04,3.68,1.16,7.77,
12:22,1.27,7.65,6.97,7.71,6.75,1.18,7.81,
12:23,1.85,7.6,7.79,6.95,5.53,1.27,7.82,
12:24,2.13,7.62,6.27,6.59,6.8,1.42,7.55,
12:25,1.95,7.55,7.78,5.02,5.12,1.63,1.52,
12:26,1.58,7.53,7.84,4.32,3.43,2.03,3.45,
12:27,1.14,7.55,8.78,6.93,7.05,2.16,7.72,
12:28,1.0,7.53,8.68,7.05,2.87,2.04,6.27,
12:29,0.77,7.51,9.73,6.99,5.05,1.83,7.5,
12:30,0.63,7.45,9.48,5.27,5.45,1.7,7.33,
12:31,0.67,7.49,9.36,5.97,2.11,1.59,7.4,
12:32,0.71,7.43,9.3,4.9,2.13,1.56,6.6,
12:33,0.68,7.42,9.31,6.54,5.31,1.6,7.34,
12:34,0.81,7.36,8.29,6.91,5.26,1.57,7.36,
12:35,1.02,7.39,9.36,6.12,6.61,1.51,7.38,
12:36,0.78,7.41,7.03,3.36,7.67,1.47,7.3,
12:37,0.61,7.44,7.63,6.36,8.3,1.41,7.26,
12:38,0.59,7.41,5.41,4.61,8.04,1.28,7.19,
12:39,0.71,7.41,4.71,3.3,8.45,1.16,7.17,
12:40,0.94,7.24,4.04,2.7,8.4,1.11,7.11,
12:41,0.95,7.17,4.29,6.19,8.58,1.1,7.01,
12:42,0.82,7.22,3.64,3.7,8.38,1.06,2.93,
12:43,0.78,7.15,4.05,3.09,8.06,1.04,7.22,
12:44,0.73,7.25,4.76,6.04,8.27,1.04,7.23,
12:45,0.62,7.34,3.31,6.31,7.39,1.04,7.42,
12:46,0.6,7.15,3.73,5.01,7.53,1.04,7.66,
12:47,0.62,7.15,4.26,6.26,7.61,0.98,6.92,
12:48,0.64,7.17,5.2,4.57,2.11,0.96,7.98,
12:49,0.68,7.31,5.89,5.49,1.81,0.93,1.92,
12:50,0.72,7.19,4.77,2.97,1.95,0.88,2.24,
12:51,0.78,7.18,4.98,5.37,1.91,0.84,2.2,
12:52,0.84,7.18,6.7,5.78,1.82,0.8,2.15,
12:53,0.79,7.15,9.3,3.35,1.57,0.78,2.91,
12:54,0.87,7.16,9.22,5.39,1.42,0.8,3.32,
12:55,0.85,7.15,8.99,7.13,1.44,0.75,8.6,
12:56,0.95,7.08,5.33,6.66,1.34,0.74,8.3,
12:57,1.38,7.08,6.88,6.74,1.3,0.69,8.2,
12:58,7.64,7.11,3.68,6.81,1.47,0.68,4.1,
12:59,2.68,7.12,3.59,5.41,1.56,0.64,8.57,
13:00,1.76,7.1,3.77,3.27,1.69,0.62,5.99,
13:01,1.13,7.13,4.46,7.21,1.75,0.59,6.36,
13:02,1.08,7.09,3.75,3.45,1.5,0.59,6.27,
13:03,0.94,7.09,3.4,3.1,1.42,0.59,3.98,
13:04,0.97,7.06,3.84,2.9,1.41,0.59,6.33,
13:05,1.07,7.05,4.53,2.72,1.36,0.58,3.26,
13:06,1.76,7.04,3.5,2.38,1.37,0.59,3.02,
13:07,1.17,7.0,3.03,2.39,1.48,0.58,2.73,
13:08,1.02,7.02,2.95,2.6,1.3,0.56,2.46,
13:09,0.83,6.98,3.15,3.69,1.03,0.54,2.2,
13:10,0.8,7.01,3.75,5.42,0.95,0.51,2.05,
13:11,0.94,6.96,3.92,6.96,0.8,0.45,2.09,
13:12,0.98,6.92,4.17,2.56,0.72,0.39,2.05,
13:13,0.77,6.92,3.9,2.58,0.72,0.0,2.17,
13:14,0.77,6.92,2.92,3.27,0.72,0.0,2.33,
13:15,0.78,6.91,4.02,3.12,0.76,0.0,2.55,
13:16,0.92,6.88,5.67,3.06,0.72,0.0,2.3,
13:17,1.01,6.8,6.25,3.07,0.71,0.0,2.21,
13:18,0.9,6.8,4.88,3.7,0.81,0.0,2.26,
13:19,0.92,6.78,4.84,3.42,0.88,0.0,2.42,
13:20,0.97,6.75,3.35,5.04,1.06,0.0,2.58,
13:21,1.34,6.73,2.73,5.96,1.26,0.0,2.2,
13:22,1.58,6.72,8.88,6.57,1.28,0.0,1.85,
13:23,1.35,6.7,7.47,4.26,1.31,0.0,1.72,
13:24,1.45,6.64,9.29,5.68,1.4,0.0,1.64,
13:25,1.21,6.65,5.99,5.68,1.46,0.0,1.78,
13:26,1.54,6.62,3.94,5.69,1.68,0.0,1.73,
13:27,5.41,6.58,3.2,4.61,1.97,0.0,1.91,
13:28,6.77,6.59,3.5,2.26,2.13,0.16,2.05,
13:29,1.99,6.56,2.94,2.79,2.68,0.0,1.92,
13:30,3.51,6.54,2.78,1.95,4.19,0.0,2.08,
13:31,7.34,6.5,2.75,1.32,2.4,0.0,2.07,
13:32,3.52,6.43,2.67,1.19,2.38,0.0,1.91,
13:33,1.81,6.44,2.65,1.17,4.25,0.0,1.75,
13:34,1.74,6.37,2.6,1.45,2.56,0.0,1.62,
13:35,1.73,6.33,2.58,2.99,2.65,0.0,1.54,
13:36,1.74,6.3,2.56,4.57,2.54,0.0,1.55,
13:37,1.7,6.29,2.57,5.17,6.05,0.0,1.54,
13:38,1.7,6.3,2.56,4.04,5.09,0.0,1.63,
13:39,1.36,6.29,2.51,3.26,2.29,0.0,2.36,
13:40,1.23,6.27,2.46,3.1,4.18,0.0,4.25,
13:41,1.54,6.27,2.42,3.3,5.77,0.0,7.18,
13:42,1.56,6.23,2.39,3.47,5.94,0.0,6.75,
13:43,1.44,6.23,2.38,3.43,3.54,0.0,6.62,
13:44,1.48,6.21,2.39,3.43,6.4,0.0,6.6,
13:45,1.55,6.2,2.44,2.94,6.62,0.0,6.6,
13:46,1.64,6.2,2.55,3.26,5.99,0.0,5.19,
13:47,2.24,6.17,2.63,3.98,4.97,0.0,5.51,
13:48,5.6,6.17,2.71,3.45,1.99,0.0,6.39,
13:49,6.4,6.17,2.74,3.43,6.74,0.0,6.39,
13:50,2.06,6.16,2.78,3.51,2.15,0.0,6.31,
13:51,1.66,6.17,2.73,3.54,3.69,0.0,6.32,
13:52,1.41,6.16,2.72,3.92,2.88,0.0,6.39,
13:53,1.37,6.13,2.68,4.62,5.2,0.0,6.45,
13:54,1.53,6.09,2.7,5.77,3.0,0.0,6.05,
13:55,1.64,6.08,2.63,5.69,3.4,0.0,6.32,
13:56,1.49,6.06,2.55,6.06,2.39,0.0,5.23,
13:57,1.4,6.06,2.79,6.21,2.84,0.0,6.21,
13:58,1.23,6.07,2.63,5.95,3.47,0.0,6.66,
13:59,1.4,6.09,2.6,6.55,5.8,0.14,6.54,
14:00,1.39,6.09,2.64,3.2,5.49,0.0,6.8,
14:01,1.26,6.07,2.84,6.11,5.94,0.0,6.7,
14:02,1.32,6.05,3.38,6.16,5.18,0.0,6.7,
14:03,1.15,5.92,7.34,6.57,4.79,0.0,6.65,
14:04,1.22,6.01,5.48,6.46,3.39,0.0,3.52,
14:05,1.33,5.94,3.67,6.23,3.03,0.0,3.89,
14:06,1.25,5.93,8.35,5.82,5.22,0.0,6.27,
14:07,1.09,5.98,6.86,3.32,6.15,0.0,6.05,
14:08,1.01,5.97,4.2,3.26,5.4,0.0,5.92,
14:09,1.07,5.97,4.5,1.7,5.65,0.0,5.81,
14:10,1.08,5.81,3.17,1.45,5.14,0.0,5.81,
14:11,1.07,5.88,2.79,1.45,5.3,0.0,5.69,
14:12,1.11,4.29,2.73,1.47,6.52,0.0,5.49,
14:13,1.11,5.23,2.56,1.44,6.71,0.0,3.23,
14:14,1.08,5.6,2.45,1.39,3.31,0.0,5.6,
14:15,1.08,5.61,2.42,1.41,2.93,0.0,5.67,
14:16,1.07,6.04,2.45,1.53,2.12,0.0,5.7,
14:17,1.1,6.02,2.39,1.68,1.79,0.0,5.69,
14:18,1.26,6.03,2.68,1.81,1.52,0.0,5.24,
14:19,1.49,6.0,6.29,1.69,1.83,0.0,4.24,
14:20,1.7,5.86,3.45,1.47,2.02,0.0,4.81,
14:21,1.6,5.14,7.69,1.42,5.59,0.0,5.27,
14:22,1.51,5.54,3.34,1.76,6.2,0.0,5.44,
14:23,1.56,5.51,2.81,2.84,4.25,0.0,5.41,
14:24,1.76,5.37,2.53,3.09,3.15,0.0,5.38,
14:25,2.1,3.4,2.36,2.07,5.02,0.0,5.31,
14:26,2.21,5.12,2.3,1.82,5.59,0.0,4.72,
14:27,2.41,4.85,1.95,1.81,5.83,0.0,5.08,
14:28,5.97,2.84,1.69,1.45,4.46,0.0,3.56,
14:29,2.04,4.63,1.57,1.36,2.3,0.0,1.25,
14:30,1.37,4.91,1.53,1.44,1.82,0.03,1.03,
14:31,1.17,1.58,1.48,1.61,1.58,0.0,1.05,
14:32,1.22,5.17,1.47,1.73,1.63,0.0,1.1,
14:33,1.29,2.28,1.49,1.88,1.44,0.0,1.39,
14:34,1.38,3.22,1.5,2.05,1.57,0.0,1.68,
14:35,1.25,3.41,1.44,2.06,2.09,0.0,1.27,
14:36,1.24,4.36,1.36,2.01,2.31,0.0,1.13,
14:37,1.55,4.03,1.28,1.96,3.43,0.0,1.0,
14:38,4.27,4.34,1.19,1.92,3.56,0.0,0.96,
14:39,2.15,5.24,1.16,1.94,2.28,0.0,1.1,
14:40,3.05,4.61,1.07,1.97,2.54,0.0,1.1,
14:41,2.45,3.53,1.0,2.12,1.83,0.0,1.14,
14:42,1.77,2.51,0.95,2.37,2.01,0.0,1.58,
14:43,1.89,1.55,0.92,2.54,2.38,0.0,1.53,
14:44,3.36,1.21,0.9,1.87,2.91,0.0,1.28,
14:45,1.65,2.04,0.87,1.77,5.64,0.0,1.24,
14:46,1.62,3.47,0.84,1.71,3.77,0.0,1.38,
14:47,1.75,4.46,0.8,1.68,3.44,0.0,1.44,
14:48,2.03,2.51,0.73,1.6,3.49,0.0,1.41,
14:49,1.46,3.23,0.68,1.53,1.67,0.0,1.33,
14:50,1.35,5.02,0.66,1.49,1.56,0.0,1.26,
14:51,1.22,5.09,0.67,1.43,1.37,0.0,1.18,
14:52,1.02,3.41,0.68,1.41,2.83,0.0,1.17,
14:53,0.83,3.04,0.72,1.44,1.95,0.0,1.19,
14:54,0.66,4.34,0.74,1.43,1.73,0.0,1.21,
14:55,0.55,2.23,0.74,1.48,1.57,0.0,1.16,
14:56,0.48,1.24,0.73,1.52,1.55,0.0,1.13,
14:57,0.42,1.08,0.72,1.56,1.48,0.0,1.14,
14:58,0.0,2.99,0.72,1.55,1.49,0.0,1.11,
14:59,0.0,4.41,0.73,1.54,1.43,0.0,1.02,
15:00,0.0,4.32,0.74,1.53,1.51,0.0,0.91,
15:01,0.0,4.32,0.76,1.54,3.72,0.07,0.85,
15:02,0.0,4.03,0.77,1.56,2.22,0.0,0.81,
15:03,0.14,4.54,0.76,1.54,2.37,0.0,0.81,
15:04,0.0,4.43,0.73,1.53,2.5,0.0,0.82,
15:05,0.0,3.71,0.67,1.54,2.52,0.0,0.85,
15:06,0.0,2.03,0.65,1.46,2.58,0.0,0.84,
15:07,0.0,4.01,0.66,1.42,2.59,0.0,0.72,
15:08,0.0,4.37,0.64,1.3,2.51,0.0,0.59,
15:09,0.0,4.2,0.64,1.2,2.26,0.0,0.51,
15:10,0.0,3.18,0.68,1.12,2.07,0.0,0.45,
15:11,0.0,3.66,0.68,1.07,1.91,0.0,0.43,
15:12,0.0,3.61,0.74,0.99,1.52,0.0,0.0,
15:13,0.0,2.68,0.78,0.94,1.23,0.0,0.0,
15:14,0.0,2.8,0.79,0.88,1.3,0.0,0.0,
15:15,0.0,3.86,0.77,0.88,1.78,0.0,0.0,
15:16,0.0,3.98,0.77,0.87,1.09,0.0,0.0,
15:17,0.0,3.97,0.78,0.86,0.92,0.0,0.0,
15:18,0.0,2.63,0.85,0.86,0.79,0.0,0.0,
15:19,0.0,3.32,0.87,0.86,0.67,0.0,0.0,
15:20,0.0,3.88,0.91,0.87,0.72,0.0,0.0,
15:21,0.0,3.89,0.95,0.86,0.85,0.0,0.0,
15:22,0.0,3.8,0.93,0.85,0.87,0.0,0.0,
15:23,0.0,3.73,0.91,0.8,0.85,0.0,0.0,
15:24,1.67,3.68,0.88,0.75,0.74,0.0,0.0,
15:25,1.63,3.59,0.87,0.69,0.64,0.0,0.0,
15:26,1.56,3.5,0.83,0.61,0.83,0.0,0.0,
15:27,1.51,3.43,0.8,0.57,1.07,0.0,0.0,
15:28,1.44,3.39,0.83,0.53,1.09,0.0,0.0,
15:29,1.4,3.29,0.82,0.52,1.03,0.0,0.0,
15:30,1.45,3.21,0.83,0.54,0.97,0.0,0.0,
15:31,1.35,3.11,0.83,0.57,0.96,0.0,0.0,
15:32,1.21,3.08,0.85,0.58,0.99,0.0,0.0,
15:33,1.19,2.96,0.89,0.59,1.02,0.0,0.0,
15:34,1.15,2.54,0.89,0.62,1.0,0.0,0.0,
15:35,1.16,2.1,0.85,0.63,0.96,0.0,0.0,
15:36,1.13,2.87,0.81,0.63,0.91,0.0,0.0,
15:37,1.1,2.39,0.81,0.63,0.83,0.0,0.14,
15:38,1.07,2.46,0.79,0.64,0.81,0.0,0.0,
15:39,0.97,2.44,0.8,0.66,0.9,0.0,0.0,
15:40,0.88,2.34,0.83,0.67,0.83,0.0,0.0,
15:41,0.59,1.74,0.84,0.67,0.83,0.0,0.0,
15:42,0.6,2.65,0.86,0.64,0.73,0.0,0.0,
15:43,0.55,2.66,0.88,0.6,0.57,0.0,0.0,
15:44,0.47,2.2,0.91,0.58,0.48,0.0,0.0,
15:45,0.16,2.47,0.96,0.53,0.43,0.0,0.0,
15:46,0.0,2.6,1.0,0.52,0.0,0.0,0.0,
15:47,0.0,2.55,0.97,0.52,0.0,0.0,0.0,
15:48,0.0,2.51,0.95,0.54,0.0,0.0,0.0,
15:49,0.0,2.41,1.0,0.53,0.0,0.0,0.0,
15:50,0.0,2.39,1.04,0.56,0.0,0.0,0.0,
15:51,0.0,2.35,1.08,0.56,0.0,0.0,0.0,
15:52,0.0,2.27,1.12,0.53,0.0,0.0,0.0,
15:53,0.0,2.21,1.12,0.52,0.0,0.0,0.0,
15:54,0.0,2.16,1.12,0.48,0.0,0.0,0.0,
15:55,0.0,2.08,1.09,0.44,0.0,0.0,0.0,
15:56,0.0,1.97,0.93,0.41,0.0,0.0,0.0,
15:57,0.0,1.92,0.76,0.0,0.0,0.0,0.0,
15:58,0.0,1.34,0.59,0.0,0.0,0.0,0.0,
15:59,0.0,1.32,0.47,0.0,0.0,0.0,0.0,
16:00,0.0,0.57,0.4,0.0,0.0,0.0,0.0,
16:01,0.0,0.44,0.0,0.0,0.0,0.0,0.0,
16:02,0.0,0.0,0.0,0.0,0.0,0.0,0.0,
16:03,0.0,0.0,0.0,0.0,0.0,0.0,0.0,
16:04,0.0,0.0,0.0,0.0,0.0,0.0,0.0,
16:05,0.0,0.0,0.0,0.0,0.0,0.0,0.0,
16:06,0.0,0.0,0.19,0.0,0.0,0.0,0.0,
16:07,0.0,1.56,0.0,0.0,0.0,0.0,0.0,
16:08,0.0,1.45,0.0,0.0,0.0,0.0,0.1,
16:09,0.0,1.55,0.0,0.0,0.0,0.0,0.0,
16:10,0.0,1.24,0.0,0.0,0.0,0.0,0.0,
16:11,0.0,1.46,0.0,0.0,0.16,0.0,0.0,
16:12,0.0,1.38,0.0,0.0,0.0,0.0,0.0,
16:13,0.0,1.28,0.0,0.0,0.0,0.0,0.0,
16:14,0.0,1.11,0.0,0.0,0.0,0.0,0.0,
16:15,0.0,1.21,0.0,0.0,0.0,0.0,0.0,
16:16,0.0,1.19,0.0,0.0,0.0,0.0,0.0,
16:17,0.0,0.95,0.0,0.0,0.0,0.0,0.0,
16:18,0.0,0.9,0.0,0.0,0.0,0.0,0.0,
16:19,0.0,0.81,0.0,0.0,0.0,0.0,0.0,
16:20,0.0,0.58,0.0,0.0,0.0,0.0,0.0,
16:21,0.0,0.92,0.0,0.0,0.0,0.0,0.0,
16:22,0.0,0.85,0.0,0.0,0.0,0.0,0.0,
16:23,0.0,0.84,0.0,0.0,0.0,0.0,0.0,
16:24,0.0,0.83,0.0,0.0,0.0,0.0,0.0,
16:25,0.0,0.82,0.0,0.0,0.0,0.0,0.0,
16:26,0.0,0.8,0.0,0.0,0.0,0.0,0.0,
16:27,0.0,0.77,0.0,0.0,0.0,0.0,0.0,
16:28,0.0,0.75,0.0,0.0,0.0,0.0,0.0,
16:29,0.0,0.57,0.0,0.0,0.0,0.0,0.0,
16:30,0.0,0.66,0.0,0.0,0.0,0.0,0.0,
16:31,0.0,0.55,0.0,0.0,0.0,0.0,0.0,
16:32,0.0,0.56,0.0,0.0,0.0,0.0,0.0,
16:33,0.0,0.52,0.0,0.0,0.0,0.0,0.0,
16:34,0.0,0.5,0.0,0.0,0.0,0.0,0.0,
16:35,0.0,0.49,0.0,0.0,0.0,0.0,0.0,
16:36,0.0,0.47,0.0,0.0,0.0,0.0,0.0,
16:37,0.0,0.0,0.0,0.0,0.0,0.0,0.0,
16:38,0.0,0.0,0.0,0.0,0.0,0.0,0.0,
16:39,0.0,0.0,0.0,0.0,0.0,0.0,0.0,
16:40,0.0,0.0,0.0,0.0,0.0,0.0,0.0,
16:41,0.0,0.0,0.0,0.0,0.0,0.0,0.0,
16:42,0.0,0.0,0.0,0.0,0.0,0.0,0.0,
16:43,0.0,0.0,0.0,0.0,0.0,0.0,0.0,
16:44,0.0,0.0,0.0,0.0,0.0,0.0,0.0,
16:45,0.0,0.0,0.0,0.0,0.0,0.0,0.0,
16:46,0.0,0.0,0.0,0.0,0.0,0.0,0.0,
16:47,0.0,0.0,0.0,0.0,0.0,0.0,0.0,
16:48,0.0,0.0,0.0,0.0,0.0,0.0,0.0,
16:49,0.0,0.0,0.0,0.0,0.0,0.0,0.0,
16:50,0.0,0.0,0.0,0.0,0.0,0.0,0.0,
16:51,0.0,0.0,0.0,0.0,0.0,0.0,0.0,
16:52,0.0,0.0,0.0,0.0,0.0,0.0,0.0,
16:53,0.0,0.0,0.0,0.0,0.0,0.0,0.0,
16:54,0.0,0.0,0.0,0.0,0.0,0.0,0.0,
16:55,0.0,0.0,0.0,0.0,0.0,0.0,0.0,
16:56,0.0,0.0,0.0,0.0,0.0,0.0,0.0,
16:57,0.0,0.0,0.0,0.0,0.0,0.0,0.0,
16:58,0.0,0.0,0.0,0.0,0.0,0.0,0.0,
16:59,0.0,0.0,0.0,0.0,0.0,0.0,0.0,
17:00,0.0,0.0,0.0,0.0,0.0,0.0,0.0,
17:01,0.0,0.0,0.0,0.0,0.0,0.0,0.0,
17:02,0.0,0.0,0.0,0.0,0.0,0.0,0.0,
17:03,0.0,0.0,0.0,0.0,0.0,0.0,0.0,
17:04,0.0,0.0,0.0,0.0,0.0,0.0,0.0,
17:05,0.0,0.0,0.0,0.0,0.0,0.0,0.0,
17:06,0.0,0.0,0.0,0.0,0.0,0.0,0.0,
17:07,0.0,0.0,0.0,0.0,0.0,0.0,0.0,
17:08,0.0,0.0,0.0,0.0,0.0,0.0,0.0,
17:09,0.0,0.0,0.0,0.0,0.0,0.0,0.0,
17:10,0.0,0.0,0.0,0.0,0.0,0.0,0.0,
17:11,0.0,0.0,0.0,0.0,0.0,0.0,0.0,
17:12,0.0,0.0,0.0,0.0,0.0,0.0,0.0,
17:13,0.0,0.0,0.0,0.0,0.0,0.0,0.0,
17:14,0.0,0.0,0.0,0.0,0.0,0.0,0.0,
17:15,0.0,0.0,0.0,0.0,0.0,0.0,0.0,
17:16,0.0,0.0,0.0,0.0,0.0,0.0,0.0,
17:17,0.0,0.0,0.0,0.0,0.0,0.0,0.0,
17:18,0.0,0.0,0.0,0.0,0.0,0.0,0.0,
17:19,0.0,0.0,0.0,0.0,0.0,0.0,0.0,
17:20,0.0,0.0,0.0,0.0,0.0,0.0,0.0,
17:21,0.0,0.0,0.0,0.0,0.0,0.0,0.0,
17:22,0.0,0.0,0.0,0.0,0.0,0.0,0.0,
17:23,0.0,0.0,0.0,0.0,0.0,0.0,0.0,
17:24,0.0,0.0,0.0,0.0,0.0,0.0,0.0,
17:25,0.0,0.0,0.0,0.0,0.0,0.0,0.0,
17:26,0.0,0.0,0.0,0.0,0.0,0.0,0.0,
17:27,0.0,0.0,0.0,0.0,0.0,0.0,0.0,
17:28,0.0,0.0,0.0,0.0,0.0,0.0,0.0,
17:29,0.0,0.0,0.0,0.0,0.0,0.0,0.0,
17:30,0.0,0.0,0.0,0.0,0.0,0.0,0.0,
17:31,0.0,0.0,0.0,0.0,0.0,0.0,0.0,
17:32,0.0,0.0,0.0,0.0,0.0,0.0,0.0,
17:33,0.0,0.0,0.0,0.0,0.0,0.0,0.0,
17:34,0.0,0.0,0.0,0.0,0.0,0.0,0.0,
17:35,0.0,0.0,0.0,0.0,0.0,0.0,0.0,
17:36,0.0,0.0,0.0,0.0,0.0,0.0,0.0,
17:37,0.0,0.0,0.0,0.0,0.0,0.0,0.0,
17:38,0.0,0.0,0.0,0.0,0.0,0.0,0.0,
17:39,0.0,0.0,0.0,0.0,0.0,0.0,0.0,
17:40,0.0,0.0,0.0,0.0,0.0,0.0,0.0,
17:41,0.0,0.0,0.0,0.0,0.0,0.0,0.0,
17:42,0.0,0.0,0.0,0.0,0.0,0.0,0.0,
17:43,0.0,0.0,0.0,0.0,0.0,0.0,0.0,
17:44,0.0,0.0,0.0,0.0,0.0,0.0,0.0,
17:45,0.0,0.0,0.0,0.0,0.0,0.0,0.0,
17:46,0.0,0.0,0.0,0.0,0.0,0.0,0.0,
17:47,0.0,0.0,0.0,0.0,0.0,0.0,0.0,
17:48,0.0,0.0,0.0,0.0,0.0,0.0,0.0,
17:49,0.0,0.0,0.0,0.0,0.0,0.0,0.0,
17:50,0.0,0.0,0.0,0.0,0.0,0.0,0.0,
17:51,0.0,0.0,0.0,0.0,0.0,0.0,0.0,
17:52,0.0,0.0,0.0,0.0,0.0,0.0,0.0,
17:53,0.0,0.0,0.0,0.0,0.0,0.0,0.0,
17:54,0.0,0.0,0.0,0.0,0.0,0.0,0.0,
17:55,0.0,0.0,0.0,0.0,0.0,0.0,0.0,
17:56,0.0,0.0,0.0,0.0,0.0,0.0,0.0,
17:57,0.0,0.0,0.0,0.0,0.0,0.0,0.0,
17:58,0.0,0.0,0.0,0.0,0.0,0.0,0.0,
17:59,0.0,0.0,0.0,0.0,0.0,0.0,0.0,
18:00,0.0,0.0,0.0,0.0,0.0,0.0,0.0,
18:01,0.0,0.0,0.0,0.0,0.0,0.0,0.0,
18:02,0.0,0.0,0.0,0.0,0.0,0.0,0.0,
18:03,0.0,0.0,0.0,0.0,0.0,0.0,0.0,
18:04,0.0,0.0,0.0,0.0,0.0,0.0,0.0,
18:05,0.0,0.0,0.0,0.0,0.0,0.0,0.0,
18:06,0.0,0.0,0.0,0.0,0.0,0.0,0.0,
18:07,0.0,0.0,0.0,0.0,0.0,0.0,0.0,
18:08,0.0,0.0,0.0,0.0,0.0,0.0,0.0,
18:09,0.0,0.0,0.0,0.0,0.0,0.0,0.0,
18:10,0.0,0.0,0.0,0.0,0.0,0.0,0.0,
18:11,0.0,0.0,0.0,0.0,0.0,0.0,0.0,
18:12,0.0,0.0,0.0,0.0,0.0,0.0,0.0,
18:13,0.0,0.0,0.0,0.0,0.0,0.0,0.0,
18:14,0.0,0.0,0.0,0.0,0.0,0.0,0.0,
18:15,0.0,0.0,0.0,0.0,0.0,0.0,0.0,
18:16,0.0,0.0,0.0,0.0,0.0,0.0,0.0,
18:17,0.0,0.0,0.0,0.0,0.0,0.0,0.0,
18:18,0.0,0.0,0.0,0.0,0.0,0.0,0.0,
18:19,0.0,0.0,0.0,0.0,0.0,0.0,0.0,
18:20,0.0,0.0,0.0,0.0,0.0,0.0,0.0,
18:21,0.0,0.0,0.0,0.0,0.0,0.0,0.0,
18:22,0.0,0.0,0.0,0.0,0.0,0.0,0.0,
18:23,0.0,0.0,0.0,0.0,0.0,0.0,0.0,
18:24,0.0,0.0,0.0,0.0,0.0,0.0,0.0,
18:25,0.0,0.0,0.0,0.0,0.0,0.0,0.0,
18:26,0.0,0.0,0.0,0.0,0.0,0.0,0.0,
18:27,0.0,0.0,0.0,0.0,0.0,0.0,0.0,
18:28,0.0,0.0,0.0,0.0,0.0,0.0,0.0,
18:29,0.0,0.0,0.0,0.0,0.0,0.0,0.0,
18:30,0.0,0.0,0.0,0.0,0.0,0.0,0.0,
18:31,0.0,0.0,0.0,0.0,0.0,0.0,0.0,
18:32,0.0,0.0,0.0,0.0,0.0,0.0,0.0,
18:33,0.0,0.0,0.0,0.0,0.0,0.0,0.0,
18:34,0.0,0.0,0.0,0.0,0.0,0.0,0.0,
18:35,0.0,0.0,0.0,0.0,0.0,0.0,0.0,
18:36,0.0,0.0,0.0,0.0,0.0,0.0,0.0,
18:37,0.0,0.0,0.0,0.0,0.0,0.0,0.0,
18:38,0.0,0.0,0.0,0.0,0.0,0.0,0.0,
18:39,0.0,0.0,0.0,0.0,0.0,0.0,0.0,
18:40,0.0,0.0,0.0,0.0,0.0,0.0,0.0,
18:41,0.0,0.0,0.0,0.0,0.0,0.0,0.0,
18:42,0.0,0.0,0.0,0.0,0.0,0.0,0.0,
18:43,0.0,0.0,0.0,0.0,0.0,0.0,0.0,
18:44,0.0,0.0,0.0,0.0,0.0,0.0,0.0,
18:45,0.0,0.0,0.0,0.0,0.0,0.0,0.0,
18:46,0.0,0.0,0.0,0.0,0.0,0.0,0.0,
18:47,0.0,0.0,0.0,0.0,0.0,0.0,0.0,
18:48,0.0,0.0,0.0,0.0,0.0,0.0,0.0,
18:49,0.0,0.0,0.0,0.0,0.0,0.0,0.0,
18:50,0.0,0.0,0.0,0.0,0.0,0.0,0.0,
18:51,0.0,0.0,0.0,0.0,0.0,0.0,0.0,
18:52,0.0,0.0,0.0,0.0,0.0,0.0,0.0,
18:53,0.0,0.0,0.0,0.0,0.0,0.0,0.0,
18:54,0.0,0.0,0.0,0.0,0.0,0.0,0.0,
18:55,0.0,0.0,0.0,0.0,0.0,0.0,0.0,
18:56,0.0,0.0,0.0,0.0,0.0,0.0,0.0,
18:57,0.0,0.0,0.0,0.0,0.0,0.0,0.0,
18:58,0.0,0.0,0.0,0.0,0.0,0.0,0.0,
18:59,0.0,0.0,0.0,0.0,0.0,0.0,0.0,
19:00,0.0,0.0,0.0,0.0,0.0,0.0,0.0,
19:01,0.0,0.0,0.0,0.0,0.0,0.0,0.0,
19:02,0.0,0.0,0.0,0.0,0.0,0.0,0.0,
19:03,0.0,0.0,0.0,0.0,0.0,0.0,0.0,
19:04,0.0,0.0,0.0,0.0,0.0,0.0,0.0,
19:05,0.0,0.0,0.0,0.0,0.0,0.0,0.0,
19:06,0.0,0.0,0.0,0.0,0.0,0.0,0.0,
19:07,0.0,0.0,0.0,0.0,0.0,0.0,0.0,
19:08,0.0,0.0,0.0,0.0,0.0,0.0,0.0,
19:09,0.0,0.0,0.0,0.0,0.0,0.0,0.0,
19:10,0.0,0.0,0.0,0.0,0.0,0.0,0.0,
19:11,0.0,0.0,0.0,0.0,0.0,0.0,0.0,
19:12,0.0,0.0,0.0,0.0,0.0,0.0,0.0,
19:13,0.0,0.0,0.0,0.0,0.0,0.0,0.0,
19:14,0.0,0.0,0.0,0.0,0.0,0.0,0.0,
19:15,0.0,0.0,0.0,0.0,0.0,0.0,0.0,
19:16,0.0,0.0,0.0,0.0,0.0,0.0,0.0,
19:17,0.0,0.0,0.0,0.0,0.0,0.0,0.0,
19:18,0.0,0.0,0.0,0.0,0.0,0.0,0.0,
19:19,0.0,0.0,0.0,0.0,0.0,0.0,0.0,
19:20,0.0,0.0,0.0,0.0,0.0,0.0,0.0,
19:21,0.0,0.0,0.0,0.0,0.0,0.0,0.0,
19:22,0.0,0.0,0.0,0.0,0.0,0.0,0.0,
19:23,0.0,0.0,0.0,0.0,0.0,0.0,0.0,
19:24,0.0,0.0,0.0,0.0,0.0,0.0,0.0,
19:25,0.0,0.0,0.0,0.0,0.0,0.0,0.0,
19:26,0.0,0.0,0.0,0.0,0.0,0.0,0.0,
19:27,0.0,0.0,0.0,0.0,0.0,0.0,0.0,
19:28,0.0,0.0,0.0,0.0,0.0,0.0,0.0,
19:29,0.0,0.0,0.0,0.0,0.0,0.0,0.0,
19:30,0.0,0.0,0.0,0.0,0.0,0.0,0.0,
19:31,0.0,0.0,0.0,0.0,0.0,0.0,0.0,
19:32,0.0,0.0,0.0,0.0,0.0,0.0,0.0,
19:33,0.0,0.0,0.0,0.0,0.0,0.0,0.0,
19:34,0.0,0.0,0.0,0.0,0.0,0.0,0.0,
19:35,0.0,0.0,0.0,0.0,0.0,0.0,0.0,
19:36,0.0,0.0,0.0,0.0,0.0,0.0,0.0,
19:37,0.0,0.0,0.0,0.0,0.0,0.0,0.0,
19:38,0.0,0.0,0.0,0.0,0.0,0.0,0.0,
19:39,0.0,0.0,0.0,0.0,0.0,0.0,0.0,
19:40,0.0,0.0,0.0,0.0,0.0,0.0,0.0,
19:41,0.0,0.0,0.0,0.0,0.0,0.0,0.0,
19:42,0.0,0.0,0.0,0.0,0.0,0.0,0.0,
19:43,0.0,0.0,0.0,0.0,0.0,0.0,0.0,
19:44,0.0,0.0,0.0,0.0,0.0,0.0,0.0,
19:45,0.0,0.0,0.0,0.0,0.0,0.0,0.0,
19:46,0.0,0.0,0.0,0.0,0.0,0.0,0.0,
19:47,0.0,0.0,0.0,0.0,0.0,0.0,0.0,
19:48,0.0,0.0,0.0,0.0,0.0,0.0,0.0,
19:49,0.0,0.0,0.0,0.0,0.0,0.0,0.0,
19:50,0.0,0.0,0.0,0.0,0.0,0.0,0.0,
19:51,0.0,0.0,0.0,0.0,0.0,0.0,0.0,
19:52,0.0,0.0,0.0,0.0,0.0,0.0,0.0,
19:53,0.0,0.0,0.0,0.0,0.0,0.0,0.0,
19:54,0.0,0.0,0.0,0.0,0.0,0.0,0.0,
19:55,0.0,0.0,0.0,0.0,0.0,0.0,0.0,
19:56,0.0,0.0,0.0,0.0,0.0,0.0,0.0,
19:57,0.0,0.0,0.0,0.0,0.0,0.0,0.0,
19:58,0.0,0.0,0.0,0.0,0.0,0.0,0.0,
19:59,0.0,0.0,0.0,0.0,0.0,0.0,0.0,
20:00,0.0,0.0,0.0,0.0,0.0,0.0,0.0,
20:01,0.0,0.0,0.0,0.0,0.0,0.0,0.0,
20:02,0.0,0.0,0.0,0.0,0.0,0.0,0.0,
20:03,0.0,0.0,0.0,0.0,0.0,0.0,0.0,
20:04,0.0,0.0,0.0,0.0,0.0,0.0,0.0,
20:05,0.0,0.0,0.0,0.0,0.0,0.0,0.0,
20:06,0.0,0.0,0.0,0.0,0.0,0.0,0.0,
20:07,0.0,0.0,0.0,0.0,0.0,0.0,0.0,
20:08,0.0,0.0,0.0,0.0,0.0,0.0,0.0,
20:09,0.0,0.0,0.0,0.0,0.0,0.0,0.0,
20:10,0.0,0.0,0.0,0.0,0.0,0.0,0.0,
20:11,0.0,0.0,0.0,0.0,0.0,0.0,0.0,
20:12,0.0,0.0,0.0,0.0,0.0,0.0,0.0,
20:13,0.0,0.0,0.0,0.0,0.0,0.0,0.0,
20:14,0.0,0.0,0.0,0.0,0.0,0.0,0.0,
20:15,0.0,0.0,0.0,0.0,0.0,0.0,0.0,
20:16,0.0,0.0,0.0,0.0,0.0,0.0,0.0,
20:17,0.0,0.0,0.0,0.0,0.0,0.0,0.0,
20:18,0.0,0.0,0.0,0.0,0.0,0.0,0.0,
20:19,0.0,0.0,0.0,0.0,0.0,0.0,0.0,
20:20,0.0,0.0,0.0,0.0,0.0,0.0,0.0,
20:21,0.0,0.0,0.0,0.0,0.0,0.0,0.0,
20:22,0.0,0.0,0.0,0.0,0.0,0.0,0.0,
20:23,0.0,0.0,0.0,0.0,0.0,0.0,0.0,
20:24,0.0,0.0,0.0,0.0,0.0,0.0,0.0,
20:25,0.0,0.0,0.0,0.0,0.0,0.0,0.0,
20:26,0.0,0.0,0.0,0.0,0.0,0.0,0.0,
20:27,0.0,0.0,0.0,0.0,0.0,0.0,0.0,
20:28,0.0,0.0,0.0,0.0,0.0,0.0,0.0,
20:29,0.0,0.0,0.0,0.0,0.0,0.0,0.0,
20:30,0.0,0.0,0.0,0.0,0.0,0.0,0.0,
20:31,0.0,0.0,0.0,0.0,0.0,0.0,0.0,
20:32,0.0,0.0,0.0,0.0,0.0,0.0,0.0,
20:33,0.0,0.0,0.0,0.0,0.0,0.0,0.0,
20:34,0.0,0.0,0.0,0.0,0.0,0.0,0.0,
20:35,0.0,0.0,0.0,0.0,0.0,0.0,0.0,
20:36,0.0,0.0,0.0,0.0,0.0,0.0,0.0,
20:37,0.0,0.0,0.0,0.0,0.0,0.0,0.0,
20:38,0.0,0.0,0.0,0.0,0.0,0.0,0.0,
20:39,0.0,0.0,0.0,0.0,0.0,0.0,0.0,
20:40,0.0,0.0,0.0,0.0,0.0,0.0,0.0,
20:41,0.0,0.0,0.0,0.0,0.0,0.0,0.0,
20:42,0.0,0.0,0.0,0.0,0.0,0.0,0.0,
20:43,0.0,0.0,0.0,0.0,0.0,0.0,0.0,
20:44,0.0,0.0,0.0,0.0,0.0,0.0,0.0,
20:45,0.0,0.0,0.0,0.0,0.0,0.0,0.0,
20:46,0.0,0.0,0.0,0.0,0.0,0.0,0.0,
20:47,0.0,0.0,0.0,0.0,0.0,0.0,0.0,
20:48,0.0,0.0,0.0,0.0,0.0,0.0,0.0,
20:49,0.0,0.0,0.0,0.0,0.0,0.0,0.0,
20:50,0.0,0.0,0.0,0.0,0.0,0.0,0.0,
20:51,0.0,0.0,0.0,0.0,0.0,0.0,0.0,
20:52,0.0,0.0,0.0,0.0,0.0,0.0,0.0,
20:53,0.0,0.0,0.0,0.0,0.0,0.0,0.0,
20:54,0.0,0.0,0.0,0.0,0.0,0.0,0.0,
20:55,0.0,0.0,0.0,0.0,0.0,0.0,0.0,
20:56,0.0,0.0,0.0,0.0,0.0,0.0,0.0,
20:57,0.0,0.0,0.0,0.0,0.0,0.0,0.0,
20:58,0.0,0.0,0.0,0.0,0.0,0.0,0.0,
20:59,0.0,0.0,0.0,0.0,0.0,0.0,0.0,
21:00,0.0,0.0,0.0,0.0,0.0,0.0,0.0,
21:01,0.0,0.0,0.0,0.0,0.0,0.0,0.0,
21:02,0.0,0.0,0.0,0.0,0.0,0.0,0.0,
21:03,0.0,0.0,0.0,0.0,0.0,0.0,0.0,
21:04,0.0,0.0,0.0,0.0,0.0,0.0,0.0,
21:05,0.0,0.0,0.0,0.0,0.0,0.0,0.0,
21:06,0.0,0.0,0.0,0.0,0.0,0.0,0.0,
21:07,0.0,0.0,0.0,0.0,0.0,0.0,0.0,
21:08,0.0,0.0,0.0,0.0,0.0,0.0,0.0,
21:09,0.0,0.0,0.0,0.0,0.0,0.0,0.0,
21:10,0.0,0.0,0.0,0.0,0.0,0.0,0.0,
21:11,0.0,0.0,0.0,0.0,0.0,0.0,0.0,
21:12,0.0,0.0,0.0,0.0,0.0,0.0,0.0,
21:13,0.0,0.0,0.0,0.0,0.0,0.0,0.0,
21:14,0.0,0.0,0.0,0.0,0.0,0.0,0.0,
21:15,0.0,0.0,0.0,0.0,0.0,0.0,0.0,
21:16,0.0,0.0,0.0,0.0,0.0,0.0,0.0,
21:17,0.0,0.0,0.0,0.0,0.0,0.0,0.0,
21:18,0.0,0.0,0.0,0.0,0.0,0.0,0.0,
21:19,0.0,0.0,0.0,0.0,0.0,0.0,0.0,
21:20,0.0,0.0,0.0,0.0,0.0,0.0,0.0,
21:21,0.0,0.0,0.0,0.0,0.0,0.0,0.0,
21:22,0.0,0.0,0.0,0.0,0.0,0.0,0.0,
21:23,0.0,0.0,0.0,0.0,0.0,0.0,0.0,
21:24,0.0,0.0,0.0,0.0,0.0,0.0,0.0,
21:25,0.0,0.0,0.0,0.0,0.0,0.0,0.0,
21:26,0.0,0.0,0.0,0.0,0.0,0.0,0.0,
21:27,0.0,0.0,0.0,0.0,0.0,0.0,0.0,
21:28,0.0,0.0,0.0,0.0,0.0,0.0,0.0,
21:29,0.0,0.0,0.0,0.0,0.0,0.0,0.0,
21:30,0.0,0.0,0.0,0.0,0.0,0.0,0.0,
21:31,0.0,0.0,0.0,0.0,0.0,0.0,0.0,
21:32,0.0,0.0,0.0,0.0,0.0,0.0,0.0,
21:33,0.0,0.0,0.0,0.0,0.0,0.0,0.0,
21:34,0.0,0.0,0.0,0.0,0.0,0.0,0.0,
21:35,0.0,0.0,0.0,0.0,0.0,0.0,0.0,
21:36,0.0,0.0,0.0,0.0,0.0,0.0,0.0,
21:37,0.0,0.0,0.0,0.0,0.0,0.0,0.0,
21:38,0.0,0.0,0.0,0.0,0.0,0.0,0.0,
21:39,0.0,0.0,0.0,0.0,0.0,0.0,0.0,
21:40,0.0,0.0,0.0,0.0,0.0,0.0,0.0,
21:41,0.0,0.0,0.0,0.0,0.0,0.0,0.0,
21:42,0.0,0.0,0.0,0.0,0.0,0.0,0.0,
21:43,0.0,0.0,0.0,0.0,0.0,0.0,0.0,
21:44,0.0,0.0,0.0,0.0,0.0,0.0,0.0,
21:45,0.0,0.0,0.0,0.0,0.0,0.0,0.0,
21:46,0.0,0.0,0.0,0.0,0.0,0.0,0.0,
21:47,0.0,0.0,0.0,0.0,0.0,0.0,0.0,
21:48,0.0,0.0,0.0,0.0,0.0,0.0,0.0,
21:49,0.0,0.0,0.0,0.0,0.0,0.0,0.0,
21:50,0.0,0.0,0.0,0.0,0.0,0.0,0.0,
21:51,0.0,0.0,0.0,0.0,0.0,0.0,0.0,
21:52,0.0,0.0,0.0,0.0,0.0,0.0,0.0,
21:53,0.0,0.0,0.0,0.0,0.0,0.0,0.0,
21:54,0.0,0.0,0.0,0.0,0.0,0.0,0.0,
21:55,0.0,0.0,0.0,0.0,0.0,0.0,0.0,
21:56,0.0,0.0,0.0,0.0,0.0,0.0,0.0,
21:57,0.0,0.0,0.0,0.0,0.0,0.0,0.0,
21:58,0.0,0.0,0.0,0.0,0.0,0.0,0.0,
21:59,0.0,0.0,0.0,0.0,0.0,0.0,0.0,
22:00,0.0,0.0,0.0,0.0,0.0,0.0,0.0,
22:01,0.0,0.0,0.0,0.0,0.0,0.0,0.0,
22:02,0.0,0.0,0.0,0.0,0.0,0.0,0.0,
22:03,0.0,0.0,0.0,0.0,0.0,0.0,0.0,
22:04,0.0,0.0,0.0,0.0,0.0,0.0,0.0,
22:05,0.0,0.0,0.0,0.0,0.0,0.0,0.0,
22:06,0.0,0.0,0.0,0.0,0.0,0.0,0.0,
22:07,0.0,0.0,0.0,0.0,0.0,0.0,0.0,
22:08,0.0,0.0,0.0,0.0,0.0,0.0,0.0,
22:09,0.0,0.0,0.0,0.0,0.0,0.0,0.0,
22:10,0.0,0.0,0.0,0.0,0.0,0.0,0.0,
22:11,0.0,0.0,0.0,0.0,0.0,0.0,0.0,
22:12,0.0,0.0,0.0,0.0,0.0,0.0,0.0,
22:13,0.0,0.0,0.0,0.0,0.0,0.0,0.0,
22:14,0.0,0.0,0.0,0.0,0.0,0.0,0.0,
22:15,0.0,0.0,0.0,0.0,0.0,0.0,0.0,
22:16,0.0,0.0,0.0,0.0,0.0,0.0,0.0,
22:17,0.0,0.0,0.0,0.0,0.0,0.0,0.0,
22:18,0.0,0.0,0.0,0.0,0.0,0.0,0.0,
22:19,0.0,0.0,0.0,0.0,0.0,0.0,0.0,
22:20,0.0,0.0,0.0,0.0,0.0,0.0,0.0,
22:21,0.0,0.0,0.0,0.0,0.0,0.0,0.0,
22:22,0.0,0.0,0.0,0.0,0.0,0.0,0.0,
22:23,0.0,0.0,0.0,0.0,0.0,0.0,0.0,
22:24,0.0,0.0,0.0,0.0,0.0,0.0,0.0,
22:25,0.0,0.0,0.0,0.0,0.0,0.0,0.0,
22:26,0.0,0.0,0.0,0.0,0.0,0.0,0.0,
22:27,0.0,0.0,0.0,0.0,0.0,0.0,0.0,
22:28,0.0,0.0,0.0,0.0,0.0,0.0,0.0,
22:29,0.0,0.0,0.0,0.0,0.0,0.0,0.0,
22:30,0.0,0.0,0.0,0.0,0.0,0.0,0.0,
22:31,0.0,0.0,0.0,0.0,0.0,0.0,0.0,
22:32,0.0,0.0,0.0,0.0,0.0,0.0,0.0,
22:33,0.0,0.0,0.0,0.0,0.0,0.0,0.0,
22:34,0.0,0.0,0.0,0.0,0.0,0.0,0.0,
22:35,0.0,0.0,0.0,0.0,0.0,0.0,0.0,
22:36,0.0,0.0,0.0,0.0,0.0,0.0,0.0,
22:37,0.0,0.0,0.0,0.0,0.0,0.0,0.0,
22:38,0.0,0.0,0.0,0.0,0.0,0.0,0.0,
22:39,0.0,0.0,0.0,0.0,0.0,0.0,0.0,
22:40,0.0,0.0,0.0,0.0,0.0,0.0,0.0,
22:41,0.0,0.0,0.0,0.0,0.0,0.0,0.0,
22:42,0.0,0.0,0.0,0.0,0.0,0.0,0.0,
22:43,0.0,0.0,0.0,0.0,0.0,0.0,0.0,
22:44,0.0,0.0,0.0,0.0,0.0,0.0,0.0,
22:45,0.0,0.0,0.0,0.0,0.0,0.0,0.0,
22:46,0.0,0.0,0.0,0.0,0.0,0.0,0.0,
22:47,0.0,0.0,0.0,0.0,0.0,0.0,0.0,
22:48,0.0,0.0,0.0,0.0,0.0,0.0,0.0,
22:49,0.0,0.0,0.0,0.0,0.0,0.0,0.0,
22:50,0.0,0.0,0.0,0.0,0.0,0.0,0.0,
22:51,0.0,0.0,0.0,0.0,0.0,0.0,0.0,
22:52,0.0,0.0,0.0,0.0,0.0,0.0,0.0,
22:53,0.0,0.0,0.0,0.0,0.0,0.0,0.0,
22:54,0.0,0.0,0.0,0.0,0.0,0.0,0.0,
22:55,0.0,0.0,0.0,0.0,0.0,0.0,0.0,
22:56,0.0,0.0,0.0,0.0,0.0,0.0,0.0,
22:57,0.0,0.0,0.0,0.0,0.0,0.0,0.0,
22:58,0.0,0.0,0.0,0.0,0.0,0.0,0.0,
22:59,0.0,0.0,0.0,0.0,0.0,0.0,0.0,
23:00,0.0,0.0,0.0,0.0,0.0,0.0,0.0,
23:01,0.0,0.0,0.0,0.0,0.0,0.0,0.0,
23:02,0.0,0.0,0.0,0.0,0.0,0.0,0.0,
23:03,0.0,0.0,0.0,0.0,0.0,0.0,0.0,
23:04,0.0,0.0,0.0,0.0,0.0,0.0,0.0,
23:05,0.0,0.0,0.0,0.0,0.0,0.0,0.0,
23:06,0.0,0.0,0.0,0.0,0.0,0.0,0.0,
23:07,0.0,0.0,0.0,0.0,0.0,0.0,0.0,
23:08,0.0,0.0,0.0,0.0,0.0,0.0,0.0,
23:09,0.0,0.0,0.0,0.0,0.0,0.0,0.0,
23:10,0.0,0.0,0.0,0.0,0.0,0.0,0.0,
23:11,0.0,0.0,0.0,0.0,0.0,0.0,0.0,
23:12,0.0,0.0,0.0,0.0,0.0,0.0,0.0,
23:13,0.0,0.0,0.0,0.0,0.0,0.0,0.0,
23:14,0.0,0.0,0.0,0.0,0.0,0.0,0.0,
23:15,0.0,0.0,0.0,0.0,0.0,0.0,0.0,
23:16,0.0,0.0,0.0,0.0,0.0,0.0,0.0,
23:17,0.0,0.0,0.0,0.0,0.0,0.0,0.0,
23:18,0.0,0.0,0.0,0.0,0.0,0.0,0.0,
23:19,0.0,0.0,0.0,0.0,0.0,0.0,0.0,
23:20,0.0,0.0,0.0,0.0,0.0,0.0,0.0,
23:21,0.0,0.0,0.0,0.0,0.0,0.0,0.0,
23:22,0.0,0.0,0.0,0.0,0.0,0.0,0.0,
23:23,0.0,0.0,0.0,0.0,0.0,0.0,0.0,
23:24,0.0,0.0,0.0,0.0,0.0,0.0,0.0,
23:25,0.0,0.0,0.0,0.0,0.0,0.0,0.0,
23:26,0.0,0.0,0.0,0.0,0.0,0.0,0.0,
23:27,0.0,0.0,0.0,0.0,0.0,0.0,0.0,
23:28,0.0,0.0,0.0,0.0,0.0,0.0,0.0,
23:29,0.0,0.0,0.0,0.0,0.0,0.0,0.0,
23:30,0.0,0.0,0.0,0.0,0.0,0.0,0.0,
23:31,0.0,0.0,0.0,0.0,0.0,0.0,0.0,
23:32,0.0,0.0,0.0,0.0,0.0,0.0,0.0,
23:33,0.0,0.0,0.0,0.0,0.0,0.0,0.0,
23:34,0.0,0.0,0.0,0.0,0.0,0.0,0.0,
23:35,0.0,0.0,0.0,0.0,0.0,0.0,0.0,
23:36,0.0,0.0,0.0,0.0,0.0,0.0,0.0,
23:37,0.0,0.0,0.0,0.0,0.0,0.0,0.0,
23:38,0.0,0.0,0.0,0.0,0.0,0.0,0.0,
23:39,0.0,0.0,0.0,0.0,0.0,0.0,0.0,
23:40,0.0,0.0,0.0,0.0,0.0,0.0,0.0,
23:41,0.0,0.0,0.0,0.0,0.0,0.0,0.0,
23:42,0.0,0.0,0.0,0.0,0.0,0.0,0.0,
23:43,0.0,0.0,0.0,0.0,0.0,0.0,0.0,
23:44,0.0,0.0,0.0,0.0,0.0,0.0,0.0,
23:45,0.0,0.0,0.0,0.0,0.0,0.0,0.0,
23:46,0.0,0.0,0.0,0.0,0.0,0.0,0.0,
23:47,0.0,0.0,0.0,0.0,0.0,0.0,0.0,
23:48,0.0,0.0,0.0,0.0,0.0,0.0,0.0,
23:49,0.0,0.0,0.0,0.0,0.0,0.0,0.0,
23:50,0.0,0.0,0.0,0.0,0.0,0.0,0.0,
23:51,0.0,0.0,0.0,0.0,0.0,0.0,0.0,
23:52,0.0,0.0,0.0,0.0,0.0,0.0,0.0,
23:53,0.0,0.0,0.0,0.0,0.0,0.0,0.0,
23:54,0.0,0.0,0.0,0.0,0.0,0.0,0.0,
23:55,0.0,0.0,0.0,0.0,0.0,0.0,0.0,
23:56,0.0,0.0,0.0,0.0,0.0,0.0,0.0,
23:57,0.0,0.0,0.0,0.0,0.0,0.0,0.0,
23:58,0.0,0.0,0.0,0.0,0.0,0.0,0.0,
23:59,0.0,0.0,0.0,0.0,0.0,0.0,0.0,
