minute_local,2025-03-24,2025-03-25,2025-09-29,2025-09-30,2025-10-01,2025-10-02,2025-10-03,2025-10-04,2025-10-05,2025-10-06,2025-10-07,2025-10-08,2025-10-09
00:00,,,0.0,0.0,0.0,0.0,0.0,0.0,0.0,0.0,-0.001,-0.001,-0.001
00:01,,,0.0,0.0,0.0,0.0,0.0,0.0,0.0,0.0,-0.001,-0.001,-0.001
00:02,,,0.0,0.0,0.0,0.0,0.0,0.0,0.0,0.0,-0.001,-0.001,-0.001
00:03,,,0.0,0.0,0.0,0.0,0.0,0.0,0.0,0.0,-0.001,-0.001,-0.001
00:04,,,0.0,0.0,0.0,0.0,0.0,0.0,0.0,0.0,-0.001,-0.001,-0.001
00:05,,,0.0,0.0,0.0,0.0,0.0,0.0,0.0,0.0,-0.001,-0.001,-0.001
00:06,,,0.0,0.0,0.0,0.0,0.0,0.0,0.0,0.0,-0.001,-0.001,-0.001
00:07,,,0.0,0.0,0.0,0.0,0.0,0.0,0.0,0.0,-0.001,-0.001,-0.001
00:08,,,0.0,0.0,0.0,0.0,0.0,0.0,0.0,0.0,-0.001,-0.001,-0.001
00:09,,,0.0,0.0,0.0,0.0,0.0,0.0,0.0,0.0,-0.001,-0.001,-0.001
00:10,,,0.0,0.0,0.0,0.0,0.0,0.0,0.0,0.0,-0.001,-0.001,-0.001
00:11,,,0.0,0.0,0.0,0.0,0.0,0.0,0.0,0.0,-0.001,-0.001,-0.001
00:12,,,0.0,0.0,0.0,0.0,0.0,0.0,0.0,0.0,-0.001,-0.001,-0.001
00:13,,,0.0,0.0,0.0,0.0,0.0,0.0,0.0,0.0,-0.001,-0.001,-0.001
00:14,,,0.0,0.0,0.0,0.0,0.0,0.0,0.0,0.0,-0.001,-0.001,-0.001
00:15,,,0.0,0.0,0.0,0.0,0.0,0.0,0.0,0.0,-0.001,-0.001,-0.001
00:16,,,0.0,0.0,0.0,0.0,0.0,0.0,0.0,0.0,-0.001,-0.001,-0.001
00:17,,,0.0,0.0,0.0,0.0,0.0,0.0,0.0,0.0,-0.001,-0.001,-0.001
00:18,,,0.0,0.0,0.0,0.0,0.0,0.0,0.0,0.0,-0.001,-0.001,-0.001
00:19,,,0.0,0.0,0.0,0.0,0.0,0.0,0.0,0.0,-0.001,-0.001,-0.001
00:20,,,0.0,0.0,0.0,0.0,0.0,0.0,0.0,0.0,-0.001,-0.001,-0.001
00:21,,,0.0,0.0,0.0,0.0,0.0,0.0,0.0,0.0,-0.001,-0.001,-0.001
00:22,,,0.0,0.0,0.0,0.0,0.0,0.0,0.0,0.0,-0.001,-0.001,-0.001
00:23,,,0.0,0.0,0.0,0.0,0.0,0.0,0.0,0.0,-0.001,-0.001,-0.001
00:24,,,0.0,0.0,0.0,0.0,0.0,0.0,0.0,0.0,-0.001,-0.001,-0.001
00:25,,,0.0,0.0,0.0,0.0,0.0,0.0,0.0,0.0,-0.001,-0.001,-0.001
00:26,,,0.0,0.0,0.0,0.0,0.0,0.0,0.0,0.0,-0.001,-0.001,-0.001
00:27,,,0.0,0.0,0.0,0.0,0.0,0.0,0.0,0.0,-0.001,-0.001,-0.001
00:28,,,0.0,0.0,0.0,0.0,0.0,0.0,0.0,0.0,-0.001,-0.001,-0.001
00:29,,,0.0,0.0,0.0,0.0,0.0,0.0,0.0,0.0,-0.001,-0.001,-0.001
00:30,,,0.0,0.0,0.0,0.0,0.0,0.0,0.0,0.0,-0.001,-0.001,-0.001
00:31,,,0.0,0.0,0.0,0.0,0.0,0.0,0.0,0.0,-0.001,-0.001,-0.001
00:32,,,0.0,0.0,0.0,0.0,0.0,0.0,0.0,0.0,-0.001,-0.001,-0.001
00:33,,,0.0,0.0,0.0,0.0,0.0,0.0,0.0,0.0,-0.001,-0.001,-0.001
00:34,,,0.0,0.0,0.0,0.0,0.0,0.0,0.0,0.0,-0.001,-0.001,-0.001
00:35,,,0.0,0.0,0.0,0.0,0.0,0.0,0.0,0.0,-0.001,-0.001,-0.001
00:36,,,0.0,0.0,0.0,0.0,0.0,0.0,0.0,0.0,-0.001,-0.001,-0.001
00:37,,,0.0,0.0,0.0,0.0,0.0,0.0,0.0,0.0,-0.001,-0.001,-0.001
00:38,,,0.0,0.0,0.0,0.0,0.0,0.0,0.0,0.0,-0.001,-0.001,-0.001
00:39,,,0.0,0.0,0.0,0.0,0.0,0.0,0.0,0.0,-0.001,-0.001,-0.001
00:40,,,0.0,0.0,0.0,0.0,0.0,0.0,0.0,0.0,-0.001,-0.001,-0.001
00:41,,,0.0,0.0,0.0,0.0,0.0,0.0,0.0,0.0,-0.001,-0.001,-0.001
00:42,,,0.0,0.0,0.0,0.0,0.0,0.0,0.0,0.0,-0.001,-0.001,-0.001
00:43,,,0.0,0.0,0.0,0.0,0.0,0.0,0.0,0.0,-0.001,-0.001,-0.001
00:44,,,0.0,0.0,0.0,0.0,0.0,0.0,0.0,0.0,-0.001,-0.001,-0.001
00:45,,,0.0,0.0,0.0,0.0,0.0,0.0,0.0,0.0,-0.001,-0.001,-0.001
00:46,,,0.0,0.0,0.0,0.0,0.0,0.0,0.0,0.0,-0.001,-0.001,-0.001
00:47,,,0.0,0.0,0.0,0.0,0.0,0.0,0.0,0.0,-0.001,-0.001,-0.001
00:48,,,0.0,0.0,0.0,0.0,0.0,0.0,0.0,0.0,-0.001,-0.001,-0.001
00:49,,,0.0,0.0,0.0,0.0,0.0,0.0,0.0,0.0,-0.001,-0.001,-0.001
00:50,,,0.0,0.0,0.0,0.0,0.0,0.0,0.0,0.0,-0.001,-0.001,-0.001
00:51,,,0.0,0.0,0.0,0.0,0.0,0.0,0.0,0.0,-0.001,-0.001,-0.001
00:52,,,0.0,0.0,0.0,0.0,0.0,0.0,0.0,0.0,-0.001,-0.001,-0.001
00:53,,,0.0,0.0,0.0,0.0,0.0,0.0,0.0,0.0,-0.001,-0.001,-0.001
00:54,,,0.0,0.0,0.0,0.0,0.0,0.0,0.0,0.0,-0.001,-0.001,-0.001
00:55,,,0.0,0.0,0.0,0.0,0.0,0.0,0.0,0.0,-0.001,-0.001,-0.001
00:56,,,0.0,0.0,0.0,0.0,0.0,0.0,0.0,0.0,-0.001,-0.001,-0.001
00:57,,,0.0,0.0,0.0,0.0,0.0,0.0,0.0,0.0,-0.001,-0.001,-0.001
00:58,,,0.0,0.0,0.0,0.0,0.0,0.0,0.0,0.0,-0.001,-0.001,-0.001
00:59,,,0.0,0.0,0.0,0.0,0.0,0.0,0.0,0.0,-0.001,-0.001,-0.001
01:00,,,0.0,0.0,0.0,0.0,0.0,0.0,0.0,0.0,-0.001,-0.001,-0.001
01:01,,,0.0,0.0,0.0,0.0,0.0,0.0,0.0,0.0,-0.001,-0.001,-0.001
01:02,,,0.0,0.0,0.0,0.0,0.0,0.0,0.0,0.0,-0.001,-0.001,-0.001
01:03,,,0.0,0.0,0.0,0.0,0.0,0.0,0.0,0.0,-0.001,-0.001,-0.001
01:04,,,0.0,0.0,0.0,0.0,0.0,0.0,0.0,0.0,-0.001,-0.001,-0.001
01:05,,,0.0,0.0,0.0,0.0,0.0,0.0,0.0,0.0,-0.001,-0.001,-0.001
01:06,,,0.0,0.0,0.0,0.0,0.0,0.0,0.0,0.0,-0.001,-0.001,-0.001
01:07,,,0.0,0.0,0.0,0.0,0.0,0.0,0.0,0.0,-0.001,-0.001,-0.001
01:08,,,0.0,0.0,0.0,0.0,0.0,0.0,0.0,0.0,-0.001,-0.001,-0.001
01:09,,,0.0,0.0,0.0,0.0,0.0,0.0,0.0,0.0,-0.001,-0.001,-0.001
01:10,,,0.0,0.0,0.0,0.0,0.0,0.0,0.0,0.0,-0.001,-0.001,-0.001
01:11,,,0.0,0.0,0.0,0.0,0.0,0.0,0.0,0.0,-0.001,-0.001,-0.001
01:12,,,0.0,0.0,0.0,0.0,0.0,0.0,0.0,0.0,-0.001,-0.001,-0.001
01:13,,,0.0,0.0,0.0,0.0,0.0,0.0,0.0,0.0,-0.001,-0.001,-0.001
01:14,,,0.0,0.0,0.0,0.0,0.0,0.0,0.0,0.0,-0.001,-0.001,-0.001
01:15,,,0.0,0.0,0.0,0.0,0.0,0.0,0.0,0.0,-0.001,-0.001,-0.001
01:16,,,0.0,0.0,0.0,0.0,0.0,0.0,0.0,0.0,-0.001,-0.001,-0.001
01:17,,,0.0,0.0,0.0,0.0,0.0,0.0,0.0,0.0,-0.001,-0.001,-0.001
01:18,,,0.0,0.0,0.0,0.0,0.0,0.0,0.0,0.0,-0.001,-0.001,-0.001
01:19,,,0.0,0.0,0.0,0.0,0.0,0.0,0.0,0.0,-0.001,-0.001,-0.001
01:20,,,0.0,0.0,0.0,0.0,0.0,0.0,0.0,0.0,-0.001,-0.001,-0.001
01:21,,,0.0,0.0,0.0,0.0,0.0,0.0,0.0,0.0,-0.001,-0.001,-0.001
01:22,,,0.0,0.0,0.0,0.0,0.0,0.0,0.0,0.0,-0.001,-0.001,-0.001
01:23,,,0.0,0.0,0.0,0.0,0.0,0.0,0.0,0.0,-0.001,-0.001,-0.001
01:24,,,0.0,0.0,0.0,0.0,0.0,0.0,0.0,0.0,-0.001,-0.001,-0.001
01:25,,,0.0,0.0,0.0,0.0,0.0,0.0,0.0,0.0,-0.001,-0.001,-0.001
01:26,,,0.0,0.0,0.0,0.0,0.0,0.0,0.0,0.0,-0.001,-0.001,-0.001
01:27,,,0.0,0.0,0.0,0.0,0.0,0.0,0.0,0.0,-0.001,-0.001,-0.001
01:28,,,0.0,0.0,0.0,0.0,0.0,0.0,0.0,0.0,-0.001,-0.001,-0.001
01:29,,,0.0,0.0,0.0,0.0,0.0,0.0,0.0,0.0,-0.001,-0.001,-0.001
01:30,,,0.0,0.0,0.0,0.0,0.0,0.0,0.0,0.0,-0.001,-0.001,-0.001
01:31,,,0.0,0.0,0.0,0.0,0.0,0.0,0.0,0.0,-0.001,-0.001,-0.001
01:32,,,0.0,0.0,0.0,0.0,0.0,0.0,0.0,0.0,-0.001,-0.001,-0.001
01:33,,,0.0,0.0,0.0,0.0,0.0,0.0,0.0,0.0,-0.001,-0.001,-0.001
01:34,,,0.0,0.0,0.0,0.0,0.0,0.0,0.0,0.0,-0.001,-0.001,-0.001
01:35,,,0.0,0.0,0.0,0.0,0.0,0.0,0.0,0.0,-0.001,-0.001,-0.001
01:36,,,0.0,0.0,0.0,0.0,0.0,0.0,0.0,0.0,-0.001,-0.001,-0.001
01:37,,,0.0,0.0,0.0,0.0,0.0,0.0,0.0,0.0,-0.001,-0.001,-0.001
01:38,,,0.0,0.0,0.0,0.0,0.0,0.0,0.0,0.0,-0.001,-0.001,-0.001
01:39,,,0.0,0.0,0.0,0.0,0.0,0.0,0.0,0.0,-0.001,-0.001,-0.001
01:40,,,0.0,0.0,0.0,0.0,0.0,0.0,0.0,0.0,-0.001,-0.001,-0.001
01:41,,,0.0,0.0,0.0,0.0,0.0,0.0,0.0,0.0,-0.001,-0.001,-0.001
01:42,,,0.0,0.0,0.0,0.0,0.0,0.0,0.0,0.0,-0.001,-0.001,-0.001
01:43,,,0.0,0.0,0.0,0.0,0.0,0.0,0.0,0.0,-0.001,-0.001,-0.001
01:44,,,0.0,0.0,0.0,0.0,0.0,0.0,0.0,0.0,-0.001,-0.001,-0.001
01:45,,,0.0,0.0,0.0,0.0,0.0,0.0,0.0,0.0,-0.001,-0.001,-0.001
01:46,,,0.0,0.0,0.0,0.0,0.0,0.0,0.0,0.0,-0.001,-0.001,-0.001
01:47,,,0.0,0.0,0.0,0.0,0.0,0.0,0.0,0.0,-0.001,-0.001,-0.001
01:48,,,0.0,0.0,0.0,0.0,0.0,0.0,0.0,0.0,-0.001,-0.001,-0.001
01:49,,,0.0,0.0,0.0,0.0,0.0,0.0,0.0,0.0,-0.001,-0.001,-0.001
01:50,,,0.0,0.0,0.0,0.0,0.0,0.0,0.0,0.0,-0.001,-0.001,-0.001
01:51,,,0.0,0.0,0.0,0.0,0.0,0.0,0.0,0.0,-0.001,-0.001,-0.001
01:52,,,0.0,0.0,0.0,0.0,0.0,0.0,0.0,0.0,-0.001,-0.001,-0.001
01:53,,,0.0,0.0,0.0,0.0,0.0,0.0,0.0,0.0,-0.001,-0.001,-0.001
01:54,,,0.0,0.0,0.0,0.0,0.0,0.0,0.0,0.0,-0.001,-0.001,-0.001
01:55,,,0.0,0.0,0.0,0.0,0.0,0.0,0.0,0.0,-0.001,-0.001,-0.001
01:56,,,0.0,0.0,0.0,0.0,0.0,0.0,0.0,0.0,-0.001,-0.001,-0.001
01:57,,,0.0,0.0,0.0,0.0,0.0,0.0,0.0,0.0,-0.001,-0.001,-0.001
01:58,,,0.0,0.0,0.0,0.0,0.0,0.0,0.0,0.0,-0.001,-0.001,-0.001
01:59,,,0.0,0.0,0.0,0.0,0.0,0.0,0.0,0.0,-0.001,-0.001,-0.001
02:00,,,0.0,0.0,0.0,0.0,0.0,0.0,0.0,0.0,-0.001,-0.001,-0.001
02:01,,,0.0,0.0,0.0,0.0,0.0,0.0,0.0,0.0,-0.001,-0.001,-0.001
02:02,,,0.0,0.0,0.0,0.0,0.0,0.0,0.0,0.0,-0.001,-0.001,-0.001
02:03,,,0.0,0.0,0.0,0.0,0.0,0.0,0.0,0.0,-0.001,-0.001,-0.001
02:04,,,0.0,0.0,0.0,0.0,0.0,0.0,0.0,0.0,-0.001,-0.001,-0.001
02:05,,,0.0,0.0,0.0,0.0,0.0,0.0,0.0,0.0,-0.001,-0.001,-0.001
02:06,,,0.0,0.0,0.0,0.0,0.0,0.0,0.0,0.0,-0.001,-0.001,-0.001
02:07,,,0.0,0.0,0.0,0.0,0.0,0.0,0.0,0.0,-0.001,-0.001,-0.001
02:08,,,0.0,0.0,0.0,0.0,0.0,0.0,0.0,0.0,-0.001,-0.001,-0.001
02:09,,,0.0,0.0,0.0,0.0,0.0,0.0,0.0,0.0,-0.001,-0.001,-0.001
02:10,,,0.0,0.0,0.0,0.0,0.0,0.0,0.0,0.0,-0.001,-0.001,-0.001
02:11,,,0.0,0.0,0.0,0.0,0.0,0.0,0.0,0.0,-0.001,-0.001,-0.001
02:12,,,0.0,0.0,0.0,0.0,0.0,0.0,0.0,0.0,-0.001,-0.001,-0.001
02:13,,,0.0,0.0,0.0,0.0,0.0,0.0,0.0,0.0,-0.001,-0.001,-0.001
02:14,,,0.0,0.0,0.0,0.0,0.0,0.0,0.0,0.0,-0.001,-0.001,-0.001
02:15,,,0.0,0.0,0.0,0.0,0.0,0.0,0.0,0.0,-0.001,-0.001,-0.001
02:16,,,0.0,0.0,0.0,0.0,0.0,0.0,0.0,0.0,-0.001,-0.001,-0.001
02:17,,,0.0,0.0,0.0,0.0,0.0,0.0,0.0,0.0,-0.001,-0.001,-0.001
02:18,,,0.0,0.0,0.0,0.0,0.0,0.0,0.0,0.0,-0.001,-0.001,-0.001
02:19,,,0.0,0.0,0.0,0.0,0.0,0.0,0.0,0.0,-0.001,-0.001,-0.001
02:20,,,0.0,0.0,0.0,0.0,0.0,0.0,0.0,0.0,-0.001,-0.001,-0.001
02:21,,,0.0,0.0,0.0,0.0,0.0,0.0,0.0,0.0,-0.001,-0.001,-0.001
02:22,,,0.0,0.0,0.0,0.0,0.0,0.0,0.0,0.0,-0.001,-0.001,-0.001
02:23,,,0.0,0.0,0.0,0.0,0.0,0.0,0.0,0.0,-0.001,-0.001,-0.001
02:24,,,0.0,0.0,0.0,0.0,0.0,0.0,0.0,0.0,-0.001,-0.001,-0.001
02:25,,,0.0,0.0,0.0,0.0,0.0,0.0,0.0,0.0,-0.001,-0.001,-0.001
02:26,,,0.0,0.0,0.0,0.0,0.0,0.0,0.0,0.0,-0.001,-0.001,-0.001
02:27,,,0.0,0.0,0.0,0.0,0.0,0.0,0.0,0.0,-0.001,-0.001,-0.001
02:28,,,0.0,0.0,0.0,0.0,0.0,0.0,0.0,0.0,-0.001,-0.001,-0.001
02:29,,,0.0,0.0,0.0,0.0,0.0,0.0,0.0,0.0,-0.001,-0.001,-0.001
02:30,,,0.0,0.0,0.0,0.0,0.0,0.0,0.0,0.0,-0.001,-0.001,-0.001
02:31,,,0.0,0.0,0.0,0.0,0.0,0.0,0.0,0.0,-0.001,-0.001,-0.001
02:32,,,0.0,0.0,0.0,0.0,0.0,0.0,0.0,0.0,-0.001,-0.001,-0.001
02:33,,,0.0,0.0,0.0,0.0,0.0,0.0,0.0,0.0,-0.001,-0.001,-0.001
02:34,,,0.0,0.0,0.0,0.0,0.0,0.0,0.0,0.0,-0.001,-0.001,-0.001
02:35,,,0.0,0.0,0.0,0.0,0.0,0.0,0.0,0.0,-0.001,-0.001,-0.001
02:36,,,0.0,0.0,0.0,0.0,0.0,0.0,0.0,0.0,-0.001,-0.001,-0.001
02:37,,,0.0,0.0,0.0,0.0,0.0,0.0,0.0,0.0,-0.001,-0.001,-0.001
02:38,,,0.0,0.0,0.0,0.0,0.0,0.0,0.0,0.0,-0.001,-0.001,-0.001
02:39,,,0.0,0.0,0.0,0.0,0.0,0.0,0.0,0.0,-0.001,-0.001,-0.001
02:40,,,0.0,0.0,0.0,0.0,0.0,0.0,0.0,0.0,-0.001,-0.001,-0.001
02:41,,,0.0,0.0,0.0,0.0,0.0,0.0,0.0,0.0,-0.001,-0.001,-0.001
02:42,,,0.0,0.0,0.0,0.0,0.0,0.0,0.0,0.0,-0.001,-0.001,-0.001
02:43,,,0.0,0.0,0.0,0.0,0.0,0.0,0.0,0.0,-0.001,-0.001,-0.001
02:44,,,0.0,0.0,0.0,0.0,0.0,0.0,0.0,0.0,-0.001,-0.001,-0.001
02:45,,,0.0,0.0,0.0,0.0,0.0,0.0,0.0,0.0,-0.001,-0.001,-0.001
02:46,,,0.0,0.0,0.0,0.0,0.0,0.0,0.0,0.0,-0.001,-0.001,-0.001
02:47,,,0.0,0.0,0.0,0.0,0.0,0.0,0.0,0.0,-0.001,-0.001,-0.001
02:48,,,0.0,0.0,0.0,0.0,0.0,0.0,0.0,0.0,-0.001,-0.001,-0.001
02:49,,,0.0,0.0,0.0,0.0,0.0,0.0,0.0,0.0,-0.001,-0.001,-0.001
02:50,,,0.0,0.0,0.0,0.0,0.0,0.0,0.0,0.0,-0.001,-0.001,-0.001
02:51,,,0.0,0.0,0.0,0.0,0.0,0.0,0.0,0.0,-0.001,-0.001,-0.001
02:52,,,0.0,0.0,0.0,0.0,0.0,0.0,0.0,0.0,-0.001,-0.001,-0.001
02:53,,,0.0,0.0,0.0,0.0,0.0,0.0,0.0,0.0,-0.001,-0.001,-0.001
02:54,,,0.0,0.0,0.0,0.0,0.0,0.0,0.0,0.0,-0.001,-0.001,-0.001
02:55,,,0.0,0.0,0.0,0.0,0.0,0.0,0.0,0.0,-0.001,-0.001,-0.001
02:56,,,0.0,0.0,0.0,0.0,0.0,0.0,0.0,0.0,-0.001,-0.001,-0.001
02:57,,,0.0,0.0,0.0,0.0,0.0,0.0,0.0,0.0,-0.001,-0.001,-0.001
02:58,,,0.0,0.0,0.0,0.0,0.0,0.0,0.0,0.0,-0.001,-0.001,-0.001
02:59,,,0.0,0.0,0.0,0.0,0.0,0.0,0.0,0.0,-0.001,-0.001,-0.001
03:00,,,0.0,0.0,0.0,0.0,0.0,0.0,0.0,0.0,-0.001,-0.001,-0.001
03:01,,,0.0,0.0,0.0,0.0,0.0,0.0,0.0,0.0,-0.001,-0.001,-0.001
03:02,,,0.0,0.0,0.0,0.0,0.0,0.0,0.0,0.0,-0.001,-0.001,-0.001
03:03,,,0.0,0.0,0.0,0.0,0.0,0.0,0.0,0.0,-0.001,-0.001,-0.001
03:04,,,0.0,0.0,0.0,0.0,0.0,0.0,0.0,0.0,-0.001,-0.001,-0.001
03:05,,,0.0,0.0,0.0,0.0,0.0,0.0,0.0,0.0,-0.001,-0.001,-0.001
03:06,,,0.0,0.0,0.0,0.0,0.0,0.0,0.0,0.0,-0.001,-0.001,-0.001
03:07,,,0.0,0.0,0.0,0.0,0.0,0.0,0.0,0.0,-0.001,-0.001,-0.001
03:08,,,0.0,0.0,0.0,0.0,0.0,0.0,0.0,0.0,-0.001,-0.001,-0.001
03:09,,,0.0,0.0,0.0,0.0,0.0,0.0,0.0,0.0,-0.001,-0.001,-0.001
03:10,,,0.0,0.0,0.0,0.0,0.0,0.0,0.0,0.0,-0.001,-0.001,-0.001
03:11,,,0.0,0.0,0.0,0.0,0.0,0.0,0.0,0.0,-0.001,-0.001,-0.001
03:12,,,0.0,0.0,0.0,0.0,0.0,0.0,0.0,0.0,-0.001,-0.001,-0.001
03:13,,,0.0,0.0,0.0,0.0,0.0,0.0,0.0,0.0,-0.001,-0.001,-0.001
03:14,,,0.0,0.0,0.0,0.0,0.0,0.0,0.0,0.0,-0.001,-0.001,-0.001
03:15,,,0.0,0.0,0.0,0.0,0.0,0.0,0.0,0.0,-0.001,-0.001,-0.001
03:16,,,0.0,0.0,0.0,0.0,0.0,0.0,0.0,0.0,-0.001,-0.001,-0.001
03:17,,,0.0,0.0,0.0,0.0,0.0,0.0,0.0,0.0,-0.001,-0.001,-0.001
03:18,,,0.0,0.0,0.0,0.0,0.0,0.0,0.0,0.0,-0.001,-0.001,-0.001
03:19,,,0.0,0.0,0.0,0.0,0.0,0.0,0.0,0.0,-0.001,-0.001,-0.001
03:20,,,0.0,0.0,0.0,0.0,0.0,0.0,0.0,0.0,-0.001,-0.001,-0.001
03:21,,,0.0,0.0,0.0,0.0,0.0,0.0,0.0,0.0,-0.001,-0.001,-0.001
03:22,,,0.0,0.0,0.0,0.0,0.0,0.0,0.0,0.0,-0.001,-0.001,-0.001
03:23,,,0.0,0.0,0.0,0.0,0.0,0.0,0.0,0.0,-0.001,-0.001,-0.001
03:24,,,0.0,0.0,0.0,0.0,0.0,0.0,0.0,0.0,-0.001,-0.001,-0.001
03:25,,,0.0,0.0,0.0,0.0,0.0,0.0,0.0,0.0,-0.001,-0.001,-0.001
03:26,,,0.0,0.0,0.0,0.0,0.0,0.0,0.0,0.0,-0.001,-0.001,-0.001
03:27,,,0.0,0.0,0.0,0.0,0.0,0.0,0.0,0.0,-0.001,-0.001,-0.001
03:28,,,0.0,0.0,0.0,0.0,0.0,0.0,0.0,0.0,-0.001,-0.001,-0.001
03:29,,,0.0,0.0,0.0,0.0,0.0,0.0,0.0,0.0,-0.001,-0.001,-0.001
03:30,,,0.0,0.0,0.0,0.0,0.0,0.0,0.0,0.0,-0.001,-0.001,-0.001
03:31,,,0.0,0.0,0.0,0.0,0.0,0.0,0.0,0.0,-0.001,-0.001,-0.001
03:32,,,0.0,0.0,0.0,0.0,0.0,0.0,0.0,0.0,-0.001,-0.001,-0.001
03:33,,,0.0,0.0,0.0,0.0,0.0,0.0,0.0,0.0,-0.001,-0.001,-0.001
03:34,,,0.0,0.0,0.0,0.0,0.0,0.0,0.0,0.0,-0.001,-0.001,-0.001
03:35,,,0.0,0.0,0.0,0.0,0.0,0.0,0.0,0.0,-0.001,-0.001,-0.001
03:36,,,0.0,0.0,0.0,0.0,0.0,0.0,0.0,0.0,-0.001,-0.001,-0.001
03:37,,,0.0,0.0,0.0,0.0,0.0,0.0,0.0,0.0,-0.001,-0.001,-0.001
03:38,,,0.0,0.0,0.0,0.0,0.0,0.0,0.0,0.0,-0.001,-0.001,-0.001
03:39,,,0.0,0.0,0.0,0.0,0.0,0.0,0.0,0.0,-0.001,-0.001,-0.001
03:40,,,0.0,0.0,0.0,0.0,0.0,0.0,0.0,0.0,-0.001,-0.001,-0.001
03:41,,,0.0,0.0,0.0,0.0,0.0,0.0,0.0,0.0,-0.001,-0.001,-0.001
03:42,,,0.0,0.0,0.0,0.0,0.0,0.0,0.0,0.0,-0.001,-0.001,-0.001
03:43,,,0.0,0.0,0.0,0.0,0.0,0.0,0.0,0.0,-0.001,-0.001,-0.001
03:44,,,0.0,0.0,0.0,0.0,0.0,0.0,0.0,0.0,-0.001,-0.001,-0.001
03:45,,,0.0,0.0,0.0,0.0,0.0,0.0,0.0,0.0,-0.001,-0.001,-0.001
03:46,,,0.0,0.0,0.0,0.0,0.0,0.0,0.0,0.0,-0.001,-0.001,-0.001
03:47,,,0.0,0.0,0.0,0.0,0.0,0.0,0.0,0.0,-0.001,-0.001,-0.001
03:48,,,0.0,0.0,0.0,0.0,0.0,0.0,0.0,0.0,-0.001,-0.001,-0.001
03:49,,,0.0,0.0,0.0,0.0,0.0,0.0,0.0,0.0,-0.001,-0.001,-0.001
03:50,,,0.0,0.0,0.0,0.0,0.0,0.0,0.0,0.0,-0.001,-0.001,-0.001
03:51,,,0.0,0.0,0.0,0.0,0.0,0.0,0.0,0.0,-0.001,-0.001,-0.001
03:52,,,0.0,0.0,0.0,0.0,0.0,0.0,0.0,0.0,-0.001,-0.001,-0.001
03:53,,,0.0,0.0,0.0,0.0,0.0,0.0,0.0,0.0,-0.001,-0.001,-0.001
03:54,,,0.0,0.0,0.0,0.0,0.0,0.0,0.0,0.0,-0.001,-0.001,-0.001
03:55,,,0.0,0.0,0.0,0.0,0.0,0.0,0.0,0.0,-0.001,-0.001,-0.001
03:56,,,0.0,0.0,0.0,0.0,0.0,0.0,0.0,0.0,-0.001,-0.001,-0.001
03:57,,,0.0,0.0,0.0,0.0,0.0,0.0,0.0,0.0,-0.001,-0.001,-0.001
03:58,,,0.0,0.0,0.0,0.0,0.0,0.0,0.0,0.0,-0.001,-0.001,-0.001
03:59,,,0.0,0.0,0.0,0.0,0.0,0.0,0.0,0.0,-0.001,-0.001,-0.001
04:00,,,0.0,0.0,0.0,0.0,0.0,0.0,0.0,0.0,-0.001,-0.001,-0.001
04:01,,,0.0,0.0,0.0,0.0,0.0,0.0,0.0,0.0,-0.001,-0.001,-0.001
04:02,,,0.0,0.0,0.0,0.0,0.0,0.0,0.0,0.0,-0.001,-0.001,-0.001
04:03,,,0.0,0.0,0.0,0.0,0.0,0.0,0.0,0.0,-0.001,-0.001,-0.001
04:04,,,0.0,0.0,0.0,0.0,0.0,0.0,0.0,0.0,-0.001,-0.001,-0.001
04:05,,,0.0,0.0,0.0,0.0,0.0,0.0,0.0,0.0,-0.001,-0.001,-0.001
04:06,,,0.0,0.0,0.0,0.0,0.0,0.0,0.0,0.0,-0.001,-0.001,-0.001
04:07,,,0.0,0.0,0.0,0.0,0.0,0.0,0.0,0.0,-0.001,-0.001,-0.001
04:08,,,0.0,0.0,0.0,0.0,0.0,0.0,0.0,0.0,-0.001,-0.001,-0.001
04:09,,,0.0,0.0,0.0,0.0,0.0,0.0,0.0,0.0,-0.001,-0.001,-0.001
04:10,,,0.0,0.0,0.0,0.0,0.0,0.0,0.0,0.0,-0.001,-0.001,-0.001
04:11,,,0.0,0.0,0.0,0.0,0.0,0.0,0.0,0.0,-0.001,-0.001,-0.001
04:12,,,0.0,0.0,0.0,0.0,0.0,0.0,0.0,0.0,-0.001,-0.001,-0.001
04:13,,,0.0,0.0,0.0,0.0,0.0,0.0,0.0,0.0,-0.001,-0.001,-0.001
04:14,,,0.0,0.0,0.0,0.0,0.0,0.0,0.0,0.0,-0.001,-0.001,-0.001
04:15,,,0.0,0.0,0.0,0.0,0.0,0.0,0.0,0.0,-0.001,-0.001,-0.001
04:16,,,0.0,0.0,0.0,0.0,0.0,0.0,0.0,0.0,-0.001,-0.001,-0.001
04:17,,,0.0,0.0,0.0,0.0,0.0,0.0,0.0,0.0,-0.001,-0.001,-0.001
04:18,,,0.0,0.0,0.0,0.0,0.0,0.0,0.0,0.0,-0.001,-0.001,-0.001
04:19,,,0.0,0.0,0.0,0.0,0.0,0.0,0.0,0.0,-0.001,-0.001,-0.001
04:20,,,0.0,0.0,0.0,0.0,0.0,0.0,0.0,0.0,-0.001,-0.001,-0.001
04:21,,,0.0,0.0,0.0,0.0,0.0,0.0,0.0,0.0,-0.001,-0.001,-0.001
04:22,,,0.0,0.0,0.0,0.0,0.0,0.0,0.0,0.0,-0.001,-0.001,-0.001
04:23,,,0.0,0.0,0.0,0.0,0.0,0.0,0.0,0.0,-0.001,-0.001,-0.001
04:24,,,0.0,0.0,0.0,0.0,0.0,0.0,0.0,0.0,-0.001,-0.001,-0.001
04:25,,,0.0,0.0,0.0,0.0,0.0,0.0,0.0,0.0,-0.001,-0.001,-0.001
04:26,,,0.0,0.0,0.0,0.0,0.0,0.0,0.0,0.0,-0.001,-0.001,-0.001
04:27,,,0.0,0.0,0.0,0.0,0.0,0.0,0.0,0.0,-0.001,-0.001,-0.001
04:28,,,0.0,0.0,0.0,0.0,0.0,0.0,0.0,0.0,-0.001,-0.001,-0.001
04:29,,,0.0,0.0,0.0,0.0,0.0,0.0,0.0,0.0,-0.001,-0.001,-0.001
04:30,,,0.0,0.0,0.0,0.0,0.0,0.0,0.0,0.0,-0.001,-0.001,-0.001
04:31,,,0.0,0.0,0.0,0.0,0.0,0.0,0.0,0.0,-0.001,-0.001,-0.001
04:32,,,0.0,0.0,0.0,0.0,0.0,0.0,0.0,0.0,-0.001,-0.001,-0.001
04:33,,,0.0,0.0,0.0,0.0,0.0,0.0,0.0,0.0,-0.001,-0.001,-0.001
04:34,,,0.0,0.0,0.0,0.0,0.0,0.0,0.0,0.0,-0.001,-0.001,-0.001
04:35,,,0.0,0.0,0.0,0.0,0.0,0.0,0.0,0.0,-0.001,-0.001,-0.001
04:36,,,0.0,0.0,0.0,0.0,0.0,0.0,0.0,0.0,-0.001,-0.001,-0.001
04:37,,,0.0,0.0,0.0,0.0,0.0,0.0,0.0,0.0,-0.001,-0.001,-0.001
04:38,,,0.0,0.0,0.0,0.0,0.0,0.0,0.0,0.0,-0.001,-0.001,-0.001
04:39,,,0.0,0.0,0.0,0.0,0.0,0.0,0.0,0.0,-0.001,-0.001,-0.001
04:40,,,0.0,0.0,0.0,0.0,0.0,0.0,0.0,0.0,-0.001,-0.001,-0.001
04:41,,,0.0,0.0,0.0,0.0,0.0,0.0,0.0,0.0,-0.001,-0.001,-0.001
04:42,,,0.0,0.0,0.0,0.0,0.0,0.0,0.0,0.0,-0.001,-0.001,-0.001
04:43,,,0.0,0.0,0.0,0.0,0.0,0.0,0.0,0.0,-0.001,-0.001,-0.001
04:44,,,0.0,0.0,0.0,0.0,0.0,0.0,0.0,0.0,-0.001,-0.001,-0.001
04:45,,,0.0,0.0,0.0,0.0,0.0,0.0,0.0,0.0,-0.001,-0.001,-0.001
04:46,,,0.0,0.0,0.0,0.0,0.0,0.0,0.0,0.0,-0.001,-0.001,-0.001
04:47,,,0.0,0.0,0.0,0.0,0.0,0.0,0.0,0.0,-0.001,-0.001,-0.001
04:48,,,0.0,0.0,0.0,0.0,0.0,0.0,0.0,0.0,-0.001,-0.001,-0.001
04:49,,,0.0,0.0,0.0,0.0,0.0,0.0,0.0,0.0,-0.001,-0.001,-0.001
04:50,,,0.0,0.0,0.0,0.0,0.0,0.0,0.0,0.0,-0.001,-0.001,-0.001
04:51,,,0.0,0.0,0.0,0.0,0.0,0.0,0.0,0.0,-0.001,-0.001,-0.001
04:52,,,0.0,0.0,0.0,0.0,0.0,0.0,0.0,0.0,-0.001,-0.001,-0.001
04:53,,,0.0,0.0,0.0,0.0,0.0,0.0,0.0,0.0,-0.001,-0.001,-0.001
04:54,,,0.0,0.0,0.0,0.0,0.0,0.0,0.0,0.0,-0.001,-0.001,-0.001
04:55,,,0.0,0.0,0.0,0.0,0.0,0.0,0.0,0.0,-0.001,-0.001,-0.001
04:56,,,0.0,0.0,0.0,0.0,0.0,0.0,0.0,0.0,-0.001,-0.001,-0.001
04:57,,,0.0,0.0,0.0,0.0,0.0,0.0,0.0,0.0,-0.001,-0.001,-0.001
04:58,,,0.0,0.0,0.0,0.0,0.0,0.0,0.0,0.0,-0.001,-0.001,-0.001
04:59,,,0.0,0.0,0.0,0.0,0.0,0.0,0.0,0.0,-0.001,-0.001,-0.001
05:00,,,0.0,0.0,0.0,0.0,0.0,0.0,0.0,0.0,-0.001,-0.001,-0.001
05:01,,,0.0,0.0,0.0,0.0,0.0,0.0,0.0,0.0,-0.001,-0.001,-0.001
05:02,,,0.0,0.0,0.0,0.0,0.0,0.0,0.0,0.0,-0.001,-0.001,-0.001
05:03,,,0.0,0.0,0.0,0.0,0.0,0.0,0.0,0.0,-0.001,-0.001,-0.001
05:04,,,0.0,0.0,0.0,0.0,0.0,0.0,0.0,0.0,-0.001,-0.001,-0.001
05:05,,,0.0,0.0,0.0,0.0,0.0,0.0,0.0,0.0,-0.001,-0.001,-0.001
05:06,,,0.0,0.0,0.0,0.0,0.0,0.0,0.0,0.0,-0.001,-0.001,-0.001
05:07,,,0.0,0.0,0.0,0.0,0.0,0.0,0.0,0.0,-0.001,-0.001,-0.001
05:08,,,0.0,0.0,0.0,0.0,0.0,0.0,0.0,0.0,-0.001,-0.001,-0.001
05:09,,,0.0,0.0,0.0,0.0,0.0,0.0,0.0,0.0,-0.001,-0.001,-0.001
05:10,,,0.0,0.0,0.0,0.0,0.0,0.0,0.0,0.0,-0.001,-0.001,-0.001
05:11,,,0.0,0.0,0.0,0.001,0.0,0.0,0.0,0.0,-0.001,-0.001,-0.001
05:12,,,0.0,0.0,0.0,0.002,0.0,0.0,0.0,0.0,-0.001,-0.001,-0.001
05:13,,,0.0,0.0,0.0,0.005,0.0,0.0,0.0,0.0,-0.001,-0.001,-0.001
05:14,,,0.0,0.0,0.0,0.007,0.0,0.0,0.0,0.0,-0.001,-0.001,-0.001
05:15,,,0.0,0.0,0.0,0.011,0.0,0.0,0.0,0.0,-0.001,-0.001,-0.001
05:16,,,0.0,0.0,0.0,0.013,0.0,0.0,0.0,0.0,-0.001,-0.001,-0.001
05:17,,,0.0,0.0,0.0,0.017,0.004,0.0,0.0,0.0,-0.001,-0.001,-0.001
05:18,,,0.0,0.0,0.0,0.022,0.008,0.0,0.0,0.0,-0.001,-0.001,-0.001
05:19,,,0.0,0.0,0.0,0.026,0.013,0.0,0.0,0.0,-0.001,-0.001,-0.001
05:20,,,0.0,0.0,0.0,0.029,0.018,0.0,0.0,0.0,-0.001,-0.001,-0.001
05:21,,,0.0,0.0,0.0,0.038,0.022,0.0,0.0,0.0,-0.001,-0.001,-0.001
05:22,,,0.0,0.0,0.0,0.038,0.028,0.0,0.0,0.0,-0.001,-0.001,-0.001
05:23,,,0.0,0.0,0.0,0.04,0.037,0.0,0.0,0.0,-0.001,-0.001,-0.001
05:24,,,0.0,0.0,0.0,0.045,0.047,0.0,0.0,0.0,0.0,-0.001,-0.001
05:25,,,0.0,0.0,0.0,0.046,0.06,0.0,0.0,0.0,0.0,-0.001,-0.001
05:26,,,0.0,0.0,0.0,0.05,0.067,0.0,0.0,0.003,0.0,-0.001,-0.001
05:27,,,0.0,0.0,0.0,0.055,0.08,0.0,0.0,0.005,0.0,0.0,-0.001
05:28,,,0.0,0.0,0.0,0.061,0.088,0.0,0.0,0.007,0.0,0.0,-0.001
05:29,,,0.0,0.0,0.0,0.067,0.094,0.0,0.0,0.01,0.0,0.0,0.0
05:30,,,0.0,0.0,0.0,0.073,0.098,0.0,0.0,0.013,0.0,0.0,0.0
05:31,,,0.0,0.0,0.0,0.086,0.097,0.0,0.0,0.016,0.0,0.0,0.0
05:32,,,0.0,0.0,0.0,0.096,0.1,0.0,0.0,0.022,0.0,0.0,0.0
05:33,,,0.0,0.0,0.0,0.102,0.105,0.014,0.0,0.022,0.0,0.0,0.0
05:34,,,0.0,0.0,0.0,0.11,0.108,0.023,0.0,0.026,0.0,0.0,0.0
05:35,,,0.0,0.0,0.0,0.121,0.112,0.031,0.0,0.03,0.0,0.0,0.0
05:36,,,0.0,0.0,0.0,0.124,0.118,0.03,0.0,0.034,0.0,0.0,0.0
05:37,,,0.0,0.0,0.0,0.168,0.129,0.033,0.0,0.037,0.0,0.0,0.0
05:38,,,0.0,0.0,0.0,0.174,0.127,0.039,0.0,0.043,0.0,0.0,0.0
05:39,,,0.0,0.0,0.0,0.162,0.186,0.047,0.0,0.046,0.0,0.0,0.0
05:40,,,0.0,0.0,0.0,0.168,0.194,0.051,0.0,0.05,0.0,0.0,0.0
05:41,,,0.0,0.0,0.0,0.17,0.191,0.055,0.0,0.055,0.0,0.0,0.0
05:42,,,0.0,0.0,0.0,0.173,0.216,0.058,0.0,0.059,0.005,0.0,0.0
05:43,,,0.0,0.0,0.0,0.174,0.233,0.06,0.0,0.063,0.012,0.003,0.0
05:44,,,0.0,0.0,0.0,0.183,0.241,0.061,0.0,0.067,0.023,0.006,0.006
05:45,,,0.0,0.0,0.0,0.191,0.248,0.066,0.0,0.072,0.033,0.011,0.008
05:46,,,0.0,0.0,0.0,0.207,0.233,0.06,0.0,0.076,0.036,0.015,0.013
05:47,,,0.0,0.0,0.0,0.225,0.229,0.052,0.0,0.079,0.034,0.019,0.016
05:48,,,0.0,0.0,0.0,0.255,0.225,0.047,0.0,0.083,0.05,0.025,0.024
05:49,,,0.0,0.0,0.0,0.295,0.235,0.05,0.0,0.087,0.083,0.03,0.028
05:50,,,0.0,0.0,0.0,0.341,0.236,0.045,0.0,0.091,0.108,0.033,0.035
05:51,,,0.0,0.0,0.0,0.383,0.234,0.039,0.0,0.095,0.091,0.035,0.043
05:52,,,0.0,0.0,0.0,0.426,0.228,0.038,0.0,0.098,0.066,0.038,0.05
05:53,,,0.0,0.0,0.0,0.454,0.234,0.034,0.0,0.102,0.078,0.04,0.056
05:54,,,0.0,0.0,0.0,0.472,0.241,0.032,0.009,0.108,0.11,0.047,0.064
05:55,,,0.0,0.0,0.0,0.486,0.255,0.035,0.011,0.115,0.114,0.053,0.07
05:56,,,0.0,0.0,0.0,0.507,0.268,0.037,0.02,0.117,0.098,0.059,0.076
05:57,,,0.0,0.0,0.0,0.517,0.271,0.041,0.024,0.121,0.082,0.068,0.083
05:58,,,0.0,0.0,0.0,0.519,0.275,0.049,0.024,0.175,0.072,0.074,0.088
05:59,,,0.0,0.0,0.0,0.512,0.307,0.059,0.023,0.172,0.065,0.081,0.094
06:00,,,0.0,0.0,0.0,0.494,0.319,0.068,0.023,0.189,0.061,0.086,0.098
06:01,,,0.0,0.0,0.0,0.504,0.332,0.079,0.025,0.199,0.055,0.092,0.104
06:02,,,0.0,0.0,0.0,0.509,0.347,0.084,0.029,0.207,0.048,0.097,0.107
06:03,,,0.0,0.0,0.0,0.521,0.353,0.077,0.032,0.223,0.037,0.099,0.112
06:04,,,0.0,0.0,0.0,0.525,0.376,0.07,0.033,0.233,0.021,0.105,0.116
06:05,,,0.0,0.0,0.0,0.516,0.402,0.073,0.03,0.236,0.016,0.111,0.12
06:06,,,0.0,0.0,0.0,0.497,0.431,0.078,0.026,0.254,0.015,0.115,0.171
06:07,,,0.0,0.0,0.0,0.494,0.402,0.092,0.025,0.261,0.018,0.116,0.179
06:08,,,0.0,0.0,0.0,0.486,0.354,0.119,0.025,0.27,0.024,0.123,0.179
06:09,,,0.0,0.0,0.0,0.477,0.307,0.171,0.026,0.28,0.036,0.164,0.195
06:10,,,0.0,0.0,0.0,0.488,0.275,0.197,0.027,0.294,0.051,0.118,0.189
06:11,,,0.0,0.0,0.0,0.509,0.26,0.217,0.027,0.304,0.06,0.109,0.193
06:12,,,0.0,0.0,0.0,0.483,0.291,0.241,0.028,0.316,0.069,0.102,0.232
06:13,,,0.0,0.0,0.0,0.418,0.299,0.255,0.029,0.332,0.078,0.099,0.218
06:14,,,0.0,0.0,0.0,0.394,0.333,0.266,0.031,0.34,0.088,0.097,0.256
06:15,,,0.0,0.0,0.0,0.343,0.355,0.264,0.032,0.36,0.102,0.101,0.263
06:16,,,0.0,0.0,0.0,0.334,0.386,0.25,0.029,0.374,0.118,0.113,0.282
06:17,,,0.0,0.0,0.0,0.337,0.398,0.251,0.027,0.392,0.175,0.125,0.293
06:18,,,0.0,0.0,0.0,0.35,0.413,0.257,0.027,0.412,0.197,0.123,0.31
06:19,,,0.0,0.0,0.0,0.368,0.433,0.259,0.031,0.429,0.227,0.171,0.318
06:20,,,0.0,0.0,0.0,0.385,0.446,0.251,0.039,0.45,0.26,0.172,0.336
06:21,,,0.0,0.0,0.0,0.398,0.448,0.254,0.051,0.471,0.296,0.18,0.352
06:22,,,0.0,0.0,0.0,0.418,0.449,0.222,0.064,0.487,0.332,0.199,0.365
06:23,,,0.0,0.0,0.0,0.461,0.447,0.237,0.08,0.516,0.365,0.237,0.377
06:24,,,0.0,0.0,0.0,0.51,0.451,0.262,0.09,0.537,0.39,0.281,0.392
06:25,,,0.0,0.0,0.0,0.613,0.456,0.263,0.093,0.563,0.426,0.336,0.404
06:26,,,0.0,0.0,0.0,0.609,0.456,0.239,0.09,0.579,0.448,0.36,0.417
06:27,,,0.0,0.0,0.0,0.602,0.463,0.235,0.085,0.613,0.459,0.383,0.425
06:28,,,0.102,0.0,0.0,0.619,0.481,0.246,0.078,0.64,0.457,0.4,0.442
06:29,,,0.005,0.0,0.0,0.884,0.499,0.261,0.074,0.671,0.425,0.439,0.457
06:30,,,0.007,0.0,0.0,0.927,0.519,0.278,0.075,0.697,0.409,0.48,0.473
06:31,,,0.009,0.0,0.0,0.971,0.529,0.306,0.08,0.728,0.372,0.508,0.485
06:32,,,0.012,0.0,0.0,0.992,0.553,0.33,0.084,0.762,0.336,0.491,0.505
06:33,,,0.012,0.0,0.0,1.045,0.567,0.349,0.094,0.79,0.311,0.468,0.52
06:34,,,0.013,0.0,0.0,1.083,0.583,0.364,0.105,0.827,0.295,0.467,0.527
06:35,,,0.016,0.0,0.0,1.153,0.59,0.385,0.112,0.859,0.283,0.459,0.55
06:36,,,0.018,0.0,0.0,1.187,0.604,0.43,0.115,0.891,0.27,0.475,0.562
06:37,,,0.019,0.0,0.0,1.201,0.605,0.469,0.116,0.925,0.269,0.493,0.57
06:38,,,0.022,0.0,0.0,1.202,0.63,0.501,0.116,0.95,0.254,0.508,0.589
06:39,,,0.024,0.0,0.0,1.198,0.639,0.526,0.116,0.984,0.264,0.525,0.612
06:40,,,0.028,0.0,0.0,1.194,0.659,0.525,0.111,1.016,0.248,0.539,0.629
06:41,,,0.034,0.0,0.0,1.197,0.659,0.552,0.103,1.053,0.239,0.544,0.651
06:42,,,0.039,0.0,0.0,1.233,0.671,0.546,0.098,1.09,0.268,0.555,0.669
06:43,,,0.045,0.0,0.0,1.278,0.675,0.537,0.098,1.111,0.37,0.533,0.678
06:44,,,0.05,0.0,0.0,1.314,0.7,0.536,0.1,1.162,0.417,0.497,0.702
06:45,,,0.055,0.0,0.0,1.315,0.737,0.624,0.101,1.19,0.472,0.463,0.722
06:46,,,0.055,0.0,0.0,1.333,0.753,0.73,0.101,1.204,0.544,0.434,0.739
06:47,,,0.056,0.0,0.0,1.391,0.743,0.772,0.101,1.228,0.578,0.416,0.767
06:48,,,0.056,0.0,0.0,1.44,0.702,0.773,0.101,1.284,0.7,0.411,0.798
06:49,,,0.056,0.0,0.0,1.471,0.681,0.658,0.103,1.34,0.819,0.402,0.825
06:50,,,0.058,0.0,0.0,1.485,0.702,0.502,0.106,1.372,0.904,0.412,0.828
06:51,,,0.06,0.0,0.0,1.524,0.784,0.384,0.113,1.413,0.991,0.436,0.84
06:52,,,0.063,0.0,0.0,1.551,0.88,0.318,0.117,1.463,1.072,0.453,0.866
06:53,,,0.068,0.0,0.0,1.558,0.969,0.299,0.12,1.491,1.108,0.454,0.872
06:54,,,0.072,0.0,0.0,1.575,1.018,0.285,0.124,1.514,1.044,0.429,0.897
06:55,,,0.077,0.0,0.0,1.605,1.021,0.286,0.178,1.512,0.869,0.404,0.912
06:56,,,0.083,0.0,0.0,1.648,0.964,0.28,0.175,1.526,0.781,0.384,0.947
06:57,,,0.094,0.0,0.0,1.689,0.892,0.274,0.158,1.59,0.799,0.376,0.962
06:58,,,0.103,0.0,0.0,1.726,0.855,0.257,0.166,1.584,0.889,0.385,0.972
06:59,,,0.108,0.0,0.0,1.755,0.828,0.221,0.118,1.563,0.979,0.386,0.994
07:00,,,0.112,0.0,0.0,1.785,0.829,0.188,0.114,1.653,0.949,0.406,1.011
07:01,,,0.116,0.0,0.0,1.827,0.835,0.182,0.107,1.732,0.896,0.43,1.079
07:02,,,0.121,0.0,0.0,1.844,0.843,0.194,0.102,1.88,0.88,0.482,1.072
07:03,,,0.177,0.0,0.0,1.891,0.852,0.225,0.102,1.987,0.875,0.534,1.05
07:04,,,0.176,0.0,0.0,1.902,0.858,0.267,0.11,2.053,0.722,0.6,1.067
07:05,,,0.172,0.0,0.0,1.933,0.875,0.32,0.122,2.115,0.547,0.669,1.091
07:06,,,0.188,0.0,0.0,1.985,0.901,0.375,0.186,2.167,0.488,0.729,1.105
07:07,,,0.174,0.0,0.0,2.016,0.93,0.423,0.235,2.183,0.505,0.787,1.125
07:08,,,0.178,0.0,0.0,2.031,0.93,0.464,0.255,2.21,0.588,0.838,1.179
07:09,,,0.182,0.0,0.0,2.051,0.92,0.491,0.271,2.264,0.671,0.887,1.209
07:10,,,0.177,0.0,0.0,2.088,0.916,0.497,0.285,2.317,0.767,0.938,1.208
07:11,,,0.18,0.0,0.0,2.105,0.918,0.484,0.297,2.358,0.84,0.946,1.189
07:12,,,0.19,0.0,0.0,2.118,0.941,0.464,0.324,2.377,0.975,0.973,1.236
07:13,,,0.204,0.0,0.0,2.169,0.947,0.444,0.321,2.435,1.055,1.024,1.324
07:14,,,0.222,0.0,0.0,2.193,0.919,0.424,0.288,2.509,1.064,1.051,1.318
07:15,,,0.234,0.0,0.0,2.227,0.877,0.4,0.26,2.544,1.067,1.636,1.371
07:16,,,0.247,0.0,0.0,2.229,0.879,0.381,0.238,2.56,0.98,0.951,1.388
07:17,,,0.245,0.0,0.0,2.231,0.946,0.37,0.221,2.56,0.887,0.901,1.324
07:18,,,0.252,0.0,0.0,2.292,1.055,0.377,0.216,2.357,0.862,0.9,1.474
07:19,,,0.266,0.0,0.0,2.354,1.159,0.396,0.224,1.726,0.791,0.937,1.62
07:20,,,0.277,0.0,0.0,2.404,1.268,0.406,0.237,2.103,0.858,0.99,1.611
07:21,,,0.298,0.0,0.0,2.419,1.347,0.398,0.263,2.29,0.958,1.058,1.53
07:22,,,0.313,0.0,0.0,2.439,1.42,0.379,0.295,2.476,1.125,1.143,1.596
07:23,,,0.316,0.0,0.0,2.469,1.489,0.368,0.321,2.305,1.251,1.371,1.641
07:24,,,0.339,0.0,0.0,2.494,1.549,0.377,0.342,2.362,1.372,1.794,1.379
07:25,,,0.343,0.0,0.0,2.562,1.564,0.408,0.37,2.74,1.339,1.476,1.511
07:26,,,0.345,0.0,0.0,2.6,1.519,0.436,0.404,2.86,1.152,1.488,1.622
07:27,,,0.354,0.0,0.0,2.643,1.434,0.443,0.462,2.871,0.937,1.392,1.669
07:28,,,0.356,0.0,0.0,2.682,1.346,0.422,0.482,2.8,0.828,1.459,1.564
07:29,,,0.366,0.0,0.0,2.694,1.28,0.438,0.48,2.807,0.782,2.188,1.581
07:30,,,0.378,0.0,0.0,2.733,1.234,0.486,0.49,2.695,1.164,1.631,1.509
07:31,,,0.395,0.0,0.0,2.756,1.192,0.531,0.511,2.353,0.729,2.292,1.467
07:32,,,0.418,0.0,0.0,2.799,1.142,0.525,0.556,1.33,0.625,2.945,1.558
07:33,,,0.438,0.0,0.0,2.861,1.1,0.516,0.622,1.718,0.652,3.101,1.677
07:34,,,0.444,0.0,0.0,2.91,1.061,0.514,0.69,2.006,0.648,1.218,1.671
07:35,,,0.457,0.0,0.0,2.936,1.031,0.516,0.731,2.593,0.618,1.166,1.685
07:36,,,0.462,0.0,0.0,2.958,1.026,0.548,0.736,2.836,0.652,1.121,1.71
07:37,,,0.464,0.0,0.0,2.967,1.011,0.624,0.722,3.023,0.731,1.062,1.719
07:38,,,0.478,0.0,0.0,2.993,0.966,0.687,0.699,2.875,0.817,1.038,1.849
07:39,,,0.502,0.0,0.0,3.044,0.909,0.703,0.664,2.506,0.892,1.028,1.782
07:40,,,0.529,0.0,0.0,3.058,0.877,0.717,0.629,2.314,1.018,1.015,1.736
07:41,,,0.566,0.0,0.0,3.106,0.876,0.765,0.611,2.318,1.177,0.994,1.757
07:42,,,0.613,0.0,0.0,3.166,0.821,0.856,0.617,2.416,1.314,0.982,1.825
07:43,,,0.663,0.0,0.0,3.191,0.734,0.901,0.642,2.601,1.41,0.978,1.87
07:44,,,0.728,0.0,0.0,3.205,0.748,0.851,0.673,2.639,1.464,0.991,2.005
07:45,,,0.787,0.0,0.0,3.244,0.783,0.815,0.704,3.283,1.474,1.021,1.658
07:46,,,0.813,0.0,0.0,3.272,0.74,0.836,0.744,3.188,1.373,1.066,1.84
07:47,,,0.845,0.0,0.0,3.328,0.659,0.953,0.753,3.342,1.253,1.109,1.808
07:48,,,0.882,0.0,0.0,3.371,0.624,1.102,0.728,3.407,1.246,1.148,1.8
07:49,,,0.88,0.0,0.0,3.426,0.729,1.286,0.67,3.441,1.326,1.204,1.797
07:50,,,0.915,0.0,0.0,3.445,0.807,1.474,0.591,3.449,1.429,1.25,2.306
07:51,,,0.975,0.0,0.0,3.477,0.861,1.671,0.54,3.395,1.56,1.287,2.348
07:52,,,1.035,0.0,0.0,3.51,0.924,1.839,0.523,3.092,1.661,1.299,1.975
07:53,,,1.084,0.0,0.0,3.565,0.982,1.947,0.525,3.432,1.767,1.338,1.993
07:54,,,1.14,0.0,0.0,3.649,1.028,1.991,0.526,3.495,1.853,1.342,1.873
07:55,,,1.177,0.0,0.0,3.746,1.062,1.929,0.518,3.56,1.846,1.316,2.054
07:56,,,1.195,0.0,0.0,3.754,1.079,1.793,0.509,3.595,1.821,1.264,1.864
07:57,,,1.243,0.0,0.0,3.792,1.123,1.677,0.5,3.613,1.819,1.188,1.941
07:58,,,1.479,0.0,0.0,3.806,1.168,1.645,0.508,3.642,1.787,1.113,2.86
07:59,,,1.475,0.0,0.0,3.825,1.208,1.74,0.525,3.668,1.729,1.019,2.517
08:00,,,1.501,0.0,0.0,3.806,1.194,1.955,0.551,3.709,1.63,0.932,1.702
08:01,,,1.48,0.0,0.0,3.808,1.201,2.237,0.573,3.738,1.507,0.858,1.697
08:02,,,1.491,0.0,0.0,3.805,1.218,2.459,0.588,3.749,1.417,0.804,1.78
08:03,,,1.436,0.0,0.0,3.806,1.301,2.527,0.619,3.804,1.358,0.793,1.812
08:04,,,1.489,0.0,0.0,3.839,1.4,2.458,0.625,3.83,1.346,0.794,1.883
08:05,,,1.544,0.0,0.0,3.881,1.507,2.305,0.614,3.856,1.387,0.765,2.028
08:06,,,1.652,0.0,0.0,2.478,1.605,2.173,0.618,3.886,1.498,0.741,2.112
08:07,,,1.904,0.0,0.0,4.04,1.644,1.973,0.625,3.92,1.669,0.737,1.907
08:08,,,2.77,0.0,0.0,4.067,1.663,1.705,0.641,3.95,1.938,0.739,1.978
08:09,,,2.134,0.0,0.0,4.105,1.594,1.496,0.691,3.988,2.328,0.734,2.039
08:10,,,2.807,0.0,0.0,4.155,1.546,1.318,0.735,4.011,2.613,0.725,2.194
08:11,,,2.561,0.0,0.0,4.168,1.506,1.206,0.774,4.054,2.621,0.73,2.314
08:12,,,2.78,0.0,0.0,4.208,1.491,1.107,0.807,4.073,3.369,0.751,2.2
08:13,,,2.225,0.0,0.0,4.221,1.485,1.054,0.826,4.113,2.233,0.806,2.26
08:14,,,1.92,0.0,0.0,4.277,1.493,1.066,0.835,4.129,2.202,0.895,2.071
08:15,,,1.737,0.0,0.0,4.356,1.495,1.04,0.834,4.169,2.2,0.982,1.975
08:16,,,1.665,0.0,0.0,4.489,1.496,0.938,0.867,4.212,2.212,1.077,2.069
08:17,,,1.786,0.0,0.0,4.577,1.464,0.884,0.898,4.24,2.18,1.196,2.029
08:18,,,1.775,0.0,0.0,4.67,1.454,0.895,0.904,4.275,2.154,1.324,2.336
08:19,,,2.029,0.0,0.0,4.713,1.42,0.863,0.899,4.302,2.189,1.334,2.674
08:20,,,2.092,0.0,0.0,4.817,1.384,0.778,0.908,4.335,2.084,1.343,2.618
08:21,,,1.937,0.0,0.0,4.897,1.334,0.707,0.932,4.352,2.154,1.382,2.666
08:22,,,2.069,0.0,0.0,4.967,1.299,0.663,0.961,4.384,2.304,1.416,2.553
08:23,,,1.729,0.0,0.0,5.028,1.254,0.653,0.992,4.393,2.095,1.574,2.735
08:24,,,1.794,0.0,0.0,5.085,1.227,0.682,1.026,4.438,1.983,1.68,2.386
08:25,,,1.885,0.0,0.0,5.066,1.217,0.771,1.077,4.468,2.142,1.602,2.094
08:26,,,1.801,0.0,0.0,5.014,1.22,0.917,1.123,4.502,1.872,1.643,2.148
08:27,,,1.628,0.0,0.0,5.034,1.237,1.071,1.179,4.534,1.83,1.672,2.193
08:28,,,1.925,0.0,0.0,5.052,1.259,1.112,1.257,4.567,1.869,1.774,2.588
08:29,,,3.045,0.0,0.0,5.058,1.285,1.095,1.311,4.596,1.951,1.962,3.063
08:30,,,2.854,0.0,0.0,5.006,1.305,1.085,1.346,4.613,1.999,2.243,2.331
08:31,,,3.605,0.0,0.0,4.97,1.326,1.082,1.407,4.649,1.982,2.689,1.957
08:32,,,2.514,0.0,0.0,4.917,1.331,1.096,1.487,4.682,1.984,2.825,1.959
08:33,,,2.848,0.0,0.0,4.931,1.341,1.084,1.555,4.715,1.883,3.641,1.977
08:34,,,2.581,0.0,0.0,4.918,1.355,1.103,1.617,4.74,1.86,4.181,1.931
08:35,,,3.419,0.0,0.0,4.929,1.349,1.207,1.667,4.764,1.905,3.039,2.282
08:36,,,3.207,0.0,0.0,4.943,1.323,1.319,1.754,4.79,1.975,2.728,2.212
08:37,,,3.164,0.0,0.0,4.989,1.312,1.343,1.832,4.815,2.058,3.254,2.039
08:38,,,2.095,0.0,0.0,5.018,1.342,1.296,1.816,4.851,2.167,2.747,2.116
08:39,,,1.712,0.0,0.0,4.385,1.365,1.238,1.757,4.871,2.171,2.475,1.959
08:40,,,3.18,0.0,0.0,5.144,1.371,1.219,1.652,4.903,2.127,2.409,2.304
08:41,,,3.22,0.0,0.0,5.156,1.368,1.21,1.584,4.934,2.082,2.389,2.269
08:42,,,3.348,0.0,0.0,5.151,1.357,1.205,1.516,4.961,2.118,3.028,2.115
08:43,,,2.805,0.0,0.0,5.119,1.355,1.186,1.517,4.982,2.145,2.858,2.019
08:44,,,2.516,0.0,0.0,5.097,1.339,1.23,1.527,5.003,2.186,3.356,2.065
08:45,,,2.816,0.0,0.0,4.275,1.322,1.314,1.518,5.016,2.216,3.367,2.505
08:46,,,3.421,0.0,0.0,1.647,1.296,1.398,1.501,5.048,2.262,2.854,2.764
08:47,,,3.429,0.0,0.0,1.645,1.26,1.47,1.496,5.068,2.33,3.943,2.353
08:48,,,3.279,0.0,0.0,4.374,1.221,1.571,1.491,5.095,2.376,2.867,3.585
08:49,,,3.543,0.0,0.0,5.167,1.202,1.74,1.459,5.122,2.096,2.555,2.938
08:50,,,3.218,0.0,0.0,5.182,1.184,2.002,1.372,5.145,2.092,2.585,2.356
08:51,,,3.636,0.0,0.0,5.214,1.213,2.244,1.286,5.174,2.127,2.937,2.454
08:52,,,3.592,0.0,0.0,5.346,1.277,2.438,1.24,5.204,2.218,2.722,4.714
08:53,,,4.239,0.0,0.0,5.393,1.363,2.559,1.248,5.234,2.3,3.239,4.291
08:54,,,4.325,0.0,0.0,5.51,1.459,2.694,1.288,5.271,2.304,6.484,3.659
08:55,,,4.331,0.0,0.0,5.71,1.572,2.769,1.292,5.291,2.242,6.304,3.002
08:56,,,4.351,0.0,0.0,5.885,1.674,2.801,1.304,5.319,2.229,6.851,2.47
08:57,,,4.356,0.0,0.0,6.144,1.777,2.868,1.276,5.336,2.152,6.902,2.461
08:58,,,4.387,0.0,0.0,6.326,1.83,2.914,1.278,5.373,2.314,7.127,2.585
08:59,,,4.405,0.0,0.0,6.42,1.836,3.023,1.253,5.385,2.476,5.825,2.759
09:00,,,4.421,0.0,0.0,6.589,1.819,3.091,1.126,5.372,2.18,2.999,2.728
09:01,,,4.445,0.0,0.0,6.763,1.773,3.137,1.014,5.405,2.183,2.985,3.719
09:02,,,4.469,0.0,0.0,6.792,1.711,3.185,0.927,5.413,2.192,2.868,4.048
09:03,,,4.473,0.0,0.0,6.921,1.663,3.155,0.857,5.475,2.136,2.863,4.219
09:04,,,4.502,0.0,0.0,6.966,1.621,3.139,0.788,5.496,1.933,2.844,4.696
09:05,,,4.522,0.0,0.0,6.915,1.586,3.123,0.722,5.52,1.925,2.871,4.558
09:06,,,4.55,0.0,0.0,6.878,1.522,3.019,0.669,5.545,2.02,2.902,4.315
09:07,,,4.579,0.0,0.0,6.865,1.46,2.854,0.639,5.546,2.188,2.952,3.262
09:08,,,4.606,0.0,0.0,3.347,1.4,2.659,0.632,5.594,2.527,2.891,3.119
09:09,,,4.613,0.0,0.0,3.039,1.316,2.501,0.663,5.614,2.831,3.02,3.506
09:10,,,4.633,0.0,0.0,5.106,1.183,2.384,0.733,5.614,3.182,2.836,3.156
09:11,,,4.625,0.0,0.0,6.927,1.007,2.251,0.797,5.628,3.838,2.766,3.783
09:12,,,4.684,0.0,0.0,6.954,0.844,2.112,0.819,5.678,4.042,2.903,3.184
09:13,,,4.703,0.0,0.0,6.848,0.725,2.007,0.858,5.656,4.569,2.643,4.248
09:14,,,4.726,0.0,0.0,6.49,0.645,1.941,0.907,5.711,4.049,3.034,3.546
09:15,,,4.724,0.0,0.0,2.744,0.592,1.903,0.984,5.742,4.591,3.102,3.957
09:16,,,0.0,0.0,0.0,3.322,0.554,1.878,1.048,5.77,3.732,2.852,3.741
09:17,,,0.0,0.0,0.0,2.277,0.527,1.854,1.086,5.791,3.735,3.524,3.256
09:18,,,0.0,0.0,0.0,2.419,5.592,1.834,1.229,5.812,3.277,7.481,4.047
09:19,,,0.0,0.0,0.0,2.549,4.032,1.832,1.498,5.841,3.343,2.737,3.218
09:20,,,0.0,0.0,0.0,3.865,5.262,1.863,1.645,5.871,2.926,3.125,2.985
09:21,,,0.0,0.0,0.0,2.778,5.152,1.932,1.39,5.877,2.43,2.509,4.223
09:22,,,0.0,0.0,0.0,2.604,3.834,2.017,1.198,5.879,2.406,2.778,5.063
09:23,,,0.0,0.0,0.0,2.583,4.679,2.121,1.076,5.912,2.447,3.631,4.437
09:24,,,0.0,0.0,0.0,2.605,4.715,2.223,1.042,5.922,2.462,3.6,4.284
09:25,,,0.0,0.0,0.0,2.644,5.291,2.299,1.015,5.914,2.427,7.34,3.773
09:26,,,0.0,0.0,0.0,2.733,5.843,2.316,1.002,5.938,2.465,2.142,3.662
09:27,,,4.925,0.0,0.0,2.808,5.545,2.274,1.002,5.996,2.114,2.389,3.839
09:28,,,4.953,0.0,0.0,2.91,3.894,2.22,0.995,6.038,1.935,2.185,5.693
09:29,,,4.986,0.0,0.0,2.97,2.11,2.155,0.959,6.045,1.815,2.358,6.111
09:30,,,5.011,0.0,0.0,2.977,2.259,2.116,0.947,6.059,1.732,2.463,6.914
09:31,,,5.032,0.0,0.0,3.225,4.249,2.093,0.969,6.1,1.578,5.185,6.258
09:32,,,5.05,0.0,0.0,7.923,6.347,2.088,1.018,6.109,1.295,2.39,4.747
09:33,,,5.079,0.0,0.0,3.097,7.016,2.111,1.086,6.113,1.081,3.868,3.799
09:34,,,5.096,0.0,0.0,5.736,6.999,2.164,1.179,6.134,1.028,5.222,4.223
09:35,,,5.116,0.0,0.0,4.78,6.965,2.23,1.246,6.172,1.073,3.517,3.404
09:36,,,5.142,0.0,0.0,7.486,6.938,2.326,1.229,6.171,1.165,3.041,3.475
09:37,,,5.162,0.0,0.0,7.336,6.894,2.38,1.159,6.222,1.138,4.394,3.456
09:38,,,5.185,0.0,0.0,2.724,6.905,2.384,1.086,6.248,1.227,6.571,3.626
09:39,,,5.196,0.0,0.0,2.752,6.893,2.342,1.081,6.252,1.206,6.465,3.711
09:40,,,5.217,0.0,0.0,5.774,6.873,2.295,1.131,6.285,1.16,6.553,3.555
09:41,,,5.236,0.0,0.0,4.381,6.879,2.282,1.178,6.296,1.759,6.518,2.886
09:42,,,5.263,0.0,0.0,2.764,6.872,2.281,1.177,6.318,2.419,6.422,3.513
09:43,,,5.291,0.0,0.0,2.35,6.862,2.26,1.144,6.358,1.926,6.404,3.982
09:44,,,5.302,0.0,0.0,3.799,6.767,2.187,1.133,6.374,1.334,6.199,4.832
09:45,,,5.325,0.0,0.0,2.812,6.768,2.14,1.155,6.388,1.347,6.124,4.058
09:46,,,5.334,0.0,0.0,3.556,6.786,2.19,1.214,6.399,1.656,6.111,3.925
09:47,,,5.365,0.0,0.0,4.384,6.812,2.259,1.27,6.422,2.017,6.134,4.112
09:48,,,5.39,0.0,0.0,3.528,6.827,2.334,1.333,6.453,2.246,6.145,4.759
09:49,,,5.395,0.0,0.0,2.874,6.833,2.383,1.39,6.463,2.484,6.128,5.256
09:50,,,5.395,0.0,0.0,3.962,6.815,2.402,1.461,6.492,2.482,6.146,4.933
09:51,,,5.404,0.0,0.0,4.176,6.808,2.419,1.539,6.508,2.501,6.172,4.805
09:52,,,5.423,0.0,0.0,5.608,6.805,2.458,1.562,6.531,2.587,6.188,5.018
09:53,,,5.448,0.0,0.0,6.348,6.792,2.543,1.609,6.541,2.565,6.186,4.424
09:54,,,5.45,0.0,0.0,5.465,6.78,2.642,1.795,6.566,2.383,6.201,4.149
09:55,,,5.45,0.0,0.0,7.081,6.797,2.724,1.853,6.59,2.198,6.203,4.399
09:56,,,5.45,0.0,0.0,6.59,6.81,2.789,1.8,6.605,2.072,6.204,3.23
09:57,,,5.45,0.0,0.0,6.441,6.832,2.838,1.846,6.616,2.051,6.209,3.269
09:58,,,5.45,0.0,0.0,3.047,6.848,2.827,2.022,6.649,2.159,6.178,3.034
09:59,,,5.45,0.0,0.0,3.553,6.859,2.747,2.23,6.657,2.264,6.203,3.098
10:00,,,5.45,0.0,0.0,3.637,6.869,2.673,2.292,6.666,1.973,6.238,3.362
10:01,,,5.45,0.0,0.0,6.374,6.883,2.593,2.256,6.703,1.747,6.254,3.373
10:02,,,5.45,0.0,0.0,6.736,6.895,2.474,2.202,6.688,1.655,6.265,3.223
10:03,,,5.45,0.0,0.0,6.882,6.903,2.363,2.184,6.645,1.664,6.273,3.172
10:04,,,5.45,0.0,0.0,5.437,6.951,2.274,2.212,6.698,1.604,6.298,3.576
10:05,,,5.45,0.0,0.0,4.445,6.981,2.235,2.342,6.728,1.62,6.309,3.763
10:06,,,5.45,0.0,0.0,7.536,6.983,2.213,2.49,6.751,1.656,6.319,3.968
10:07,,,5.45,0.0,0.0,6.347,6.999,2.173,2.645,6.764,1.66,6.34,3.694
10:08,,,5.45,0.0,0.0,3.485,6.988,2.141,2.678,6.754,1.598,6.349,3.778
10:09,,,5.45,0.0,0.0,3.385,6.998,2.135,2.485,6.769,1.513,6.369,3.59
10:10,,,5.45,0.0,0.0,7.559,7.029,2.169,2.316,6.766,1.385,6.366,3.282
10:11,,,5.45,0.0,0.0,8.242,7.042,2.25,2.229,6.777,1.361,6.351,3.821
10:12,,,5.45,0.0,0.0,8.185,7.052,2.344,2.306,6.764,1.407,6.368,4.13
10:13,,,5.45,0.0,0.0,7.857,7.082,2.423,2.519,6.784,1.486,6.378,4.061
10:14,,,5.45,0.0,0.0,6.277,7.098,2.512,2.658,6.756,1.676,6.385,4.502
10:15,,,5.45,0.0,0.0,5.261,7.105,2.591,2.821,6.802,1.849,6.389,4.564
10:16,,,5.45,0.0,0.0,5.979,7.122,2.699,2.942,6.825,2.025,6.409,4.453
10:17,,,5.45,0.0,0.0,6.195,7.135,2.828,2.891,6.869,2.06,6.429,4.378
10:18,,,5.45,0.0,0.0,4.789,7.145,2.899,2.658,6.839,2.144,6.442,4.203
10:19,,,5.45,0.0,0.0,5.602,7.169,2.972,2.491,6.843,2.002,6.461,4.568
10:20,,,5.45,0.0,0.0,6.335,7.186,3.037,2.359,6.885,1.815,6.498,3.708
10:21,,,5.45,0.0,0.0,3.56,7.181,3.137,2.12,6.883,1.697,6.524,3.785
10:22,,,5.45,0.0,0.0,3.766,7.198,3.239,2.053,6.887,1.528,6.56,4.079
10:23,,,5.45,0.0,0.0,7.268,7.215,3.202,2.178,6.912,1.353,6.577,3.783
10:24,,,5.45,0.0,0.0,7.782,7.249,3.177,2.335,6.922,1.193,6.619,3.573
10:25,,,5.45,0.0,0.0,7.736,7.248,3.151,2.327,6.932,1.041,6.638,3.415
10:26,,,5.45,0.0,0.0,8.619,7.279,3.126,2.231,6.949,0.906,6.636,3.407
10:27,,,5.45,0.0,0.0,7.215,7.284,3.216,2.138,6.993,0.81,6.67,3.377
10:28,,,5.45,0.0,0.0,7.021,7.317,3.319,2.093,7.019,0.729,6.696,3.278
10:29,,,5.45,0.0,0.0,8.222,7.342,3.383,1.879,7.059,0.686,5.652,3.446
10:30,,,5.45,0.0,0.0,3.869,7.348,3.028,1.74,7.079,0.662,6.104,3.567
10:31,,,5.45,0.0,0.0,3.375,7.346,2.876,1.721,7.094,0.648,6.454,4.292
10:32,,,5.45,0.0,0.0,6.771,7.395,2.84,1.763,7.085,0.613,5.717,4.874
10:33,,,5.45,0.0,0.0,4.2,7.382,2.953,1.798,7.08,0.68,4.97,4.767
10:34,,,5.45,0.0,0.0,8.669,7.382,3.14,1.852,7.07,0.793,5.701,4.802
10:35,,,5.45,0.0,0.0,3.28,7.429,3.185,1.867,7.068,0.862,7.614,5.907
10:36,,,5.45,0.0,0.0,2.966,7.468,3.213,1.885,7.093,0.818,6.516,6.287
10:37,,,5.45,0.0,0.0,2.122,7.461,3.292,1.904,7.008,0.82,7.693,4.859
10:38,,,5.45,0.0,0.0,1.853,7.45,3.494,1.958,7.066,1.078,3.112,4.739
10:39,,,5.45,0.0,0.0,2.184,7.479,3.781,2.062,7.093,1.464,4.414,4.238
10:40,,,5.45,0.0,0.0,3.51,7.49,4.135,2.177,7.103,1.697,4.74,4.238
10:41,,,5.45,0.0,0.0,7.493,7.499,4.162,2.172,7.103,1.661,7.973,5.032
10:42,,,6.039,0.0,0.0,6.664,7.526,4.218,2.007,7.083,1.53,3.607,4.281
10:43,,,6.035,0.0,0.0,4.886,7.531,4.457,1.864,7.118,1.351,3.242,
10:44,,,6.056,0.0,0.0,2.924,7.529,7.125,1.841,7.13,1.11,2.985,
10:45,,,6.05,0.0,0.0,2.864,7.544,4.883,1.836,7.1,0.859,3.629,
10:46,,,5.394,0.0,0.0,2.949,7.559,7.212,1.786,7.121,0.646,3.683,
10:47,,,5.385,0.0,0.0,2.97,7.578,4.985,1.734,7.144,0.574,3.946,
10:48,,,5.379,0.0,0.0,6.202,7.571,4.356,1.67,7.176,0.571,3.512,
10:49,,,5.385,0.0,0.0,2.918,7.59,3.865,1.6,7.182,0.597,3.548,
10:50,,,5.39,0.0,0.0,2.467,7.616,3.674,1.514,7.191,0.599,3.427,
10:51,,,5.383,0.0,0.0,2.579,7.588,3.325,1.495,7.194,0.612,3.57,
10:52,,,5.447,0.0,0.0,3.011,7.609,3.088,1.509,7.208,0.631,3.295,
10:53,,,5.442,0.0,0.0,3.488,7.609,2.991,1.561,7.224,0.683,3.096,
10:54,,,5.468,0.0,0.0,4.769,7.603,2.898,1.663,7.215,0.722,3.317,
10:55,,,5.459,0.0,0.0,6.117,7.607,2.8,1.709,7.232,0.696,3.492,
10:56,,,5.456,0.0,0.0,6.788,7.613,2.754,1.682,7.25,0.661,4.171,
10:57,,,5.459,0.0,0.0,2.721,7.618,2.722,1.695,7.216,0.653,5.476,
10:58,,,5.482,0.0,0.0,2.682,7.636,2.709,1.769,7.248,0.68,5.063,
10:59,,,5.456,0.0,0.0,2.569,7.646,2.681,1.787,7.258,0.734,3.425,
11:00,,,5.462,0.0,0.0,3.299,7.636,2.676,1.717,7.25,0.818,3.302,
11:01,,,5.452,0.0,0.0,2.816,7.643,2.702,1.513,7.168,0.928,3.848,
11:02,,,5.455,0.0,0.0,2.813,7.678,2.723,1.364,7.217,1.038,4.147,
11:03,,,5.457,0.0,0.0,2.746,7.666,2.756,1.371,7.251,1.101,3.369,
11:04,,,5.463,0.0,0.0,2.858,7.66,2.771,1.437,7.276,1.131,2.877,
11:05,,,5.461,0.0,0.0,3.202,7.677,2.77,1.516,7.295,1.183,3.629,
11:06,,,5.472,0.0,0.0,3.735,7.67,2.791,1.593,7.304,1.231,5.214,
11:07,,,5.464,0.0,0.0,3.799,7.697,2.87,1.626,7.236,1.277,4.91,
11:08,,,5.455,0.0,0.0,3.615,7.715,2.978,1.628,7.282,1.391,4.238,
11:09,,,5.462,0.0,0.0,3.675,7.719,3.059,1.695,7.364,1.558,3.797,
11:10,,,5.467,0.0,0.0,3.455,7.719,3.093,1.898,7.343,1.695,3.956,
11:11,,,5.461,0.0,0.0,3.138,7.721,3.064,2.261,7.334,1.815,4.249,
11:12,,,5.469,0.0,0.0,3.192,7.714,2.967,2.625,7.365,2.033,7.066,
11:13,,,5.467,0.0,0.0,3.441,7.805,2.89,2.94,7.406,2.267,7.102,
11:14,,,5.47,0.0,0.0,4.92,7.823,2.765,3.19,7.396,2.518,7.027,
11:15,,,5.467,0.0,0.0,2.974,7.759,2.642,3.321,7.408,2.785,6.993,
11:16,,,5.456,0.0,0.0,2.431,7.732,2.55,3.311,7.402,2.902,6.965,
11:17,,,5.453,0.0,0.0,2.237,7.757,2.513,3.244,7.38,3.008,6.935,
11:18,,,5.483,0.0,0.0,2.287,7.751,2.513,3.304,7.408,3.122,6.917,
11:19,,,5.488,0.0,0.0,3.209,7.79,2.563,3.557,7.406,4.788,6.905,
11:20,,,5.494,0.0,0.0,2.484,7.815,2.642,3.892,7.428,8.885,6.897,
11:21,,,5.507,0.0,0.0,3.522,7.838,2.73,4.275,7.412,8.556,6.881,
11:22,,,5.514,0.0,0.0,2.65,7.841,2.814,4.768,7.415,7.126,6.885,
11:23,,,5.509,0.0,0.0,2.206,7.694,2.869,4.519,7.453,7.698,6.877,
11:24,,,5.502,0.0,0.0,1.838,7.864,2.893,4.223,7.441,6.088,6.882,
11:25,,,5.504,0.0,0.0,1.734,7.882,2.917,3.728,7.45,6.554,6.882,
11:26,,,5.507,0.0,0.0,1.729,7.872,2.987,3.283,7.444,7.782,6.888,
11:27,,,5.497,0.0,0.0,1.763,7.875,3.098,3.101,7.421,5.004,6.88,
11:28,,,5.499,0.0,0.0,1.87,7.886,3.267,3.178,7.451,4.447,6.873,
11:29,,,5.478,0.0,0.0,1.981,7.894,3.369,3.263,7.457,3.74,6.876,
11:30,,,5.467,0.0,0.0,1.958,7.867,3.419,3.453,7.458,6.118,6.872,
11:31,,,5.473,0.0,0.0,1.892,7.869,3.457,3.371,7.436,3.679,6.856,
11:32,,,5.466,0.0,0.0,1.917,7.896,3.51,3.045,7.45,2.687,6.854,
11:33,,,5.457,0.0,0.0,1.97,7.895,3.544,2.888,7.48,2.584,6.859,
11:34,,,5.461,0.0,0.0,1.886,7.889,3.546,2.817,7.498,2.632,6.85,
11:35,,,5.442,0.0,0.0,1.874,7.869,3.502,2.586,7.498,2.6,6.85,
11:36,,,5.456,0.0,0.0,2.111,7.88,3.476,2.322,7.495,2.648,6.857,
11:37,,,5.462,0.0,0.0,2.891,7.885,3.378,2.2,7.515,2.785,6.851,
11:38,,,5.47,0.0,0.0,2.249,7.748,3.289,2.168,7.486,5.119,6.847,
11:39,,,5.465,0.0,0.0,2.374,7.896,3.197,2.153,7.485,5.963,6.87,
11:40,,,5.468,0.0,0.0,1.853,7.871,3.188,2.046,7.46,7.584,6.882,
11:41,,,5.487,0.0,0.0,1.505,7.895,3.281,1.903,7.458,8.471,6.869,
11:42,,,3.658,0.0,0.0,1.344,7.934,3.429,1.788,7.465,8.574,6.834,
11:43,,,5.472,0.0,0.0,1.216,7.908,3.592,1.683,7.469,8.425,6.856,
11:44,,,5.337,0.0,0.0,1.038,7.864,3.705,1.611,7.47,7.018,6.878,
11:45,,,5.461,0.0,0.0,0.884,7.849,3.666,1.59,7.472,7.934,6.899,
11:46,,,5.47,0.0,0.0,0.743,7.846,3.577,1.605,7.47,7.335,6.903,
11:47,,,5.468,0.0,0.0,0.666,7.865,3.462,1.643,7.479,8.029,6.895,
11:48,,,2.876,0.0,0.0,0.623,7.864,3.349,1.673,7.484,7.746,6.901,
11:49,,,5.488,0.0,0.0,0.626,7.839,3.231,1.718,7.452,7.907,6.925,
11:50,,,5.502,0.0,0.0,0.631,7.838,3.137,1.835,7.466,7.336,6.963,
11:51,,,5.487,0.0,0.0,0.628,7.822,3.125,1.965,7.481,7.738,6.946,
11:52,,,5.479,0.0,0.0,0.612,7.834,3.131,2.039,7.438,7.037,6.935,
11:53,,,5.468,0.0,0.0,0.595,7.824,3.201,2.014,7.443,7.911,6.953,
11:54,,,4.896,0.0,0.0,0.585,7.84,3.227,1.891,7.447,6.0,6.96,
11:55,,,5.465,0.0,0.0,0.585,7.848,3.24,1.792,7.418,6.538,6.944,
11:56,,,5.462,0.0,0.0,0.575,7.836,3.258,1.725,7.411,7.571,6.958,
11:57,,,5.472,0.0,0.0,0.545,7.831,3.24,1.69,7.436,8.041,6.991,
11:58,,,5.466,0.0,0.0,0.51,7.833,3.262,1.613,7.41,7.924,7.0,
11:59,,,5.46,0.0,0.0,0.505,7.798,3.352,1.568,7.423,7.813,6.972,
12:00,,,5.46,0.0,0.0,0.536,7.815,3.445,1.587,7.424,7.666,6.974,
12:01,,,5.46,0.0,0.0,0.583,7.854,3.59,1.571,7.413,7.593,6.967,
12:02,,,5.476,0.0,0.0,0.637,7.862,3.717,1.595,7.403,7.712,6.985,
12:03,,,5.478,0.0,0.0,0.738,7.884,3.713,1.528,7.386,7.707,6.966,
12:04,,,5.458,0.0,0.0,0.846,7.889,3.745,1.475,7.364,7.462,6.979,
12:05,,,5.46,0.0,0.0,0.972,7.88,3.75,1.562,7.358,7.111,7.042,
12:06,,,0.0,0.0,0.0,1.143,7.88,3.671,1.74,7.359,8.094,7.079,
12:07,,,0.0,0.0,0.0,1.4,7.89,3.632,1.897,7.348,8.052,7.101,
12:08,,,0.0,0.0,0.0,1.607,7.925,3.746,2.012,7.358,7.895,7.153,
12:09,,,0.0,0.0,0.0,1.651,7.942,3.919,2.165,7.349,7.749,7.186,
12:10,,,0.0,0.0,0.0,1.524,7.983,4.003,2.293,7.352,8.155,7.287,
12:11,,,0.0,0.0,0.0,1.482,8.02,3.961,2.357,7.358,7.726,7.412,
12:12,,,0.0,0.0,0.0,1.565,8.044,3.942,2.292,7.349,6.543,7.414,
12:13,,,0.0,0.0,0.0,1.64,8.009,3.963,2.342,7.343,5.518,7.355,
12:14,,,0.0,0.0,0.0,1.636,7.955,4.048,2.492,7.353,6.565,7.513,
12:15,,,0.0,0.0,0.0,1.581,7.917,4.239,2.357,7.359,7.356,7.536,
12:16,,,0.0,0.0,0.0,1.487,7.921,4.269,2.162,7.34,5.334,7.497,
12:17,,,0.0,0.0,0.0,1.341,7.83,4.271,2.255,7.327,6.196,7.455,
12:18,,,0.0,0.0,0.0,1.19,7.821,4.135,2.441,7.338,6.518,7.181,
12:19,,,0.0,0.0,0.0,1.055,7.795,4.194,2.454,7.326,5.894,7.02,
12:20,,,6.206,0.0,0.0,0.973,7.742,4.379,2.168,7.315,5.507,6.777,
12:21,,,6.186,0.0,0.0,0.874,7.743,4.646,2.011,7.313,6.987,4.12,
12:22,,,6.146,0.0,0.0,0.813,7.793,4.915,1.889,7.277,6.316,7.146,
12:23,,,6.156,0.0,0.0,0.783,7.792,5.032,1.749,7.333,6.409,7.147,
12:24,,,6.137,0.0,0.0,0.782,7.838,4.796,1.756,7.24,6.765,7.124,
12:25,,,6.117,0.0,0.0,0.806,7.796,4.493,1.754,7.329,4.909,7.246,
12:26,,,6.154,0.0,0.0,0.822,7.784,4.255,1.622,7.259,5.289,7.471,
12:27,,,6.136,0.0,0.0,0.79,7.749,4.078,1.483,7.317,5.995,7.671,
12:28,,,6.136,0.0,0.0,0.748,7.771,4.218,1.435,7.27,5.428,2.725,
12:29,,,6.112,0.0,0.0,0.717,7.799,4.481,1.5,7.312,4.336,4.588,
12:30,,,6.151,0.0,0.0,0.711,7.814,4.526,1.585,7.306,2.209,3.338,
12:31,,,6.069,0.0,0.0,0.76,7.816,4.603,1.506,7.294,1.653,2.187,
12:32,,,6.151,0.0,0.0,0.794,7.808,4.839,1.391,7.284,1.531,2.26,
12:33,,,6.164,0.0,0.0,0.865,7.777,5.624,1.375,7.272,1.575,2.725,
12:34,,,6.088,0.0,0.0,0.97,7.768,6.652,1.349,7.254,1.593,2.975,
12:35,,,6.135,0.0,0.0,1.049,7.791,6.954,1.325,7.249,1.495,2.233,
12:36,,,6.152,0.0,0.0,1.13,7.764,7.078,1.296,7.234,1.439,2.501,
12:37,,,5.654,0.0,0.0,1.201,7.741,6.459,1.231,7.195,1.396,2.633,
12:38,,,5.482,0.0,0.0,1.236,7.725,5.339,1.171,7.202,1.297,3.12,
12:39,,,5.486,0.0,0.0,1.238,7.719,4.37,1.17,7.211,1.164,2.58,
12:40,,,5.488,0.0,0.0,1.234,7.711,3.985,1.186,7.188,1.054,5.08,
12:41,,,5.497,0.0,0.0,1.199,7.699,3.863,1.195,7.17,0.978,1.937,
12:42,,,5.489,0.0,0.0,1.124,7.702,3.842,1.138,7.172,0.923,1.59,
12:43,,,5.491,0.0,0.0,1.019,7.711,3.864,1.071,7.157,0.922,1.396,
12:44,,,5.488,0.0,0.0,0.904,7.741,3.862,1.015,7.149,0.956,1.307,
12:45,,,5.481,0.0,0.0,0.794,7.739,3.801,0.96,7.135,1.013,1.399,
12:46,,,5.464,0.0,0.0,0.764,7.752,3.68,0.916,7.131,1.113,1.583,
12:47,,,5.453,0.0,0.0,0.783,7.78,3.563,0.853,7.129,1.137,1.896,
12:48,,,5.461,0.0,0.0,0.858,7.821,3.525,0.781,7.12,1.174,1.635,
12:49,,,5.467,0.0,0.0,0.945,7.838,3.529,0.731,7.121,1.266,1.731,
12:50,,,5.469,0.0,0.0,1.048,7.929,3.51,0.732,7.099,1.286,2.053,
12:51,,,5.46,0.0,0.0,1.142,1.995,3.443,0.766,7.089,1.267,2.082,
12:52,,,5.466,0.0,0.0,1.211,3.008,3.314,0.735,7.085,1.202,2.546,
12:53,,,5.293,0.0,0.0,1.26,5.558,3.179,0.682,7.071,1.105,2.401,
12:54,,,4.647,0.0,0.0,1.262,8.005,3.025,0.69,7.063,1.121,1.87,
12:55,,,5.464,0.0,0.0,1.17,7.932,2.897,0.75,7.025,1.104,1.949,
12:56,,,4.99,0.0,0.0,1.105,8.012,2.801,0.813,7.01,0.964,1.936,
12:57,,,5.347,0.0,0.0,1.083,8.044,2.78,0.87,7.016,0.865,2.164,
12:58,,,5.416,0.0,0.0,1.066,7.986,2.811,0.862,7.02,0.845,3.269,
12:59,,,5.357,0.0,0.0,1.083,7.851,2.89,0.838,7.019,0.793,2.265,
13:00,,,3.493,0.0,0.0,1.188,7.722,3.052,0.871,7.011,0.697,1.944,
13:01,,,5.452,0.0,0.0,1.321,7.684,3.185,0.916,6.99,0.683,1.752,
13:02,,,5.455,0.0,0.0,1.483,7.731,3.239,0.931,6.946,0.72,1.614,
13:03,,,5.453,0.0,0.0,1.648,7.765,3.266,0.938,6.74,0.75,1.502,
13:04,,,5.463,0.0,0.0,1.713,7.849,3.25,0.977,7.365,0.794,1.392,
13:05,,,5.455,0.0,0.0,1.765,6.966,3.207,1.011,7.304,0.905,1.333,
13:06,,,5.471,0.0,0.0,1.808,7.368,3.132,0.943,7.228,1.138,1.273,
13:07,,,5.478,0.0,0.0,1.74,2.996,3.078,0.873,7.192,1.24,1.243,
13:08,,,5.465,0.0,0.0,1.805,7.945,3.047,0.825,7.121,1.267,1.224,
13:09,,,5.468,0.0,0.0,1.979,7.869,3.024,0.812,7.063,1.249,1.3,
13:10,,,5.47,0.0,0.0,2.181,7.872,3.001,0.811,7.034,1.187,1.451,
13:11,,,5.471,0.0,0.0,2.213,7.924,2.983,0.891,7.013,1.154,1.613,
13:12,,,5.476,0.0,0.0,2.143,8.019,2.957,0.969,7.005,1.078,1.838,
13:13,,,5.472,0.0,0.0,1.886,1.952,2.916,1.029,6.972,1.081,2.135,
13:14,,,5.473,0.0,0.0,1.869,6.462,2.863,1.082,6.962,1.067,2.564,
13:15,,,5.477,0.0,0.0,1.715,7.765,2.794,1.078,6.945,1.181,5.801,
13:16,,,5.471,0.0,0.0,1.682,2.46,2.725,1.104,6.964,1.152,2.609,
13:17,,,5.483,0.0,0.0,1.673,6.423,2.688,1.147,6.958,1.387,3.024,
13:18,,,5.497,0.0,0.0,1.567,8.26,2.678,1.25,6.983,1.569,2.489,
13:19,,,0.0,0.0,0.0,1.434,8.102,2.688,1.324,6.993,1.673,2.266,
13:20,,,0.0,0.0,0.0,1.386,8.061,2.674,1.357,6.972,1.514,1.95,
13:21,,,0.0,0.0,0.0,1.375,8.049,2.613,1.355,6.95,1.449,1.711,
13:22,,,0.0,0.0,0.0,1.395,7.862,2.548,1.235,6.902,1.421,1.663,
13:23,,,0.0,0.0,0.0,1.349,7.302,2.436,1.134,6.849,1.519,1.65,
13:24,,,0.0,0.0,0.0,1.321,6.559,2.319,1.076,6.82,1.536,1.734,
13:25,,,0.0,0.0,0.0,1.274,1.839,2.198,1.032,6.807,1.669,1.797,
13:26,,,0.0,0.0,0.0,1.16,2.228,2.1,1.011,6.783,1.681,1.868,
13:27,,,0.0,0.0,0.0,0.994,8.0,2.053,0.924,6.779,1.677,1.814,
13:28,,,0.0,0.0,0.0,0.841,7.894,2.048,0.814,6.781,1.885,1.804,
13:29,,,0.0,0.0,0.0,0.74,7.879,2.07,0.728,6.777,2.188,1.719,
13:30,,,0.0,0.0,0.0,0.654,7.849,2.106,0.669,6.754,1.933,1.659,
13:31,,,0.0,0.0,0.0,0.593,7.145,2.152,0.62,6.753,1.883,1.606,
13:32,,,0.0,0.0,0.0,0.529,1.58,2.196,0.589,6.739,2.119,1.648,
13:33,,,5.284,0.0,0.0,0.468,4.948,2.213,0.562,6.715,2.575,1.746,
13:34,,,5.284,0.0,0.0,0.395,3.85,2.202,0.565,6.699,2.893,1.803,
13:35,,,5.269,0.0,0.0,0.345,1.776,2.19,0.604,6.688,3.17,1.762,
13:36,,,5.263,0.0,0.0,0.326,1.561,2.165,0.637,6.651,4.198,1.622,
13:37,,,5.247,0.0,0.0,0.327,7.934,2.121,0.656,6.636,3.644,1.601,
13:38,,,5.235,0.0,0.0,0.287,7.919,2.074,0.654,6.638,4.403,1.513,
13:39,,,5.216,0.0,0.0,0.238,7.927,2.057,0.657,6.636,3.913,1.421,
13:40,,,5.208,0.0,0.0,0.226,7.977,2.034,0.664,6.645,2.275,1.363,
13:41,,,5.2,0.0,0.0,0.211,1.768,2.002,0.698,6.621,1.796,1.329,
13:42,,,5.179,0.0,0.0,0.182,1.307,1.964,0.71,6.647,2.039,1.303,
13:43,,,5.169,0.0,0.0,0.125,1.251,1.914,0.7,6.625,2.438,1.277,
13:44,,,5.155,0.0,0.0,0.114,2.531,1.854,0.618,6.606,2.366,1.291,
13:45,,,5.13,0.0,0.0,0.114,7.76,1.797,0.546,6.589,3.515,1.257,
13:46,,,5.111,0.0,0.0,0.119,1.573,1.752,0.519,6.572,4.379,1.316,
13:47,,,5.088,0.0,0.0,0.13,1.564,1.733,0.548,6.556,4.435,1.393,
13:48,,,5.059,0.0,0.0,0.136,5.797,1.737,0.619,6.561,4.911,1.535,
13:49,,,5.044,0.0,0.0,0.184,4.062,1.77,0.704,6.525,5.377,1.652,
13:50,,,5.109,0.0,0.0,0.19,3.903,1.829,0.71,6.491,6.268,2.187,
13:51,,,4.944,0.0,0.0,0.199,7.763,1.915,0.736,6.458,6.577,1.68,
13:52,,,4.975,0.0,0.0,0.224,5.823,1.998,0.789,6.432,6.181,1.555,
13:53,,,4.948,0.0,0.0,0.24,7.818,2.032,0.788,6.422,6.323,1.476,
13:54,,,4.937,0.0,0.0,0.261,6.568,2.053,0.786,6.392,6.444,1.562,
13:55,,,4.935,0.0,0.0,0.275,7.426,2.017,0.802,6.401,3.872,1.777,
13:56,,,4.237,0.0,0.0,0.291,7.36,1.976,0.795,6.406,2.988,5.72,
13:57,,,3.991,0.0,0.0,0.309,7.263,1.952,0.713,6.389,2.168,5.514,
13:58,,,4.324,0.0,0.0,0.335,7.206,1.937,0.655,6.41,1.659,2.488,
13:59,,,4.907,0.0,0.0,0.358,7.139,1.935,0.625,6.39,1.76,2.203,
14:00,,,4.886,0.0,0.0,0.386,3.225,1.936,0.591,6.346,2.705,1.914,
14:01,,,4.873,0.0,0.0,0.421,2.613,1.936,0.588,6.315,2.847,1.684,
14:02,,,3.351,0.0,0.0,0.468,7.28,1.94,0.62,6.326,2.522,1.599,
14:03,,,3.851,0.0,0.0,0.536,7.059,1.958,0.632,6.314,2.464,1.529,
14:04,,,4.121,0.0,0.0,0.588,7.001,1.98,0.601,6.287,2.943,1.576,
14:05,,,3.852,0.0,0.0,0.594,6.933,2.01,0.535,6.251,2.464,1.561,
14:06,,,4.771,0.0,0.0,0.576,6.847,2.03,0.48,6.23,2.885,2.215,
14:07,,,4.762,0.0,0.0,0.586,6.792,2.065,0.43,6.215,4.345,1.733,
14:08,,,4.601,0.0,0.0,0.59,6.718,2.082,0.423,6.197,6.929,1.607,
14:09,,,4.042,0.0,0.0,0.575,6.675,2.107,0.437,6.156,3.877,1.543,
14:10,,,3.658,0.0,0.0,0.554,6.634,2.121,0.395,6.077,6.927,3.146,
14:11,,,3.498,0.0,0.0,0.528,6.626,2.117,0.359,6.049,6.599,6.248,
14:12,,,2.096,0.0,0.0,0.503,6.608,2.129,0.345,6.017,6.463,2.703,
14:13,,,1.277,0.0,0.0,0.475,6.605,2.177,0.317,5.977,6.48,1.986,
14:14,,,1.15,0.0,0.0,0.418,6.571,2.231,0.284,5.944,6.065,3.667,
14:15,,,1.123,0.0,0.0,0.361,6.635,2.331,0.256,5.922,5.249,5.952,
14:16,,,1.092,0.0,0.0,0.318,0.964,2.428,0.267,5.906,6.345,5.779,
14:17,,,1.214,0.0,0.0,0.258,0.991,2.488,0.296,5.891,5.059,5.365,
14:18,,,1.421,0.0,0.0,0.209,1.222,2.454,0.314,5.887,1.896,1.635,
14:19,,,1.399,0.0,0.0,0.126,1.185,2.313,0.322,5.869,1.782,1.341,
14:20,,,1.396,0.0,0.0,0.109,6.81,2.109,0.351,5.835,1.916,1.412,
14:21,,,1.325,0.0,0.0,0.11,6.75,1.968,0.366,5.817,5.566,1.436,
14:22,,,1.15,0.0,0.0,0.128,6.737,1.874,0.383,5.794,5.805,1.503,
14:23,,,1.076,0.0,0.0,0.212,6.732,1.853,0.404,5.756,5.127,1.551,
14:24,,,0.941,0.0,0.0,0.248,6.719,1.881,0.448,5.724,4.489,1.675,
14:25,,,1.038,0.0,0.0,0.252,6.735,1.954,0.52,5.711,3.352,1.9,
14:26,,,1.025,0.0,0.0,0.256,6.683,2.05,0.6,5.7,2.617,3.513,
14:27,,,0.883,0.0,0.0,0.257,3.423,2.141,0.747,5.68,2.768,1.709,
14:28,,,0.722,0.0,0.0,0.258,6.444,2.221,0.874,5.67,3.673,1.669,
14:29,,,0.691,0.0,0.0,0.251,6.252,2.244,1.0,5.648,2.168,1.72,
14:30,,,0.704,0.0,0.0,0.242,1.093,2.209,1.135,5.632,2.271,1.651,
14:31,,,0.85,0.0,0.0,0.242,4.736,2.184,1.346,5.595,2.183,1.587,
14:32,,,0.953,0.0,0.0,0.23,6.338,2.178,1.371,5.589,2.167,1.51,
14:33,,,0.909,0.0,0.0,0.211,6.314,2.197,1.391,5.556,1.659,1.369,
14:34,,,0.93,0.0,0.0,0.184,6.309,2.211,1.241,5.524,1.14,1.283,
14:35,,,0.818,0.0,0.0,0.118,5.967,2.176,1.007,5.51,1.174,1.236,
14:36,,,0.84,0.0,0.0,0.109,1.208,2.11,0.881,5.475,1.059,1.191,
14:37,,,0.905,0.0,0.0,0.104,1.445,2.047,0.774,5.466,1.094,1.119,
14:38,,,0.941,0.0,0.0,0.1,2.378,2.012,0.718,5.443,1.117,1.071,
14:39,,,1.034,0.0,0.0,0.092,3.276,2.002,0.751,5.429,1.237,1.016,
14:40,,,1.039,0.0,0.0,0.078,4.575,2.014,0.874,5.405,1.423,0.965,
14:41,,,1.091,0.0,0.0,0.065,6.265,2.051,0.931,5.371,1.444,0.947,
14:42,,,1.761,0.0,0.0,0.055,6.149,2.065,0.881,5.347,1.617,0.984,
14:43,,,4.631,0.0,0.0,5.49,6.063,2.045,0.815,5.31,1.483,1.015,
14:44,,,4.366,0.0,0.0,5.465,5.986,1.99,0.873,5.283,1.366,1.013,
14:45,,,4.019,0.0,0.0,5.318,5.907,1.895,0.95,5.254,1.265,1.026,
14:46,,,3.346,0.0,0.0,5.277,5.852,1.743,1.09,5.23,1.358,1.077,
14:47,,,3.011,0.0,0.0,4.962,5.805,1.528,1.147,5.209,1.5,1.154,
14:48,,,3.134,0.0,0.0,4.661,5.775,1.204,1.065,5.182,1.471,1.283,
14:49,,,3.403,0.0,0.0,5.386,5.738,1.127,0.938,5.144,1.103,1.368,
14:50,,,2.812,0.0,0.0,5.431,5.703,1.484,0.969,5.097,1.322,1.396,
14:51,,,1.688,0.0,0.0,5.41,5.674,1.747,0.863,5.076,1.553,1.404,
14:52,,,1.929,0.0,0.0,5.262,5.641,1.876,0.742,5.041,1.741,1.373,
14:53,,,1.121,0.0,0.0,5.325,5.628,1.933,0.731,5.027,1.847,1.293,
14:54,,,1.057,0.0,0.0,5.194,5.625,1.912,0.684,5.0,1.786,1.254,
14:55,,,0.939,0.0,0.0,5.17,5.604,1.823,0.672,4.978,1.856,1.235,
14:56,,,0.924,0.0,0.0,4.793,5.625,1.651,0.745,4.962,1.589,1.174,
14:57,,,0.777,0.0,0.0,5.029,5.583,1.461,0.826,4.947,1.404,1.081,
14:58,,,0.731,0.0,0.0,5.015,5.567,1.295,0.804,4.935,1.211,1.012,
14:59,,,0.727,0.0,0.0,4.983,5.534,1.149,0.807,4.889,1.093,0.975,
15:00,,,0.615,0.0,0.0,5.012,5.536,1.061,0.827,4.855,1.365,0.925,
15:01,,,0.541,0.0,0.0,4.945,5.526,1.12,0.821,4.823,1.614,0.846,
15:02,,,0.551,0.0,0.0,4.964,5.518,1.242,0.788,4.804,1.83,0.735,
15:03,,,0.509,0.0,0.0,4.975,5.496,1.266,0.804,4.782,1.866,0.644,
15:04,,,0.501,0.0,0.0,4.888,5.462,1.184,0.709,4.77,1.666,0.562,
15:05,,,0.468,0.0,0.0,4.883,5.485,1.179,0.562,4.735,1.463,0.5,
15:06,,,0.397,0.0,0.0,4.809,1.947,1.161,0.482,4.7,1.344,0.443,
15:07,,,0.384,0.0,0.0,4.741,4.794,1.137,0.473,4.674,1.246,0.419,
15:08,,,0.414,0.0,0.0,4.732,5.508,1.101,0.51,4.641,1.171,0.406,
15:09,,,0.396,0.0,0.0,4.761,5.457,1.072,0.531,4.627,1.05,0.381,
15:10,,,0.359,0.0,0.0,4.798,1.515,1.045,0.491,4.592,0.822,0.363,
15:11,,,0.384,0.0,0.0,4.752,0.846,1.076,0.432,4.547,0.524,0.355,
15:12,,,0.383,0.0,0.0,4.706,0.853,1.026,0.458,4.503,0.747,0.341,
15:13,,,0.375,0.0,0.0,4.625,0.958,1.035,0.516,4.459,0.591,0.333,
15:14,,,0.371,0.0,0.0,4.723,1.705,1.013,0.481,4.432,0.405,0.31,
15:15,,,0.376,0.0,0.0,4.698,5.047,0.867,0.407,4.409,0.591,0.266,
15:16,,,0.386,0.0,0.0,4.482,5.306,0.773,0.409,4.387,0.6,0.247,
15:17,,,0.398,0.0,0.0,4.46,5.475,0.756,0.393,4.37,0.54,0.247,
15:18,,,0.404,0.0,0.0,4.537,5.435,0.72,0.436,4.329,0.671,0.25,
15:19,,,0.419,0.0,0.0,4.402,5.37,0.785,0.44,4.288,0.646,0.25,
15:20,,,0.439,0.0,0.0,4.382,5.404,0.839,0.437,4.259,0.64,0.25,
15:21,,,0.455,0.0,0.0,4.393,5.137,0.846,0.398,4.247,0.628,0.26,
15:22,,,0.469,0.0,0.0,4.334,4.952,0.88,0.444,4.208,0.624,0.275,
15:23,,,0.459,0.0,0.0,4.337,1.46,0.901,0.501,4.171,0.543,0.283,
15:24,,,0.421,0.0,0.0,4.297,1.43,0.925,0.478,4.146,0.492,0.296,
15:25,,,0.449,0.0,0.0,4.286,2.41,1.026,0.415,4.109,0.661,0.326,
15:26,,,0.494,0.0,0.0,4.272,2.157,0.885,0.435,4.085,0.762,0.353,
15:27,,,0.527,0.0,0.0,4.241,3.958,0.727,0.443,4.049,0.881,0.388,
15:28,,,0.546,0.0,0.0,4.304,5.353,0.694,0.343,4.01,0.915,0.398,
15:29,,,0.535,0.0,0.0,4.311,5.286,0.848,0.244,3.978,0.922,0.397,
15:30,,,0.509,0.0,0.0,4.247,5.28,0.971,0.205,3.931,0.956,0.39,
15:31,,,0.562,0.0,0.0,4.174,5.294,0.904,0.225,3.897,1.025,0.388,
15:32,,,0.604,0.0,0.0,4.136,1.797,0.734,0.281,3.858,1.114,0.396,
15:33,,,0.571,0.0,0.0,4.149,3.275,0.636,0.366,3.822,1.169,0.426,
15:34,,,0.535,0.0,0.0,4.04,1.583,0.57,0.403,3.79,1.196,0.437,
15:35,,,0.505,0.0,0.0,4.085,5.165,0.5,0.402,3.745,1.165,0.419,
15:36,,,0.476,0.0,0.0,4.088,4.997,0.493,0.449,3.711,1.075,0.386,
15:37,,,0.448,0.0,0.0,3.887,5.053,0.524,0.494,3.673,1.085,0.388,
15:38,,,0.397,0.0,0.0,3.991,3.116,0.498,0.511,3.649,1.064,0.399,
15:39,,,0.373,0.0,0.0,3.848,1.799,0.407,0.547,3.617,1.003,0.381,
15:40,,,0.369,0.0,0.0,3.908,1.678,0.35,0.524,3.589,0.851,0.352,
15:41,,,0.348,0.0,0.0,3.899,1.837,0.323,0.468,3.543,0.916,0.281,
15:42,,,0.362,0.0,0.0,3.738,2.907,0.317,0.482,3.504,0.908,0.223,
15:43,,,0.356,0.0,0.0,3.74,2.785,0.34,0.413,3.462,0.842,0.2,
15:44,,,0.343,0.0,0.0,3.752,5.098,0.424,0.399,3.424,0.831,0.201,
15:45,,,0.328,0.0,0.0,3.654,5.02,0.524,0.475,3.401,0.596,0.214,
15:46,,,0.305,0.0,0.0,3.642,4.939,0.541,0.487,3.366,0.458,0.231,
15:47,,,0.269,0.0,0.0,3.488,4.881,0.457,0.43,3.325,0.421,0.243,
15:48,,,0.215,0.0,0.0,3.521,4.84,0.398,0.337,3.295,0.358,0.267,
15:49,,,0.174,0.0,0.0,3.47,4.83,0.429,0.305,3.263,0.312,0.266,
15:50,,,0.122,0.0,0.0,3.471,4.782,0.547,0.264,3.223,0.322,0.228,
15:51,,,0.12,0.0,0.0,3.457,4.398,0.527,0.216,3.197,0.378,0.205,
15:52,,,0.116,0.0,0.0,3.387,1.669,0.367,0.191,3.154,0.419,0.204,
15:53,,,0.111,0.0,0.0,3.351,2.448,0.345,0.195,3.119,0.339,0.232,
15:54,,,0.104,0.0,0.0,3.324,3.125,0.342,0.175,3.083,0.232,0.278,
15:55,,,0.092,0.0,0.0,3.045,2.671,0.347,0.185,3.052,0.199,0.319,
15:56,,,0.079,0.0,0.0,3.212,4.354,0.358,0.186,3.009,0.195,0.333,
15:57,,,0.064,0.0,0.0,3.202,2.551,0.371,0.202,2.973,0.222,0.332,
15:58,,,0.054,0.0,0.0,3.2,2.757,0.391,0.186,2.918,0.235,0.316,
15:59,,,0.044,0.0,0.0,3.248,4.102,0.42,0.172,2.874,0.248,0.334,
16:00,,,0.039,0.0,0.0,3.257,1.539,0.459,0.186,2.848,0.295,0.37,
16:01,,,0.039,0.0,0.0,3.167,1.191,0.497,0.189,2.808,0.379,0.425,
16:02,,,0.039,0.0,0.0,3.128,1.149,0.489,0.199,2.753,0.492,0.473,
16:03,,,0.038,0.0,0.0,3.098,1.115,0.475,0.196,2.719,0.547,0.405,
16:04,,,0.042,0.0,0.0,3.031,1.087,0.488,0.206,2.688,0.546,0.331,
16:05,,,0.05,0.0,0.0,2.94,1.074,0.533,0.197,2.646,0.514,0.359,
16:06,,,0.06,0.0,0.0,2.925,1.044,0.562,0.183,2.602,0.476,0.493,
16:07,,,0.064,0.0,0.0,2.84,1.005,0.567,0.12,2.569,0.425,0.657,
16:08,,,0.066,0.0,0.0,2.72,0.995,0.59,0.113,2.525,0.379,0.717,
16:09,,,0.065,0.0,0.0,2.51,0.995,0.601,0.1,2.486,0.341,0.704,
16:10,,,0.061,0.0,0.0,2.213,1.027,0.56,0.096,2.447,0.324,0.611,
16:11,,,0.059,0.0,0.0,0.765,1.052,0.491,0.09,2.413,0.315,0.541,
16:12,,,0.055,0.0,0.0,0.59,1.087,0.449,0.067,2.353,0.276,0.533,
16:13,,,0.051,0.0,0.0,0.495,1.108,0.417,0.045,2.302,0.255,0.538,
16:14,,,0.045,0.0,0.0,0.435,1.12,0.384,0.04,2.255,0.266,0.569,
16:15,,,0.032,0.0,0.0,0.381,1.089,0.315,0.044,2.16,0.312,0.565,
16:16,,,0.029,0.0,0.0,0.324,1.059,0.229,0.066,2.117,0.316,0.942,
16:17,,,0.022,0.0,0.0,0.285,1.025,0.113,0.095,1.99,0.256,1.087,
16:18,,,0.016,0.0,0.0,0.261,0.974,0.09,0.124,1.863,0.263,1.128,
16:19,,,0.011,0.0,0.0,0.245,0.985,0.086,0.168,1.774,0.24,1.108,
16:20,,,0.008,0.0,0.0,0.225,1.059,0.103,0.181,1.685,0.246,0.591,
16:21,,,0.006,0.0,0.0,0.22,1.357,0.141,0.171,1.657,0.238,0.498,
16:22,,,0.002,0.0,0.0,0.215,0.892,0.244,0.163,1.581,0.223,1.08,
16:23,,,0.001,0.0,0.0,0.2,0.83,0.295,0.116,1.567,0.222,0.87,
16:24,,,0.0,0.0,0.0,0.189,0.824,0.288,0.106,1.451,0.204,0.99,
16:25,,,0.0,0.0,0.0,0.178,0.817,0.255,0.086,1.364,0.183,0.793,
16:26,,,0.0,0.0,0.0,0.176,0.782,0.219,0.083,1.327,0.174,0.562,
16:27,,,0.0,0.0,0.0,0.123,0.73,0.168,0.095,1.295,0.166,0.709,
16:28,,,0.0,0.0,0.0,0.117,0.676,0.105,0.11,1.262,0.157,0.948,
16:29,,,0.0,0.0,0.0,0.113,0.618,0.097,0.13,1.238,0.119,0.881,
16:30,,,0.0,0.0,0.0,0.108,0.591,0.084,0.119,1.212,0.117,0.743,
16:31,,,0.0,0.0,0.0,0.106,0.58,0.07,0.077,1.176,0.118,0.578,
16:32,,,0.0,0.0,0.0,0.102,0.597,0.064,0.05,1.153,0.123,0.396,
16:33,,,0.0,0.0,0.0,0.099,0.611,0.06,0.036,1.118,0.186,0.275,
16:34,,,0.0,0.0,0.0,0.096,0.59,0.059,0.036,1.083,0.201,0.266,
16:35,,,0.0,0.0,0.0,0.094,0.534,0.061,0.031,1.06,0.198,0.246,
16:36,,,0.0,0.0,0.0,0.088,0.492,0.062,0.045,1.028,0.184,0.229,
16:37,,,0.0,0.0,0.0,0.088,0.471,0.06,0.055,1.001,0.162,0.228,
16:38,,,0.0,0.0,0.0,0.085,0.465,0.055,0.054,0.98,0.118,0.234,
16:39,,,0.0,0.0,0.0,0.081,0.473,0.05,0.058,0.954,0.11,0.236,
16:40,,,0.0,0.0,0.0,0.077,0.508,0.044,0.052,0.927,0.103,0.218,
16:41,,,0.0,0.0,0.0,0.074,0.857,0.039,0.063,0.89,0.095,0.189,
16:42,,,0.0,0.0,0.0,0.071,0.589,0.036,0.064,0.871,0.077,0.18,
16:43,,,0.0,0.0,0.0,0.07,0.604,0.033,0.061,0.84,0.059,0.184,
16:44,,,0.0,0.0,0.0,0.066,0.621,0.032,0.071,0.815,0.05,0.17,
16:45,,,0.0,0.0,0.0,0.066,0.627,0.03,0.074,0.786,0.044,0.121,
16:46,,,0.0,0.0,0.0,0.064,0.611,0.03,0.083,0.757,0.036,0.114,
16:47,,,0.0,0.0,0.0,0.062,0.612,0.028,0.093,0.731,0.036,0.103,
16:48,,,0.0,0.0,0.0,0.061,0.606,0.028,0.088,0.705,0.034,0.093,
16:49,,,0.0,0.0,0.0,0.057,0.582,0.028,0.079,0.673,0.033,0.086,
16:50,,,0.0,0.0,0.0,0.055,0.56,0.031,0.08,0.665,0.031,0.083,
16:51,,,0.0,0.0,0.0,0.053,0.55,0.033,0.067,0.628,0.029,0.077,
16:52,,,0.0,0.0,0.0,0.05,0.542,0.033,0.061,0.602,0.029,0.072,
16:53,,,0.0,0.0,0.0,0.049,0.567,0.035,0.066,0.574,0.032,0.068,
16:54,,,0.0,0.0,0.0,0.048,0.546,0.035,0.076,0.547,0.033,0.064,
16:55,,,0.0,0.0,0.0,0.047,0.591,0.035,0.07,0.524,0.034,0.059,
16:56,0.0,,0.0,0.0,0.0,0.046,0.635,0.036,0.069,0.5,0.038,0.055,
16:57,0.0,,0.0,0.0,0.0,0.044,0.847,0.038,0.068,0.469,0.036,0.051,
16:58,0.0,,0.0,0.0,0.0,0.045,0.71,0.04,0.058,0.442,0.034,0.046,
16:59,0.0,0.0,0.0,0.0,0.0,0.044,1.516,0.042,0.055,0.405,0.031,0.04,
17:00,,0.0,0.0,0.0,0.0,0.044,1.585,0.043,0.054,0.369,0.027,0.035,
17:01,,0.0,0.0,0.0,0.0,0.044,1.488,0.043,0.052,0.325,0.025,0.031,
17:02,,0.0,0.0,0.0,0.0,0.044,1.446,0.039,0.047,0.271,0.022,0.027,
17:03,,0.0,0.0,0.0,0.0,0.044,1.339,0.037,0.041,0.259,0.018,0.026,
17:04,,0.0,0.0,0.0,0.0,0.044,1.259,0.033,0.038,0.22,0.012,0.021,
17:05,,0.0,0.0,0.0,0.0,0.044,1.171,0.03,0.035,0.185,0.01,0.018,
17:06,,0.0,0.0,0.0,0.0,0.043,1.107,0.025,0.034,0.194,0.006,0.015,
17:07,,0.0,0.0,0.0,0.0,0.042,1.062,0.022,0.032,0.183,0.004,0.012,
17:08,,0.0,0.0,0.0,0.0,0.039,1.003,0.019,0.03,0.129,0.001,0.008,
17:09,,0.0,0.0,0.0,0.0,0.04,0.978,0.015,0.029,0.106,0.0,0.007,
17:10,,,0.0,0.0,0.0,0.038,0.961,0.013,0.023,0.08,0.0,0.005,
17:11,,,0.0,0.0,0.0,0.037,0.912,0.012,0.016,0.066,0.0,0.002,
17:12,,,0.0,0.0,0.0,0.037,0.909,0.011,0.011,0.06,0.0,0.0,
17:13,,,0.0,0.0,0.0,0.036,0.885,0.011,0.014,0.055,0.0,0.0,
17:14,,,0.0,0.0,0.0,0.035,0.855,0.01,0.016,0.051,0.0,0.0,
17:15,,,0.0,0.0,0.0,0.034,0.815,0.008,0.013,0.046,0.0,0.0,
17:16,,,0.0,0.0,0.0,0.032,0.786,0.008,0.01,0.043,0.0,0.0,
17:17,,,0.0,0.0,0.0,0.032,0.75,0.006,0.008,0.039,0.0,0.0,
17:18,,,0.0,0.0,0.0,0.034,0.737,0.004,0.005,0.033,0.0,0.0,
17:19,,,0.0,0.0,0.0,0.035,0.711,0.001,0.001,0.033,0.0,0.0,
17:20,,,0.0,0.0,0.0,0.038,0.675,0.0,0.0,0.027,0.0,0.0,
17:21,,,0.0,0.0,0.0,0.039,0.659,0.0,0.0,0.023,0.0,0.0,
17:22,,,0.0,0.0,0.0,0.037,0.645,0.0,0.0,0.021,0.0,0.0,
17:23,,,0.0,0.0,0.0,0.037,0.616,0.0,0.0,0.018,0.0,0.0,
17:24,,,0.0,0.0,0.0,0.036,0.469,0.0,0.0,0.013,0.0,0.0,
17:25,,,0.0,0.0,0.0,0.035,0.267,0.0,0.0,0.012,0.0,0.0,
17:26,,,0.0,0.0,0.0,0.034,0.211,0.0,0.0,0.009,0.0,0.0,
17:27,,,0.0,0.0,0.0,0.032,0.139,0.0,0.0,0.006,0.0,0.0,
17:28,,,0.0,0.0,0.0,0.031,0.121,0.0,0.0,0.004,0.0,0.0,
17:29,,,0.0,0.0,0.0,0.03,0.13,0.0,0.0,0.001,0.0,0.0,
17:30,,,0.0,0.0,0.0,0.032,0.211,0.0,0.0,0.0,0.0,0.0,
17:31,,,0.0,0.0,0.0,0.032,0.277,0.0,0.0,0.0,0.0,0.0,
17:32,,,0.0,0.0,0.0,0.03,0.284,0.0,0.0,0.0,0.0,0.0,
17:33,,,0.0,0.0,0.0,0.026,0.287,0.0,0.0,0.0,0.0,0.0,
17:34,,,0.0,0.0,0.0,0.028,0.289,0.0,0.0,0.0,0.0,0.0,
17:35,,,0.0,0.0,0.0,0.028,0.271,0.0,0.0,0.0,0.0,0.0,
17:36,,,0.0,0.0,0.0,0.026,0.217,0.0,0.0,0.0,0.0,0.0,
17:37,,,0.0,0.0,0.0,0.023,0.117,0.0,0.0,0.0,0.0,0.0,
17:38,,,0.0,0.0,0.0,0.02,0.093,0.0,0.0,0.0,0.0,0.0,
17:39,,,0.0,0.0,0.0,0.013,0.081,0.0,0.0,0.0,0.0,0.0,
17:40,,,0.0,0.0,0.0,0.01,0.071,0.0,0.0,0.0,0.0,0.0,
17:41,,,0.0,0.0,0.0,0.008,0.067,0.0,0.0,0.0,0.0,0.0,
17:42,,,0.0,0.0,0.0,0.008,0.074,0.0,0.0,0.0,0.0,0.0,
17:43,,,0.0,0.0,0.0,0.007,0.072,0.0,0.0,0.0,0.0,0.0,
17:44,,,0.0,0.0,0.0,0.007,0.063,0.0,0.0,0.0,0.0,0.0,
17:45,,,0.0,0.0,0.0,0.006,0.059,0.0,0.0,0.0,0.0,0.0,
17:46,,,0.0,0.0,0.0,0.004,0.053,0.0,0.0,0.0,0.0,0.0,
17:47,,,0.0,0.0,0.0,0.005,0.048,0.0,0.0,0.0,0.0,0.0,
17:48,,,0.0,0.0,0.0,0.002,0.048,0.0,0.0,0.0,0.0,0.0,
17:49,,,0.0,0.0,0.0,0.001,0.05,0.0,0.0,0.0,0.0,0.0,
17:50,,,0.0,0.0,0.0,0.0,0.049,0.0,0.0,0.0,0.0,0.0,
17:51,,,0.0,0.0,0.0,0.0,0.049,0.0,0.0,0.0,0.0,0.0,
17:52,,,0.0,0.0,0.0,0.0,0.05,0.0,0.0,0.0,0.0,0.0,
17:53,,,0.0,0.0,0.0,0.0,0.048,0.0,0.0,0.0,0.0,0.0,
17:54,,,0.0,0.0,0.0,0.0,0.045,0.0,0.0,0.0,0.0,0.0,
17:55,,,0.0,0.0,0.0,0.0,0.047,0.0,0.0,0.0,0.0,0.0,
17:56,,,0.0,0.0,0.0,0.0,0.041,0.0,0.0,0.0,0.0,0.0,
17:57,,,0.0,0.0,0.0,0.0,0.033,0.0,0.0,0.0,0.0,0.0,
17:58,,,0.0,0.0,0.0,0.0,0.027,0.0,0.0,0.0,0.0,0.0,
17:59,,,0.0,0.0,0.0,0.0,0.027,0.0,0.0,0.0,0.0,0.0,
18:00,,,0.0,0.0,0.0,0.0,0.02,0.0,0.0,0.0,0.0,0.0,
18:01,,,0.0,0.0,0.0,0.0,0.017,0.0,0.0,0.0,0.0,0.0,
18:02,,,0.0,0.0,0.0,0.0,0.011,0.0,0.0,0.0,0.0,0.0,
18:03,,,0.0,0.0,0.0,0.0,0.007,0.0,0.0,0.0,0.0,0.0,
18:04,,,0.0,0.0,0.0,0.0,0.004,0.0,0.0,0.0,0.0,0.0,
18:05,,,0.0,0.0,0.0,0.0,0.003,0.0,0.0,0.0,0.0,0.0,
18:06,,,0.0,0.0,0.0,0.0,0.0,0.0,0.0,0.0,0.0,0.0,
18:07,,,0.0,0.0,0.0,0.0,0.0,0.0,0.0,0.0,0.0,0.0,
18:08,,,0.0,0.0,0.0,0.0,0.0,0.0,0.0,0.0,0.0,0.0,
18:09,,,0.0,0.0,0.0,0.0,0.0,0.0,0.0,0.0,0.0,0.0,
18:10,,,0.0,0.0,0.0,0.0,0.0,0.0,0.0,0.0,0.0,0.0,
18:11,,,0.0,0.0,0.0,0.0,0.0,0.0,0.0,0.0,0.0,0.0,
18:12,,,0.0,0.0,0.0,0.0,0.0,0.0,0.0,0.0,0.0,0.0,
18:13,,,0.0,0.0,0.0,0.0,0.0,0.0,0.0,0.0,0.0,0.0,
18:14,,,0.0,0.0,0.0,0.0,0.0,0.0,0.0,0.0,0.0,0.0,
18:15,,,0.0,0.0,0.0,0.0,0.0,0.0,0.0,0.0,0.0,0.0,
18:16,,,0.0,0.0,0.0,0.0,0.0,0.0,0.0,0.0,0.0,0.0,
18:17,,,0.0,0.0,0.0,0.0,0.0,0.0,0.0,0.0,0.0,0.0,
18:18,,,0.0,0.0,0.0,0.0,0.0,0.0,0.0,0.0,0.0,0.0,
18:19,,,0.0,0.0,0.0,0.0,0.0,0.0,0.0,0.0,0.0,0.0,
18:20,,,0.0,0.0,0.0,0.0,0.0,0.0,0.0,0.0,0.0,0.0,
18:21,,,0.0,0.0,0.0,0.0,0.0,0.0,0.0,0.0,0.0,0.0,
18:22,,,0.0,0.0,0.0,0.0,0.0,0.0,0.0,0.0,0.0,0.0,
18:23,,,0.0,0.0,0.0,0.0,0.0,0.0,0.0,0.0,0.0,0.0,
18:24,,,0.0,0.0,0.0,0.0,0.0,0.0,0.0,0.0,0.0,0.0,
18:25,,,0.0,0.0,0.0,0.0,0.0,0.0,0.0,0.0,0.0,0.0,
18:26,,,0.0,0.0,0.0,0.0,0.0,0.0,0.0,0.0,0.0,0.0,
18:27,,,0.0,0.0,0.0,0.0,0.0,0.0,0.0,0.0,0.0,0.0,
18:28,,,0.0,0.0,0.0,0.0,0.0,0.0,0.0,0.0,0.0,0.0,
18:29,,,0.0,0.0,0.0,0.0,0.0,0.0,0.0,0.0,0.0,0.0,
18:30,,,0.0,0.0,0.0,0.0,0.0,0.0,0.0,0.0,0.0,0.0,
18:31,,,0.0,0.0,0.0,0.0,0.0,0.0,0.0,0.0,0.0,0.0,
18:32,,,0.0,0.0,0.0,0.0,0.0,0.0,0.0,0.0,0.0,0.0,
18:33,,,0.0,0.0,0.0,0.0,0.0,0.0,0.0,0.0,0.0,0.0,
18:34,,,0.0,0.0,0.0,0.0,0.0,0.0,0.0,0.0,0.0,0.0,
18:35,,,0.0,0.0,0.0,0.0,0.0,0.0,0.0,0.0,0.0,0.0,
18:36,,,0.0,0.0,0.0,0.0,0.0,0.0,0.0,0.0,0.0,0.0,
18:37,,,0.0,0.0,0.0,0.0,0.0,0.0,0.0,0.0,0.0,0.0,
18:38,,,0.0,0.0,0.0,0.0,0.0,0.0,0.0,0.0,0.0,0.0,
18:39,,,0.0,0.0,0.0,0.0,0.0,0.0,0.0,0.0,0.0,0.0,
18:40,,,0.0,0.0,0.0,0.0,0.0,0.0,0.0,0.0,0.0,0.0,
18:41,,,0.0,0.0,0.0,0.0,0.0,0.0,0.0,0.0,0.0,0.0,
18:42,,,0.0,0.0,0.0,0.0,0.0,0.0,0.0,0.0,0.0,0.0,
18:43,,,0.0,0.0,0.0,0.0,0.0,0.0,0.0,0.0,0.0,0.0,
18:44,,,0.0,0.0,0.0,0.0,0.0,0.0,0.0,0.0,0.0,0.0,
18:45,,,0.0,0.0,0.0,0.0,0.0,0.0,0.0,0.0,0.0,0.0,
18:46,,,0.0,0.0,0.0,0.0,0.0,0.0,0.0,0.0,0.0,0.0,
18:47,,,0.0,0.0,0.0,0.0,0.0,0.0,0.0,0.0,0.0,0.0,
18:48,,,0.0,0.0,0.0,0.0,0.0,0.0,0.0,0.0,0.0,0.0,
18:49,,,0.0,0.0,0.0,0.0,0.0,0.0,0.0,0.0,0.0,0.0,
18:50,,,0.0,0.0,0.0,0.0,0.0,0.0,0.0,0.0,0.0,0.0,
18:51,,,0.0,0.0,0.0,0.0,0.0,0.0,0.0,0.0,0.0,0.0,
18:52,,,0.0,0.0,0.0,0.0,0.0,0.0,0.0,0.0,0.0,0.0,
18:53,,,0.0,0.0,0.0,0.0,0.0,0.0,0.0,0.0,0.0,0.0,
18:54,,,0.0,0.0,0.0,0.0,0.0,0.0,0.0,0.0,0.0,0.0,
18:55,,,0.0,0.0,0.0,0.0,0.0,0.0,0.0,0.0,0.0,0.0,
18:56,,,0.0,0.0,0.0,0.0,0.0,0.0,0.0,0.0,0.0,0.0,
18:57,,,0.0,0.0,0.0,0.0,0.0,0.0,0.0,0.0,0.0,0.0,
18:58,,,0.0,0.0,0.0,0.0,0.0,0.0,0.0,0.0,0.0,0.0,
18:59,,,0.0,0.0,0.0,0.0,0.0,0.0,0.0,0.0,0.0,0.0,
19:00,,,0.0,0.0,0.0,0.0,0.0,0.0,0.0,0.0,0.0,0.0,
19:01,,,0.0,0.0,0.0,0.0,0.0,0.0,0.0,0.0,0.0,0.0,
19:02,,,0.0,0.0,0.0,0.0,0.0,0.0,0.0,0.0,0.0,0.0,
19:03,,,0.0,0.0,0.0,0.0,0.0,0.0,0.0,0.0,0.0,0.0,
19:04,,,0.0,0.0,0.0,0.0,0.0,0.0,0.0,0.0,0.0,0.0,
19:05,,,0.0,0.0,0.0,0.0,0.0,0.0,0.0,0.0,0.0,0.0,
19:06,,,0.0,0.0,0.0,0.0,0.0,0.0,0.0,0.0,0.0,0.0,
19:07,,,0.0,0.0,0.0,0.0,0.0,0.0,0.0,0.0,0.0,0.0,
19:08,,,0.0,0.0,0.0,0.0,0.0,0.0,0.0,0.0,0.0,0.0,
19:09,,,0.0,0.0,0.0,0.0,0.0,0.0,0.0,0.0,0.0,0.0,
19:10,,,0.0,0.0,0.0,0.0,0.0,0.0,0.0,0.0,0.0,0.0,
19:11,,,0.0,0.0,0.0,0.0,0.0,0.0,0.0,0.0,0.0,0.0,
19:12,,,0.0,0.0,0.0,0.0,0.0,0.0,0.0,0.0,0.0,0.0,
19:13,,,0.0,0.0,0.0,0.0,0.0,0.0,0.0,0.0,0.0,0.0,
19:14,,,0.0,0.0,0.0,0.0,0.0,0.0,0.0,0.0,0.0,0.0,
19:15,,,0.0,0.0,0.0,0.0,0.0,0.0,0.0,0.0,0.0,0.0,
19:16,,,0.0,0.0,0.0,0.0,0.0,0.0,0.0,0.0,0.0,0.0,
19:17,,,0.0,0.0,0.0,0.0,0.0,0.0,0.0,0.0,0.0,0.0,
19:18,,,0.0,0.0,0.0,0.0,0.0,0.0,0.0,0.0,0.0,0.0,
19:19,,,0.0,0.0,0.0,0.0,0.0,0.0,0.0,0.0,0.0,0.0,
19:20,,,0.0,0.0,0.0,0.0,0.0,0.0,0.0,0.0,0.0,0.0,
19:21,,,0.0,0.0,0.0,0.0,0.0,0.0,0.0,0.0,0.0,0.0,
19:22,,,0.0,0.0,0.0,0.0,0.0,0.0,0.0,0.0,0.0,0.0,
19:23,,,0.0,0.0,0.0,0.0,0.0,0.0,0.0,0.0,0.0,0.0,
19:24,,,0.0,0.0,0.0,0.0,0.0,0.0,0.0,0.0,0.0,0.0,
19:25,,,0.0,0.0,0.0,0.0,0.0,0.0,0.0,0.0,0.0,0.0,
19:26,,,0.0,0.0,0.0,0.0,0.0,0.0,0.0,0.0,0.0,0.0,
19:27,,,0.0,0.0,0.0,0.0,0.0,0.0,0.0,0.0,0.0,0.0,
19:28,,,0.0,0.0,0.0,0.0,0.0,0.0,0.0,0.0,0.0,0.0,
19:29,,,0.0,0.0,0.0,0.0,0.0,0.0,0.0,0.0,0.0,0.0,
19:30,,,0.0,0.0,0.0,0.0,0.0,0.0,0.0,0.0,0.0,0.0,
19:31,,,0.0,0.0,0.0,0.0,0.0,0.0,0.0,0.0,0.0,0.0,
19:32,,,0.0,0.0,0.0,0.0,0.0,0.0,0.0,0.0,0.0,0.0,
19:33,,,0.0,0.0,0.0,0.0,0.0,0.0,0.0,0.0,0.0,0.0,
19:34,,,0.0,0.0,0.0,0.0,0.0,0.0,0.0,0.0,0.0,0.0,
19:35,,,0.0,0.0,0.0,0.0,0.0,0.0,0.0,0.0,0.0,0.0,
19:36,,,0.0,0.0,0.0,0.0,0.0,0.0,0.0,0.0,0.0,0.0,
19:37,,,0.0,0.0,0.0,0.0,0.0,0.0,0.0,0.0,0.0,0.0,
19:38,,,0.0,0.0,0.0,0.0,0.0,0.0,0.0,0.0,0.0,0.0,
19:39,,,0.0,0.0,0.0,0.0,0.0,0.0,0.0,0.0,0.0,0.0,
19:40,,,0.0,0.0,0.0,0.0,0.0,0.0,0.0,0.0,0.0,0.0,
19:41,,,0.0,0.0,0.0,0.0,0.0,0.0,0.0,0.0,0.0,0.0,
19:42,,,0.0,0.0,0.0,0.0,0.0,0.0,0.0,0.0,0.0,0.0,
19:43,,,0.0,0.0,0.0,0.0,0.0,0.0,0.0,0.0,0.0,0.0,
19:44,,,0.0,0.0,0.0,0.0,0.0,0.0,0.0,0.0,0.0,0.0,
19:45,,,0.0,0.0,0.0,0.0,0.0,0.0,0.0,0.0,0.0,0.0,
19:46,,,0.0,0.0,0.0,0.0,0.0,0.0,0.0,0.0,0.0,0.0,
19:47,,,0.0,0.0,0.0,0.0,0.0,0.0,0.0,0.0,0.0,0.0,
19:48,,,0.0,0.0,0.0,0.0,0.0,0.0,0.0,0.0,0.0,0.0,
19:49,,,0.0,0.0,0.0,0.0,0.0,0.0,0.0,0.0,0.0,0.0,
19:50,,,0.0,0.0,0.0,0.0,0.0,0.0,0.0,0.0,0.0,0.0,
19:51,,,0.0,0.0,0.0,0.0,0.0,0.0,0.0,0.0,0.0,0.0,
19:52,,,0.0,0.0,0.0,0.0,0.0,0.0,0.0,0.0,0.0,0.0,
19:53,,,0.0,0.0,0.0,0.0,0.0,0.0,0.0,0.0,0.0,0.0,
19:54,,,0.0,0.0,0.0,0.0,0.0,0.0,0.0,0.0,0.0,0.0,
19:55,,,0.0,0.0,0.0,0.0,0.0,0.0,0.0,0.0,0.0,0.0,
19:56,,,0.0,0.0,0.0,0.0,0.0,0.0,0.0,0.0,0.0,0.0,
19:57,,,0.0,0.0,0.0,0.0,0.0,0.0,0.0,0.0,0.0,0.0,
19:58,,,0.0,0.0,0.0,0.0,0.0,0.0,0.0,0.0,0.0,0.0,
19:59,,,0.0,0.0,0.0,0.0,0.0,0.0,0.0,0.0,0.0,0.0,
20:00,,,0.0,0.0,0.0,0.0,0.0,0.0,0.0,0.0,0.0,0.0,
20:01,,,0.0,0.0,0.0,0.0,0.0,0.0,0.0,0.0,0.0,0.0,
20:02,,,0.0,0.0,0.0,0.0,0.0,0.0,0.0,0.0,-0.001,-0.001,
20:03,,,0.0,0.0,0.0,0.0,0.0,0.0,0.0,0.0,-0.001,-0.001,
20:04,,,0.0,0.0,0.0,0.0,0.0,0.0,0.0,0.0,-0.001,-0.001,
20:05,,,0.0,0.0,0.0,0.0,0.0,0.0,0.0,0.0,-0.001,-0.001,
20:06,,,0.0,0.0,0.0,0.0,0.0,0.0,0.0,0.0,-0.001,-0.001,
20:07,,,0.0,0.0,0.0,0.0,0.0,0.0,0.0,0.0,-0.001,-0.001,
20:08,,,0.0,0.0,0.0,0.0,0.0,0.0,0.0,0.0,-0.001,-0.001,
20:09,,,0.0,0.0,0.0,0.0,0.0,0.0,0.0,0.0,-0.001,-0.001,
20:10,,,0.0,0.0,0.0,0.0,0.0,0.0,0.0,0.0,-0.001,-0.001,
20:11,,,0.0,0.0,0.0,0.0,0.0,0.0,0.0,0.0,-0.001,-0.001,
20:12,,,0.0,0.0,0.0,0.0,0.0,0.0,0.0,0.0,-0.001,-0.001,
20:13,,,0.0,0.0,0.0,0.0,0.0,0.0,0.0,0.0,-0.001,-0.001,
20:14,,,0.0,0.0,0.0,0.0,0.0,0.0,0.0,0.0,-0.001,-0.001,
20:15,,,0.0,0.0,0.0,0.0,0.0,0.0,0.0,0.0,-0.001,-0.001,
20:16,,,0.0,0.0,0.0,0.0,0.0,0.0,0.0,0.0,-0.001,-0.001,
20:17,,,0.0,0.0,0.0,0.0,0.0,0.0,0.0,0.0,-0.001,-0.001,
20:18,,,0.0,0.0,0.0,0.0,0.0,0.0,0.0,0.0,-0.001,-0.001,
20:19,,,0.0,0.0,0.0,0.0,0.0,0.0,0.0,0.0,-0.001,-0.001,
20:20,,,0.0,0.0,0.0,0.0,0.0,0.0,0.0,0.0,-0.001,-0.001,
20:21,,,0.0,0.0,0.0,0.0,0.0,0.0,0.0,0.0,-0.001,-0.001,
20:22,,,0.0,0.0,0.0,0.0,0.0,0.0,0.0,0.0,-0.001,-0.001,
20:23,,,0.0,0.0,0.0,0.0,0.0,0.0,0.0,0.0,-0.001,-0.001,
20:24,,,0.0,0.0,0.0,0.0,0.0,0.0,0.0,0.0,-0.001,-0.001,
20:25,,,0.0,0.0,0.0,0.0,0.0,0.0,0.0,0.0,-0.001,-0.001,
20:26,,,0.0,0.0,0.0,0.0,0.0,0.0,0.0,0.0,-0.001,-0.001,
20:27,,,0.0,0.0,0.0,0.0,0.0,0.0,0.0,0.0,-0.001,-0.001,
20:28,,,0.0,0.0,0.0,0.0,0.0,0.0,0.0,0.0,-0.001,-0.001,
20:29,,,0.0,0.0,0.0,0.0,0.0,0.0,0.0,0.0,-0.001,-0.001,
20:30,,,0.0,0.0,0.0,0.0,0.0,0.0,0.0,0.0,-0.001,-0.001,
20:31,,,0.0,0.0,0.0,0.0,0.0,0.0,0.0,0.0,-0.001,-0.001,
20:32,,,0.0,0.0,0.0,0.0,0.0,0.0,0.0,0.0,-0.001,-0.001,
20:33,,,0.0,0.0,0.0,0.0,0.0,0.0,0.0,0.0,-0.001,-0.001,
20:34,,,0.0,0.0,0.0,0.0,0.0,0.0,0.0,0.0,-0.001,-0.001,
20:35,,,0.0,0.0,0.0,0.0,0.0,0.0,0.0,0.0,-0.001,-0.001,
20:36,,,0.0,0.0,0.0,0.0,0.0,0.0,0.0,0.0,-0.001,-0.001,
20:37,,,0.0,0.0,0.0,0.0,0.0,0.0,0.0,0.0,-0.001,-0.001,
20:38,,,0.0,0.0,0.0,0.0,0.0,0.0,0.0,0.0,-0.001,-0.001,
20:39,,,0.0,0.0,0.0,0.0,0.0,0.0,0.0,0.0,-0.001,-0.001,
20:40,,,0.0,0.0,0.0,0.0,0.0,0.0,0.0,0.0,-0.001,-0.001,
20:41,,,0.0,0.0,0.0,0.0,0.0,0.0,0.0,0.0,-0.001,-0.001,
20:42,,,0.0,0.0,0.0,0.0,0.0,0.0,0.0,0.0,-0.001,-0.001,
20:43,,,0.0,0.0,0.0,0.0,0.0,0.0,0.0,0.0,-0.001,-0.001,
20:44,,,0.0,0.0,0.0,0.0,0.0,0.0,0.0,0.0,-0.001,-0.001,
20:45,,,0.0,0.0,0.0,0.0,0.0,0.0,0.0,0.0,-0.001,-0.001,
20:46,,,0.0,0.0,0.0,0.0,0.0,0.0,0.0,0.0,-0.001,-0.001,
20:47,,,0.0,0.0,0.0,0.0,0.0,0.0,0.0,0.0,-0.001,-0.001,
20:48,,,0.0,0.0,0.0,0.0,0.0,0.0,0.0,0.0,-0.001,-0.001,
20:49,,,0.0,0.0,0.0,0.0,0.0,0.0,0.0,0.0,-0.001,-0.001,
20:50,,,0.0,0.0,0.0,0.0,0.0,0.0,0.0,0.0,-0.001,-0.001,
20:51,,,0.0,0.0,0.0,0.0,0.0,0.0,0.0,0.0,-0.001,-0.001,
20:52,,,0.0,0.0,0.0,0.0,0.0,0.0,0.0,0.0,-0.001,-0.001,
20:53,,,0.0,0.0,0.0,0.0,0.0,0.0,0.0,0.0,-0.001,-0.001,
20:54,,,0.0,0.0,0.0,0.0,0.0,0.0,0.0,0.0,-0.001,-0.001,
20:55,,,0.0,0.0,0.0,0.0,0.0,0.0,0.0,0.0,-0.001,-0.001,
20:56,,,0.0,0.0,0.0,0.0,0.0,0.0,0.0,0.0,-0.001,-0.001,
20:57,,,0.0,0.0,0.0,0.0,0.0,0.0,0.0,0.0,-0.001,-0.001,
20:58,,,0.0,0.0,0.0,0.0,0.0,0.0,0.0,0.0,-0.001,-0.001,
20:59,,,0.0,0.0,0.0,0.0,0.0,0.0,0.0,0.0,-0.001,-0.001,
21:00,,,0.0,0.0,0.0,0.0,0.0,0.0,0.0,0.0,-0.001,-0.001,
21:01,,,0.0,0.0,0.0,0.0,0.0,0.0,0.0,0.0,-0.001,-0.001,
21:02,,,0.0,0.0,0.0,0.0,0.0,0.0,0.0,0.0,-0.001,-0.001,
21:03,,,0.0,0.0,0.0,0.0,0.0,0.0,0.0,0.0,-0.001,-0.001,
21:04,,,0.0,0.0,0.0,0.0,0.0,0.0,0.0,0.0,-0.001,-0.001,
21:05,,,0.0,0.0,0.0,0.0,0.0,0.0,0.0,0.0,-0.001,-0.001,
21:06,,,0.0,0.0,0.0,0.0,0.0,0.0,0.0,0.0,-0.001,-0.001,
21:07,,,0.0,0.0,0.0,0.0,0.0,0.0,0.0,0.0,-0.001,-0.001,
21:08,,,0.0,0.0,0.0,0.0,0.0,0.0,0.0,0.0,-0.001,-0.001,
21:09,,,0.0,0.0,0.0,0.0,0.0,0.0,0.0,0.0,-0.001,-0.001,
21:10,,,0.0,0.0,0.0,0.0,0.0,0.0,0.0,0.0,-0.001,-0.001,
21:11,,,0.0,0.0,0.0,0.0,0.0,0.0,0.0,0.0,-0.001,-0.001,
21:12,,,0.0,0.0,0.0,0.0,0.0,0.0,0.0,0.0,-0.001,-0.001,
21:13,,,0.0,0.0,0.0,0.0,0.0,0.0,0.0,0.0,-0.001,-0.001,
21:14,,,0.0,0.0,0.0,0.0,0.0,0.0,0.0,0.0,-0.001,-0.001,
21:15,,,0.0,0.0,0.0,0.0,0.0,0.0,0.0,0.0,-0.001,-0.001,
21:16,,,0.0,0.0,0.0,0.0,0.0,0.0,0.0,0.0,-0.001,-0.001,
21:17,,,0.0,0.0,0.0,0.0,0.0,0.0,0.0,0.0,-0.001,-0.001,
21:18,,,0.0,0.0,0.0,0.0,0.0,0.0,0.0,0.0,-0.001,-0.001,
21:19,,,0.0,0.0,0.0,0.0,0.0,0.0,0.0,0.0,-0.001,-0.001,
21:20,,,0.0,0.0,0.0,0.0,0.0,0.0,0.0,0.0,-0.001,-0.001,
21:21,,,0.0,0.0,0.0,0.0,0.0,0.0,0.0,0.0,-0.001,-0.001,
21:22,,,0.0,0.0,0.0,0.0,0.0,0.0,0.0,0.0,-0.001,-0.001,
21:23,,,0.0,0.0,0.0,0.0,0.0,0.0,0.0,0.0,-0.001,-0.001,
21:24,,,0.0,0.0,0.0,0.0,0.0,0.0,0.0,0.0,-0.001,-0.001,
21:25,,,0.0,0.0,0.0,0.0,0.0,0.0,0.0,0.0,-0.001,-0.001,
21:26,,,0.0,0.0,0.0,0.0,0.0,0.0,0.0,0.0,-0.001,-0.001,
21:27,,,0.0,0.0,0.0,0.0,0.0,0.0,0.0,0.0,-0.001,-0.001,
21:28,,,0.0,0.0,0.0,0.0,0.0,0.0,0.0,0.0,-0.001,-0.001,
21:29,,,0.0,0.0,0.0,0.0,0.0,0.0,0.0,0.0,-0.001,-0.001,
21:30,,,0.0,0.0,0.0,0.0,0.0,0.0,0.0,0.0,-0.001,-0.001,
21:31,,,0.0,0.0,0.0,0.0,0.0,0.0,0.0,0.0,-0.001,-0.001,
21:32,,,0.0,0.0,0.0,0.0,0.0,0.0,0.0,0.0,-0.001,-0.001,
21:33,,,0.0,0.0,0.0,0.0,0.0,0.0,0.0,0.0,-0.001,-0.001,
21:34,,,0.0,0.0,0.0,0.0,0.0,0.0,0.0,0.0,-0.001,-0.001,
21:35,,,0.0,0.0,0.0,0.0,0.0,0.0,0.0,0.0,-0.001,-0.001,
21:36,,,0.0,0.0,0.0,0.0,0.0,0.0,0.0,0.0,-0.001,-0.001,
21:37,,,0.0,0.0,0.0,0.0,0.0,0.0,0.0,0.0,-0.001,-0.001,
21:38,,,0.0,0.0,0.0,0.0,0.0,0.0,0.0,0.0,-0.001,-0.001,
21:39,,,0.0,0.0,0.0,0.0,0.0,0.0,0.0,0.0,-0.001,-0.001,
21:40,,,0.0,0.0,0.0,0.0,0.0,0.0,0.0,0.0,-0.001,-0.001,
21:41,,,0.0,0.0,0.0,0.0,0.0,0.0,0.0,0.0,-0.001,-0.001,
21:42,,,0.0,0.0,0.0,0.0,0.0,0.0,0.0,0.0,-0.001,-0.001,
21:43,,,0.0,0.0,0.0,0.0,0.0,0.0,0.0,0.0,-0.001,-0.001,
21:44,,,0.0,0.0,0.0,0.0,0.0,0.0,0.0,0.0,-0.001,-0.001,
21:45,,,0.0,0.0,0.0,0.0,0.0,0.0,0.0,0.0,-0.001,-0.001,
21:46,,,0.0,0.0,0.0,0.0,0.0,0.0,0.0,0.0,-0.001,-0.001,
21:47,,,0.0,0.0,0.0,0.0,0.0,0.0,0.0,0.0,-0.001,-0.001,
21:48,,,0.0,0.0,0.0,0.0,0.0,0.0,0.0,0.0,-0.001,-0.001,
21:49,,,0.0,0.0,0.0,0.0,0.0,0.0,0.0,0.0,-0.001,-0.001,
21:50,,,0.0,0.0,0.0,0.0,0.0,0.0,0.0,0.0,-0.001,-0.001,
21:51,,,0.0,0.0,0.0,0.0,0.0,0.0,0.0,0.0,-0.001,-0.001,
21:52,,,0.0,0.0,0.0,0.0,0.0,0.0,0.0,0.0,-0.001,-0.001,
21:53,,,0.0,0.0,0.0,0.0,0.0,0.0,0.0,0.0,-0.001,-0.001,
21:54,,,0.0,0.0,0.0,0.0,0.0,0.0,0.0,0.0,-0.001,-0.001,
21:55,,,0.0,0.0,0.0,0.0,0.0,0.0,0.0,0.0,-0.001,-0.001,
21:56,,,0.0,0.0,0.0,0.0,0.0,0.0,0.0,0.0,-0.001,-0.001,
21:57,,,0.0,0.0,0.0,0.0,0.0,0.0,0.0,0.0,-0.001,-0.001,
21:58,,,0.0,0.0,0.0,0.0,0.0,0.0,0.0,0.0,-0.001,-0.001,
21:59,,,0.0,0.0,0.0,0.0,0.0,0.0,0.0,0.0,-0.001,-0.001,
22:00,,,0.0,0.0,0.0,0.0,0.0,0.0,0.0,0.0,-0.001,-0.001,
22:01,,,0.0,0.0,0.0,0.0,0.0,0.0,0.0,0.0,-0.001,-0.001,
22:02,,,0.0,0.0,0.0,0.0,0.0,0.0,0.0,0.0,-0.001,-0.001,
22:03,,,0.0,0.0,0.0,0.0,0.0,0.0,0.0,0.0,-0.001,-0.001,
22:04,,,0.0,0.0,0.0,0.0,0.0,0.0,0.0,0.0,-0.001,-0.001,
22:05,,,0.0,0.0,0.0,0.0,0.0,0.0,0.0,0.0,-0.001,-0.001,
22:06,,,0.0,0.0,0.0,0.0,0.0,0.0,0.0,0.0,-0.001,-0.001,
22:07,,,0.0,0.0,0.0,0.0,0.0,0.0,0.0,0.0,-0.001,-0.001,
22:08,,,0.0,0.0,0.0,0.0,0.0,0.0,0.0,0.0,-0.001,-0.001,
22:09,,,0.0,0.0,0.0,0.0,0.0,0.0,0.0,0.0,-0.001,-0.001,
22:10,,,0.0,0.0,0.0,0.0,0.0,0.0,0.0,0.0,-0.001,-0.001,
22:11,,,0.0,0.0,0.0,0.0,0.0,0.0,0.0,0.0,-0.001,-0.001,
22:12,,,0.0,0.0,0.0,0.0,0.0,0.0,0.0,0.0,-0.001,-0.001,
22:13,,,0.0,0.0,0.0,0.0,0.0,0.0,0.0,0.0,-0.001,-0.001,
22:14,,,0.0,0.0,0.0,0.0,0.0,0.0,0.0,0.0,-0.001,-0.001,
22:15,,,0.0,0.0,0.0,0.0,0.0,0.0,0.0,0.0,-0.001,-0.001,
22:16,,,0.0,0.0,0.0,0.0,0.0,0.0,0.0,0.0,-0.001,-0.001,
22:17,,,0.0,0.0,0.0,0.0,0.0,0.0,0.0,0.0,-0.001,-0.001,
22:18,,,0.0,0.0,0.0,0.0,0.0,0.0,0.0,0.0,-0.001,-0.001,
22:19,,,0.0,0.0,0.0,0.0,0.0,0.0,0.0,0.0,-0.001,-0.001,
22:20,,,0.0,0.0,0.0,0.0,0.0,0.0,0.0,0.0,-0.001,-0.001,
22:21,,,0.0,0.0,0.0,0.0,0.0,0.0,0.0,0.0,-0.001,-0.001,
22:22,,,0.0,0.0,0.0,0.0,0.0,0.0,0.0,0.0,-0.001,-0.001,
22:23,,,0.0,0.0,0.0,0.0,0.0,0.0,0.0,0.0,-0.001,-0.001,
22:24,,,0.0,0.0,0.0,0.0,0.0,0.0,0.0,0.0,-0.001,-0.001,
22:25,,,0.0,0.0,0.0,0.0,0.0,0.0,0.0,0.0,-0.001,-0.001,
22:26,,,0.0,0.0,0.0,0.0,0.0,0.0,0.0,0.0,-0.001,-0.001,
22:27,,,0.0,0.0,0.0,0.0,0.0,0.0,0.0,0.0,-0.001,-0.001,
22:28,,,0.0,0.0,0.0,0.0,0.0,0.0,0.0,0.0,-0.001,-0.001,
22:29,,,0.0,0.0,0.0,0.0,0.0,0.0,0.0,0.0,-0.001,-0.001,
22:30,,,0.0,0.0,0.0,0.0,0.0,0.0,0.0,0.0,-0.001,-0.001,
22:31,,,0.0,0.0,0.0,0.0,0.0,0.0,0.0,0.0,-0.001,-0.001,
22:32,,,0.0,0.0,0.0,0.0,0.0,0.0,0.0,0.0,-0.001,-0.001,
22:33,,,0.0,0.0,0.0,0.0,0.0,0.0,0.0,0.0,-0.001,-0.001,
22:34,,,0.0,0.0,0.0,0.0,0.0,0.0,0.0,0.0,-0.001,-0.001,
22:35,,,0.0,0.0,0.0,0.0,0.0,0.0,0.0,0.0,-0.001,-0.001,
22:36,,,0.0,0.0,0.0,0.0,0.0,0.0,0.0,0.0,-0.001,-0.001,
22:37,,,0.0,0.0,0.0,0.0,0.0,0.0,0.0,0.0,-0.001,-0.001,
22:38,,,0.0,0.0,0.0,0.0,0.0,0.0,0.0,0.0,-0.001,-0.001,
22:39,,,0.0,0.0,0.0,0.0,0.0,0.0,0.0,0.0,-0.001,-0.001,
22:40,,,0.0,0.0,0.0,0.0,0.0,0.0,0.0,0.0,-0.001,-0.001,
22:41,,,0.0,0.0,0.0,0.0,0.0,0.0,0.0,0.0,-0.001,-0.001,
22:42,,,0.0,0.0,0.0,0.0,0.0,0.0,0.0,0.0,-0.001,-0.001,
22:43,,,0.0,0.0,0.0,0.0,0.0,0.0,0.0,0.0,-0.001,-0.001,
22:44,,,0.0,0.0,0.0,0.0,0.0,0.0,0.0,0.0,-0.001,-0.001,
22:45,,,0.0,0.0,0.0,0.0,0.0,0.0,0.0,0.0,-0.001,-0.001,
22:46,,,0.0,0.0,0.0,0.0,0.0,0.0,0.0,0.0,-0.001,-0.001,
22:47,,,0.0,0.0,0.0,0.0,0.0,0.0,0.0,0.0,-0.001,-0.001,
22:48,,,0.0,0.0,0.0,0.0,0.0,0.0,0.0,0.0,-0.001,-0.001,
22:49,,,0.0,0.0,0.0,0.0,0.0,0.0,0.0,0.0,-0.001,-0.001,
22:50,,,0.0,0.0,0.0,0.0,0.0,0.0,0.0,0.0,-0.001,-0.001,
22:51,,,0.0,0.0,0.0,0.0,0.0,0.0,0.0,0.0,-0.001,-0.001,
22:52,,,0.0,0.0,0.0,0.0,0.0,0.0,0.0,0.0,-0.001,-0.001,
22:53,,,0.0,0.0,0.0,0.0,0.0,0.0,0.0,0.0,-0.001,-0.001,
22:54,,,0.0,0.0,0.0,0.0,0.0,0.0,0.0,0.0,-0.001,-0.001,
22:55,,,0.0,0.0,0.0,0.0,0.0,0.0,0.0,0.0,-0.001,-0.001,
22:56,,,0.0,0.0,0.0,0.0,0.0,0.0,0.0,0.0,-0.001,-0.001,
22:57,,,0.0,0.0,0.0,0.0,0.0,0.0,0.0,0.0,-0.001,-0.001,
22:58,,,0.0,0.0,0.0,0.0,0.0,0.0,0.0,0.0,-0.001,-0.001,
22:59,,,0.0,0.0,0.0,0.0,0.0,0.0,0.0,0.0,-0.001,-0.001,
23:00,,,0.0,0.0,0.0,0.0,0.0,0.0,0.0,0.0,-0.001,-0.001,
23:01,,,0.0,0.0,0.0,0.0,0.0,0.0,0.0,0.0,-0.001,-0.001,
23:02,,,0.0,0.0,0.0,0.0,0.0,0.0,0.0,0.0,-0.001,-0.001,
23:03,,,0.0,0.0,0.0,0.0,0.0,0.0,0.0,0.0,-0.001,-0.001,
23:04,,,0.0,0.0,0.0,0.0,0.0,0.0,0.0,0.0,-0.001,-0.001,
23:05,,,0.0,0.0,0.0,0.0,0.0,0.0,0.0,0.0,-0.001,-0.001,
23:06,,,0.0,0.0,0.0,0.0,0.0,0.0,0.0,0.0,-0.001,-0.001,
23:07,,,0.0,0.0,0.0,0.0,0.0,0.0,0.0,0.0,-0.001,-0.001,
23:08,,,0.0,0.0,0.0,0.0,0.0,0.0,0.0,0.0,-0.001,-0.001,
23:09,,,0.0,0.0,0.0,0.0,0.0,0.0,0.0,0.0,-0.001,-0.001,
23:10,,,0.0,0.0,0.0,0.0,0.0,0.0,0.0,0.0,-0.001,-0.001,
23:11,,,0.0,0.0,0.0,0.0,0.0,0.0,0.0,0.0,-0.001,-0.001,
23:12,,,0.0,0.0,0.0,0.0,0.0,0.0,0.0,0.0,-0.001,-0.001,
23:13,,,0.0,0.0,0.0,0.0,0.0,0.0,0.0,0.0,-0.001,-0.001,
23:14,,,0.0,0.0,0.0,0.0,0.0,0.0,0.0,0.0,-0.001,-0.001,
23:15,,,0.0,0.0,0.0,0.0,0.0,0.0,0.0,0.0,-0.001,-0.001,
23:16,,,0.0,0.0,0.0,0.0,0.0,0.0,0.0,0.0,-0.001,-0.001,
23:17,,,0.0,0.0,0.0,0.0,0.0,0.0,0.0,0.0,-0.001,-0.001,
23:18,,,0.0,0.0,0.0,0.0,0.0,0.0,0.0,0.0,-0.001,-0.001,
23:19,,,0.0,0.0,0.0,0.0,0.0,0.0,0.0,0.0,-0.001,-0.001,
23:20,,,0.0,0.0,0.0,0.0,0.0,0.0,0.0,0.0,-0.001,-0.001,
23:21,,,0.0,0.0,0.0,0.0,0.0,0.0,0.0,0.0,-0.001,-0.001,
23:22,,,0.0,0.0,0.0,0.0,0.0,0.0,0.0,0.0,-0.001,-0.001,
23:23,,,0.0,0.0,0.0,0.0,0.0,0.0,0.0,0.0,-0.001,-0.001,
23:24,,,0.0,0.0,0.0,0.0,0.0,0.0,0.0,0.0,-0.001,-0.001,
23:25,,,0.0,0.0,0.0,0.0,0.0,0.0,0.0,0.0,-0.001,-0.001,
23:26,,,0.0,0.0,0.0,0.0,0.0,0.0,0.0,0.0,-0.001,-0.001,
23:27,,,0.0,0.0,0.0,0.0,0.0,0.0,0.0,0.0,-0.001,-0.001,
23:28,,,0.0,0.0,0.0,0.0,0.0,0.0,0.0,0.0,-0.001,-0.001,
23:29,,,0.0,0.0,0.0,0.0,0.0,0.0,0.0,0.0,-0.001,-0.001,
23:30,,,0.0,0.0,0.0,0.0,0.0,0.0,0.0,0.0,-0.001,-0.001,
23:31,,,0.0,0.0,0.0,0.0,0.0,0.0,0.0,0.0,-0.001,-0.001,
23:32,,,0.0,0.0,0.0,0.0,0.0,0.0,0.0,0.0,-0.001,-0.001,
23:33,,,0.0,0.0,0.0,0.0,0.0,0.0,0.0,0.0,-0.001,-0.001,
23:34,,,0.0,0.0,0.0,0.0,0.0,0.0,0.0,0.0,-0.001,-0.001,
23:35,,,0.0,0.0,0.0,0.0,0.0,0.0,0.0,0.0,-0.001,-0.001,
23:36,,,0.0,0.0,0.0,0.0,0.0,0.0,0.0,0.0,-0.001,-0.001,
23:37,,,0.0,0.0,0.0,0.0,0.0,0.0,0.0,0.0,-0.001,-0.001,
23:38,,,0.0,0.0,0.0,0.0,0.0,0.0,0.0,0.0,-0.001,-0.001,
23:39,,,0.0,0.0,0.0,0.0,0.0,0.0,0.0,0.0,-0.001,-0.001,
23:40,,,0.0,0.0,0.0,0.0,0.0,0.0,0.0,0.0,-0.001,-0.001,
23:41,,,0.0,0.0,0.0,0.0,0.0,0.0,0.0,0.0,-0.001,-0.001,
23:42,,,0.0,0.0,0.0,0.0,0.0,0.0,0.0,0.0,-0.001,-0.001,
23:43,,,0.0,0.0,0.0,0.0,0.0,0.0,0.0,0.0,-0.001,-0.001,
23:44,,,0.0,0.0,0.0,0.0,0.0,0.0,0.0,0.0,-0.001,-0.001,
23:45,,,0.0,0.0,0.0,0.0,0.0,0.0,0.0,0.0,-0.001,-0.001,
23:46,,,0.0,0.0,0.0,0.0,0.0,0.0,0.0,0.0,-0.001,-0.001,
23:47,,,0.0,0.0,0.0,0.0,0.0,0.0,0.0,0.0,-0.001,-0.001,
23:48,,,0.0,0.0,0.0,0.0,0.0,0.0,0.0,0.0,-0.001,-0.001,
23:49,,,0.0,0.0,0.0,0.0,0.0,0.0,0.0,0.0,-0.001,-0.001,
23:50,,,0.0,0.0,0.0,0.0,0.0,0.0,0.0,0.0,-0.001,-0.001,
23:51,,,0.0,0.0,0.0,0.0,0.0,0.0,0.0,0.0,-0.001,-0.001,
23:52,,,0.0,0.0,0.0,0.0,0.0,0.0,0.0,0.0,-0.001,-0.001,
23:53,,,0.0,0.0,0.0,0.0,0.0,0.0,0.0,0.0,-0.001,-0.001,
23:54,,,0.0,0.0,0.0,0.0,0.0,0.0,0.0,0.0,-0.001,-0.001,
23:55,,,0.0,0.0,0.0,0.0,0.0,0.0,0.0,0.0,-0.001,-0.001,
23:56,,,0.0,0.0,0.0,0.0,0.0,0.0,0.0,0.0,-0.001,-0.001,
23:57,,,0.0,0.0,0.0,0.0,0.0,0.0,0.0,0.0,-0.001,-0.001,
23:58,,,0.0,0.0,0.0,0.0,0.0,0.0,0.0,0.0,-0.001,-0.001,
23:59,,,0.0,0.0,0.0,0.0,0.0,0.0,0.0,0.0,-0.001,-0.001,
