,2025-07-24,2025-07-25,2025-07-26,2025-07-27,2025-07-28,2025-07-29,2025-07-30,2025-07-31,2025-08-01,2025-08-02,2025-08-03,2025-08-04,2025-08-05,2025-08-06,2025-08-07,2025-08-08,2025-08-09,2025-08-10,2025-08-11,2025-08-12,2025-08-13,2025-08-14,2025-08-15,2025-08-16,2025-08-17,2025-08-18,2025-08-19,2025-08-20,2025-08-21,2025-08-22,2025-08-23,2025-08-24,2025-08-25,2025-08-26,2025-08-27,2025-08-28,2025-08-29,2025-08-30,2025-08-31,2025-09-01,2025-09-02,2025-09-03,2025-09-04,2025-09-05,2025-09-06,2025-09-07,2025-09-08,2025-09-09,2025-09-10,2025-09-11,2025-09-12,2025-09-13,2025-09-14,2025-09-15,2025-09-16,2025-09-17,2025-09-18,2025-09-19,2025-09-20,2025-09-21,2025-09-22,2025-09-23,2025-09-24,2025-09-25,2025-09-26,2025-09-27,2025-09-28,2025-09-29,2025-09-30,2025-10-01,2025-10-02,2025-10-03,2025-10-04,2025-10-05,2025-10-06,2025-10-07,2025-10-08,2025-10-09
00:30,,0.0,0.0,0.0,0.0,0.0,0.0,0.0,0.0,0.0,0.0,0.0,0.0,0.0,0.0,0.0,0.0,0.0,0.0,0.0,0.0,0.0,0.0,0.0,0.0,0.0,0.0,0.0,0.0,0.0,0.0,0.0,0.0,0.0,0.0,0.0,0.0,0.0,0.0,0.0,0.0,0.0,0.0,0.0,0.0,0.0,0.0,0.0,0.0,0.0,0.0,0.0,0.0,0.0,0.0,0.0,0.0,0.0,0.0,0.0,0.0,0.0,0.0,0.0,0.0,0.0,0.0,0.0,-0.001,-0.001,-0.001,-0.001,-0.001,-0.001,-0.001,-0.001,-0.001,-0.001
01:00,,0.0,0.0,0.0,0.0,0.0,0.0,0.0,0.0,0.0,0.0,0.0,0.0,0.0,0.0,0.0,0.0,0.0,0.0,0.0,0.0,0.0,0.0,0.0,0.0,0.0,0.0,0.0,0.0,0.0,0.0,0.0,0.0,0.0,0.0,0.0,0.0,0.0,0.0,0.0,0.0,0.0,0.0,0.0,0.0,0.0,0.0,0.0,0.0,0.0,0.0,0.0,0.0,0.0,0.0,0.0,0.0,0.0,0.0,0.0,0.0,0.0,0.0,0.0,0.0,0.0,0.0,0.0,-0.001,-0.001,-0.001,-0.001,-0.001,-0.001,-0.001,-0.001,-0.001,-0.001
01:30,,0.0,0.0,0.0,0.0,0.0,0.0,0.0,0.0,0.0,0.0,0.0,0.0,0.0,0.0,0.0,0.0,0.0,0.0,0.0,0.0,0.0,0.0,0.0,0.0,0.0,0.0,0.0,0.0,0.0,0.0,0.0,0.0,0.0,0.0,0.0,0.0,0.0,0.0,0.0,0.0,0.0,0.0,0.0,0.0,0.0,0.0,0.0,0.0,0.0,0.0,0.0,0.0,0.0,0.0,0.0,0.0,0.0,0.0,0.0,0.0,0.0,0.0,0.0,0.0,0.0,0.0,0.0,-0.001,-0.001,-0.001,-0.001,-0.001,-0.001,-0.001,-0.001,-0.001,-0.001
02:00,,0.0,0.0,0.0,0.0,0.0,0.0,0.0,0.0,0.0,0.0,0.0,0.0,0.0,0.0,0.0,0.0,0.0,0.0,0.0,0.0,0.0,0.0,0.0,0.0,0.0,0.0,0.0,0.0,0.0,0.0,0.0,0.0,0.0,0.0,0.0,0.0,0.0,0.0,0.0,0.0,0.0,0.0,0.0,0.0,0.0,0.0,0.0,0.0,0.0,0.0,0.0,0.0,0.0,0.0,0.0,0.0,0.0,0.0,0.0,0.0,0.0,0.0,0.0,0.0,0.0,0.0,0.0,-0.001,-0.001,-0.001,-0.001,-0.001,-0.001,-0.001,-0.001,-0.001,-0.001
02:30,,0.0,0.0,0.0,0.0,0.0,0.0,0.0,0.0,0.0,0.0,0.0,0.0,0.0,0.0,0.0,0.0,0.0,0.0,0.0,0.0,0.0,0.0,0.0,0.0,0.0,0.0,0.0,0.0,0.0,0.0,0.0,0.0,0.0,0.0,0.0,0.0,0.0,0.0,0.0,0.0,0.0,0.0,0.0,0.0,0.0,0.0,0.0,0.0,0.0,0.0,0.0,0.0,0.0,0.0,0.0,0.0,0.0,0.0,0.0,0.0,0.0,0.0,0.0,0.0,0.0,0.0,0.0,-0.001,-0.001,-0.001,-0.001,-0.001,-0.001,-0.001,-0.001,-0.001,-0.001
03:00,,0.0,0.0,0.0,0.0,0.0,0.0,0.0,0.0,0.0,0.0,0.0,0.0,0.0,0.0,0.0,0.0,0.0,0.0,0.0,0.0,0.0,0.0,0.0,0.0,0.0,0.0,0.0,0.0,0.0,0.0,0.0,0.0,0.0,0.0,0.0,0.0,0.0,0.0,0.0,0.0,0.0,0.0,0.0,0.0,0.0,0.0,0.0,0.0,0.0,0.0,0.0,0.0,0.0,0.0,0.0,0.0,0.0,0.0,0.0,0.0,0.0,0.0,0.0,0.0,0.0,0.0,0.0,-0.001,-0.001,-0.001,-0.001,-0.001,-0.001,-0.001,-0.001,-0.001,-0.001
03:30,,0.0,0.0,0.0,0.0,0.0,0.0,0.0,0.0,0.0,0.0,0.0,0.0,0.0,0.0,0.0,0.0,0.0,0.0,0.0,0.0,0.0,0.0,0.0,0.0,0.0,0.0,0.0,0.0,0.0,0.0,0.0,0.0,0.0,0.0,0.0,0.0,0.0,0.0,0.0,0.0,0.0,0.0,0.0,0.0,0.0,0.0,0.0,0.0,0.0,0.0,0.0,0.0,0.0,0.0,0.0,0.0,0.0,0.0,0.0,0.0,0.0,0.0,0.0,0.0,0.0,0.0,0.0,-0.001,-0.001,-0.001,-0.001,-0.001,-0.001,-0.001,-0.001,-0.001,-0.001
04:00,,0.0,0.0,0.0,0.0,0.0,0.0,0.0,0.0,0.0,0.0,0.0,0.0,0.0,0.0,0.0,0.0,0.0,0.0,0.0,0.0,0.0,0.0,0.0,0.0,0.0,0.0,0.0,0.0,0.0,0.0,0.0,0.0,0.0,0.0,0.0,0.0,0.0,0.0,0.0,0.0,0.0,0.0,0.0,0.0,0.0,0.0,0.0,0.0,0.0,0.0,0.0,0.0,0.0,0.0,0.0,0.0,0.0,0.0,0.0,0.0,0.0,0.0,0.0,0.0,0.0,0.0,0.0,-0.001,-0.001,-0.001,-0.001,-0.001,-0.001,-0.001,-0.001,-0.001,-0.001
04:30,,0.0,0.0,0.0,0.0,0.0,0.0,0.0,0.0,0.0,0.0,0.0,0.0,0.0,0.0,0.0,0.0,0.0,0.0,0.0,0.0,0.0,0.0,0.0,0.0,0.0,0.0,0.0,0.0,0.0,0.0,0.0,0.0,0.0,0.0,0.0,0.0,0.0,0.0,0.0,0.0,0.0,0.0,0.0,0.0,0.0,0.0,0.0,0.0,0.0,0.0,0.0,0.0,0.0,0.0,0.0,0.0,0.0,0.0,0.0,0.0,0.0,0.0,0.0,0.0,0.0,0.0,0.0,-0.001,-0.001,-0.001,-0.001,-0.001,-0.001,-0.001,-0.001,-0.001,-0.001
05:00,,0.0424,0.012733333333333334,0.03916666666666667,0.045366666666666666,0.019866666666666664,0.006866666666666666,0.012533333333333334,0.0,0.0025666666666666667,0.010433333333333333,0.0025666666666666667,0.0,0.0,0.0,0.005433333333333333,0.009166666666666667,0.0,0.0,0.0,0.0054,0.0,0.0,0.0026666666666666666,0.0,0.0,0.0,0.0,0.0,0.0,0.0025666666666666667,0.0,0.0,0.0,0.0,0.0,0.0,0.0,0.0,0.0,0.0,0.0,0.0,0.0,0.0,0.0,0.0,0.0,0.0,0.0,0.0,0.0,0.0,0.0,0.0,0.0,0.0,0.0,0.0,0.0,0.0,0.0,0.0,0.0,0.0,0.0,0.0,0.0,-0.001,-0.001,-0.001,-0.001,-0.001,-0.001,-0.001,-0.001,-0.001,-0.001
05:30,,0.12853333333333333,0.21553333333333333,0.22096666666666664,0.2774,0.14556666666666668,0.12866666666666665,0.1275,0.05096666666666667,0.11576666666666666,0.10586666666666668,0.08123333333333332,0.06546666666666666,0.05383333333333333,0.0,0.23196666666666665,0.11506666666666666,0.005433333333333333,0.0656,0.0,0.09443333333333334,0.13996666666666666,0.08913333333333333,0.06923333333333333,0.11953333333333332,0.07676666666666666,0.0859,0.20753333333333332,0.04423333333333333,0.0419,0.15960000000000002,0.05496666666666667,0.0,0.02646666666666667,0.016666666666666666,0.014066666666666668,0.0,0.038066666666666665,0.04753333333333333,0.008133333333333333,0.0237,-0.0008,0.018333333333333333,-0.00013333333333333334,0.022266666666666667,0.026166666666666668,0.0024,-0.00036666666666666667,-0.00030000000000000003,-0.00043333333333333337,-6.666666666666667e-05,-0.0006000000000000001,0.028366666666666665,-0.0002,-6.666666666666667e-05,0.020566666666666667,0.005533333333333333,-0.0002666666666666667,-0.0005333333333333334,-0.0004,-0.0002666666666666667,-0.00030000000000000003,-0.0004,-0.00036666666666666667,-0.00043333333333333337,-0.00046666666666666666,-0.0004,-0.0009,-0.0005333333333333334,-0.001,-0.0006666666666666666,-0.0006333333333333333,-0.0006666666666666666,-0.0007333333333333333,-0.0009,-0.0009333333333333333,-0.0009,-0.001
06:00,0.0087,0.32420000000000004,0.5075,0.44466666666666665,0.4347333333333333,0.2952333333333333,0.39303333333333335,0.3183666666666667,0.24989999999999998,0.09366666666666666,0.22946666666666668,0.38216666666666665,0.26613333333333333,0.5077666666666667,0.1416,0.4624,0.33699999999999997,0.1396,0.22540000000000002,0.07893333333333333,0.2807,0.27080000000000004,0.2936666666666667,0.22953333333333334,0.4261666666666667,0.2504,0.4446333333333333,0.7594666666666666,0.2854,0.3602666666666667,0.4492333333333333,0.25543333333333335,0.010833333333333334,0.3045333333333333,0.24023333333333333,0.3293666666666667,0.22719999999999999,0.30256666666666665,0.2409,0.32243333333333335,0.16736666666666666,0.0,0.16679999999999998,0.055766666666666666,0.13826666666666665,0.1359,0.0,0.0033666666666666667,0.020533333333333334,0.0,0.016033333333333333,0.0,0.3373333333333334,0.03506666666666667,0.10293333333333334,0.16953333333333334,0.17816666666666667,0.0789,0.0,0.0482,0.06016666666666667,0.16896666666666665,0.08956666666666667,0.09293333333333334,0.05836666666666667,0.0382,0.08056666666666668,0.002766666666666667,0.0447,-3.3333333333333335e-05,0.25143333333333334,0.028,0.031966666666666664,0.008966666666666668,0.005866666666666667,0.014633333333333333,0.014133333333333333,0.021500000000000002
06:30,,0.7228,0.5709,0.8611333333333333,0.5916,0.40363333333333334,0.7059,0.6830333333333333,0.9206666666666667,0.7327,0.3081333333333333,0.33059999999999995,0.6756666666666666,0.16476666666666664,0.4058333333333334,0.5409666666666666,0.4718333333333333,0.0946,0.6970666666666666,0.18673333333333333,0.5749,0.46123333333333333,0.4399666666666667,0.31253333333333333,0.6953666666666667,0.5477333333333333,0.8515666666666667,0.9286333333333333,0.5777333333333333,0.6716,0.5703666666666667,0.40103333333333335,0.07313333333333333,0.3766,0.4179333333333333,0.6973333333333332,0.5127,0.4395,0.1537666666666667,0.5204,0.3187333333333333,0.0,0.3300666666666667,0.17556666666666668,0.3402,0.27126666666666666,0.049166666666666664,0.027066666666666666,0.1591,0.018166666666666664,0.32216666666666666,0.019133333333333332,0.6418333333333333,0.19636666666666666,0.28973333333333334,0.41916666666666663,0.17396666666666669,0.21976666666666667,0.02766666666666667,0.3967,0.22066666666666668,0.5607000000000001,0.4462,0.4509666666666667,0.2243,0.32303333333333334,0.2768666666666667,0.1497666666666667,0.18780000000000002,0.057866666666666663,0.44570000000000004,0.2087,0.22836666666666666,0.09230000000000001,0.1751,0.23600000000000002,0.15853333333333333,0.22886666666666666
07:00,,1.1099999999999999,0.9111999999999999,1.1279666666666666,1.0959333333333334,0.8438666666666667,0.9596666666666667,1.2103333333333335,1.3838666666666666,0.526,0.7493,0.6440333333333333,1.4394666666666667,0.017866666666666666,0.6648,1.0566,1.0027666666666666,0.16046666666666667,0.9692000000000001,0.2493,1.2458666666666667,1.0576666666666668,1.3109,0.6712,0.9887333333333334,1.1535,0.995,1.4296,0.9052333333333333,1.0146000000000002,0.7987666666666667,0.6444,0.2200666666666667,0.8303333333333334,0.7659,0.9057999999999999,0.7016666666666667,0.6432333333333333,0.6546666666666667,1.2000333333333333,0.5468,0.0029666666666666665,0.8000333333333334,0.47143333333333337,0.7638333333333333,0.4891333333333333,0.039433333333333334,0.03236666666666667,0.38843333333333335,0.017400000000000002,0.5046,0.28059999999999996,1.1687,0.25253333333333333,0.4326666666666667,0.47913333333333336,0.009133333333333334,0.39143333333333336,0.11376666666666665,0.5127333333333334,0.39459999999999995,0.8397,0.8291666666666667,0.5414666666666667,0.3858,0.5253,0.5146333333333334,0.4705666666666667,0.33376666666666666,0.063,0.8496666666666667,0.38153333333333334,0.5281,0.3592333333333333,0.7673666666666666,0.6002,0.43393333333333334,0.6360333333333333
07:30,,1.9025,1.7622,1.2863333333333336,2.0387666666666666,1.6602999999999999,2.043433333333333,1.1442333333333332,1.5383,0.7965666666666666,1.6181666666666668,1.1736333333333335,1.9005333333333332,0.1258,0.7189666666666666,1.5614,1.7162,0.44193333333333334,0.5112333333333333,0.5857,1.9496666666666667,1.9872,2.031433333333333,1.6260333333333332,1.5325666666666669,1.8109,1.5860333333333334,2.2750666666666666,2.3583,1.7673999999999999,1.5746333333333333,1.4185666666666668,0.3133,1.2351333333333334,1.4261666666666666,1.3935666666666668,1.7156333333333333,1.3633,0.6187333333333334,1.7095999999999998,1.2707666666666666,0.19119999999999998,1.0277333333333334,0.23023333333333335,0.9199666666666667,1.2168333333333334,0.06506666666666666,0.3819,0.37843333333333334,0.0354,0.6003333333333334,0.4093333333333333,1.9748666666666668,0.5225000000000001,1.0017666666666667,1.1254666666666668,0.0,1.0464,0.2685,0.6853333333333332,0.9728666666666667,1.1535333333333333,0.9631000000000001,1.3309,0.9095,1.0534666666666666,1.1580000000000001,1.1096333333333335,0.7951,0.3286,1.3863333333333332,0.8154666666666667,1.1517666666666666,0.7291666666666666,0.6383333333333333,0.7750666666666667,0.8659,1.1268666666666667
08:00,,2.7150666666666665,2.853466666666667,2.1880666666666664,1.7705,2.5883,2.9520666666666666,0.5860666666666667,0.748,1.9341333333333333,2.5740333333333334,1.3398333333333334,1.9771,0.39013333333333333,0.8406666666666667,3.0523666666666665,2.6578666666666666,0.7462333333333333,0.30050000000000004,0.42723333333333335,2.4749333333333334,2.8360333333333334,2.2993,1.7374,2.5219,2.414633333333333,2.2250666666666663,2.8384333333333336,2.1644,2.2470333333333334,2.4240333333333335,2.353133333333333,0.528,2.183133333333333,2.356533333333333,2.5180000000000002,2.4068666666666667,2.3823,1.4900666666666667,1.9366666666666668,2.2087,1.1041999999999998,0.9044666666666666,0.3657,1.5217333333333334,2.2261666666666664,0.1047,0.8356666666666667,1.0297333333333334,0.22380000000000003,0.28813333333333335,0.3255,2.241833333333333,0.8017666666666667,2.082466666666667,2.2239666666666666,0.0,2.1101,0.6389999999999999,1.5001666666666664,1.9706666666666666,2.460366666666667,1.7153666666666667,2.520166666666667,1.8182666666666667,1.8748333333333334,1.7515333333333334,1.2444666666666668,1.7415999999999998,0.5334666666666668,1.4185666666666668,1.8775000000000002,1.1290666666666667,1.0041333333333333,1.4970666666666665,0.849,1.0626333333333333,1.5852
08:30,,3.307933333333333,3.8163666666666667,3.1751333333333336,2.203133333333333,3.4902666666666664,3.6589,0.9389,2.1930666666666667,2.3991666666666664,3.5181666666666667,0.9839,2.4498333333333333,0.30893333333333334,1.1033666666666666,3.9070666666666667,4.049266666666666,0.6128666666666667,1.6614666666666666,0.4240333333333333,3.082466666666667,3.3059333333333334,2.1635333333333335,3.5617333333333336,3.4307666666666665,3.7171333333333334,3.0669666666666666,3.068233333333333,3.1017,2.5412666666666666,3.3671333333333333,3.3068,0.6655666666666666,3.1253333333333333,3.7346666666666666,3.3162000000000003,2.3645666666666667,2.6355333333333335,1.6336333333333333,2.4785,3.21,2.062,1.4293333333333333,0.5671333333333333,1.4913666666666667,3.3098,0.16849999999999998,0.6795666666666667,1.1253666666666668,0.27053333333333335,0.6224666666666666,0.7192666666666666,3.1912666666666665,0.7397333333333334,3.3225333333333333,3.5146666666666664,0.008733333333333334,3.4364666666666666,0.8160000000000001,2.205633333333333,3.3339,3.0791666666666666,2.6418666666666666,2.5379,3.1938,3.2415000000000003,3.1628,1.9383666666666668,3.0859666666666667,1.1159333333333334,2.889233333333333,2.6116666666666664,1.9183333333333332,1.0617333333333334,1.8743666666666667,1.193,1.4075,1.9495
09:00,,3.945066666666667,4.474633333333333,4.511033333333333,2.740333333333333,4.349900000000001,3.8938,0.6251,4.509766666666667,3.6268000000000002,4.268233333333333,1.1069,4.406633333333334,0.2764666666666667,1.4213666666666667,1.2123,4.511766666666667,1.0445,1.7972666666666666,0.5181,4.453566666666666,4.313066666666667,4.0385,4.580633333333334,4.269666666666667,3.7410666666666668,4.718833333333333,4.821366666666666,3.835466666666667,2.6756,4.216966666666667,4.1728,0.7073666666666667,4.8476,4.5846,4.431633333333334,2.9113666666666664,4.123433333333334,0.7168,3.2832333333333334,4.1095,2.0205,1.5319,0.6790666666666667,3.0803333333333334,4.2542,0.33330000000000004,0.4676,1.9226666666666667,0.9654333333333334,0.7238333333333333,0.3575,5.087199999999999,0.9476666666666667,3.9630666666666667,4.256,0.2047,4.441833333333333,1.3924666666666667,2.0242,4.312766666666667,4.0976,4.2434666666666665,1.6669333333333334,4.205166666666667,3.9702333333333333,4.1788,1.4606666666666668,4.145333333333333,1.1676666666666666,4.095933333333333,3.6310000000000002,2.7547,2.1739333333333333,2.293066666666667,2.0669333333333335,2.9737999999999998,2.3686000000000003
09:30,,5.147566666666666,5.1937999999999995,4.393466666666667,3.2385666666666664,5.074033333333333,5.305766666666667,1.5614666666666668,4.8037,3.2582,4.8200666666666665,0.7505666666666666,3.6892333333333336,0.3058666666666667,2.528766666666667,0.7126333333333332,5.2473,0.8664000000000001,1.8644333333333334,1.3182,5.352766666666667,5.451466666666667,4.5302,3.8364,5.0258,5.026066666666667,2.8771666666666667,5.310233333333333,3.4191999999999996,4.2287333333333335,4.941833333333333,4.939266666666667,0.6553,4.071866666666667,2.5572666666666666,4.806966666666667,2.4412666666666665,4.4873,0.6654666666666667,2.6109333333333336,4.903466666666666,3.5858666666666665,1.4329333333333334,0.9865666666666667,5.296866666666667,5.099066666666667,0.9840666666666666,0.4209,2.3296333333333332,1.5359666666666667,0.8303999999999999,0.7772333333333333,3.3125666666666667,1.3440666666666667,4.970533333333333,4.6382666666666665,0.3289666666666667,5.2479000000000005,1.0549,5.1848,5.1935,3.8293000000000004,4.8299666666666665,2.8822666666666668,5.036133333333334,4.4524333333333335,5.008666666666667,0.6717666666666666,4.990766666666667,0.7720666666666667,4.936566666666667,3.6376666666666666,4.324533333333333,2.4875666666666665,3.780666666666667,0.8252666666666666,3.2896666666666667,3.7436333333333334
10:00,,3.7924,3.8318333333333334,5.237366666666667,5.4607,3.928166666666667,3.6627666666666667,1.8940666666666668,4.878533333333333,4.6838999999999995,3.5797000000000003,0.6656,5.0978666666666665,0.7063333333333334,1.3252,2.319366666666667,4.505366666666666,1.1492666666666667,1.6925333333333334,1.3017,4.9429,4.5851,2.7425333333333333,3.1613333333333333,4.907566666666667,5.350866666666667,2.481466666666667,4.056666666666667,4.067333333333333,5.104633333333334,3.9382333333333337,3.5453333333333332,0.8907666666666666,4.819366666666666,5.2861,4.9110000000000005,3.2762333333333333,5.235666666666666,0.7739333333333334,4.584333333333333,4.2889,5.7975,0.5786666666666667,2.6287000000000003,5.174866666666667,5.479966666666667,1.7042,2.2243,2.3887,1.9189,1.7330666666666665,1.2502333333333333,5.496833333333333,1.2742333333333336,5.5193666666666665,3.0489666666666664,0.20586666666666667,3.6910000000000003,1.4753666666666667,5.6618,3.6435666666666666,3.7501666666666664,4.150933333333334,1.5783666666666667,5.589833333333333,4.567033333333333,3.986166666666667,1.8128333333333333,3.9918666666666667,0.31056666666666666,5.2655,4.737866666666666,4.859533333333333,2.1308333333333334,2.1237333333333335,0.9336333333333333,5.404066666666667,4.791433333333333
10:30,,4.658933333333334,3.7107666666666663,3.8185000000000002,3.9583999999999997,3.789833333333333,4.316333333333334,3.7477666666666667,4.327233333333334,4.082233333333333,2.2244333333333333,0.9770666666666667,3.8104999999999998,1.8833333333333333,1.6119333333333332,4.271166666666667,4.756066666666666,1.9038,1.6494,1.4131,2.5862333333333334,3.9041,2.3147,2.6057333333333332,4.8378000000000005,2.0001,1.2929666666666668,4.060066666666667,4.847266666666667,3.9061333333333335,5.2851333333333335,4.859066666666666,1.0923666666666667,3.3706666666666667,3.995566666666667,4.128,4.214933333333334,3.4272666666666667,0.8708333333333333,5.512933333333334,4.897633333333333,4.482933333333333,0.6985333333333333,2.0641666666666665,4.724166666666666,3.9255,2.9633666666666665,2.5422000000000002,2.6174000000000004,2.6182333333333334,1.3164,1.1427,2.6667666666666667,1.8115999999999999,5.2053666666666665,4.132666666666667,0.5709333333333333,4.523166666666667,2.4442666666666666,3.7517333333333336,5.017533333333334,3.1441666666666666,3.9259666666666666,1.0682,5.3692,3.957733333333333,4.805433333333334,1.7156,4.989766666666667,1.4810666666666668,4.0982666666666665,4.650833333333334,4.294666666666667,1.7840333333333334,3.897,1.2073666666666665,4.199966666666667,3.2592333333333334
11:00,,4.3142,3.8279,4.4766,3.9379333333333335,3.803366666666667,4.520566666666666,4.061566666666667,4.518966666666667,4.8030333333333335,4.572566666666666,1.5570666666666668,2.5828333333333333,1.8706,4.556633333333333,5.666066666666667,3.8775,2.8743333333333334,2.330566666666667,1.5189,3.4423000000000004,4.410200000000001,1.9624,1.8599999999999999,4.218066666666667,2.7654,1.7906666666666666,3.8040000000000003,3.3437333333333332,5.0845666666666665,4.0018666666666665,5.047266666666667,1.1323,3.5338,4.022866666666667,4.116133333333333,4.014333333333334,1.4613666666666667,1.0970666666666666,3.9587999999999997,3.9724,4.9157,0.4519666666666667,1.9469333333333334,5.0123999999999995,4.1331999999999995,2.5583,1.6764666666666665,3.3695,4.770300000000001,1.0224666666666666,1.2204666666666666,1.9585,2.344666666666667,3.9495,4.773700000000001,0.6730666666666667,5.104833333333334,1.6834666666666667,2.9872666666666663,4.757866666666667,4.632833333333334,3.0627,0.874,4.97,4.7696,4.299933333333333,1.6386333333333334,4.351866666666667,2.5562,3.8361333333333336,4.930499999999999,5.137666666666666,2.074533333333333,1.1408333333333334,1.1696333333333333,5.138766666666667,4.412944444444445
11:30,,4.147133333333334,5.092766666666667,3.5762666666666667,4.842133333333334,4.012,4.188033333333333,5.208666666666667,5.057733333333333,3.969466666666667,4.048166666666666,1.9462666666666666,1.6474,1.2114,3.9954666666666667,4.025833333333334,3.9626666666666663,4.1148,2.7907333333333333,2.1696,4.6575,4.7540000000000004,1.8888666666666665,3.296266666666667,3.8280000000000003,3.233766666666667,2.272666666666667,3.1475999999999997,3.5504333333333333,4.243799999999999,3.9703000000000004,3.745433333333333,1.4109333333333334,2.6997666666666666,2.7976666666666667,4.8179,2.1064333333333334,2.234866666666667,1.7348,3.9804999999999997,3.8134333333333337,4.174633333333333,0.7190666666666666,2.0803,3.8023000000000002,5.2953,2.0715333333333334,4.219633333333333,3.1452999999999998,4.575900000000001,0.9635,0.7504333333333334,3.0298333333333334,3.6280333333333337,3.7849,2.7257333333333333,0.6053333333333334,4.333833333333333,3.003333333333333,2.0926,5.453366666666667,4.2984,5.179266666666666,3.3493,3.9507666666666665,4.427066666666667,5.463633333333333,1.2937,4.006333333333333,2.2258333333333336,4.121566666666667,4.337033333333333,3.6898666666666666,3.719933333333333,5.384,0.8399666666666666,3.6850333333333336,
12:00,4.516565217391304,4.0115,3.8205999999999998,3.0122333333333335,3.6635333333333335,3.9076666666666666,3.9969666666666663,4.059233333333333,2.8773,3.4751666666666665,4.049566666666666,1.2526333333333333,2.470766666666667,2.6984,2.7727666666666666,4.411766666666667,4.789566666666667,1.9118,5.8670333333333335,2.8772,4.707833333333334,4.0929,2.833766666666667,3.6852,4.6877,4.533733333333333,3.1027,4.7036,3.9568000000000003,4.008266666666667,4.0094666666666665,3.7468,1.3460333333333334,3.3990666666666667,0.6909333333333334,4.086233333333333,2.579133333333333,1.6272,1.3236666666666668,3.8068666666666666,3.941666666666667,4.0325999999999995,0.9572,1.1491,4.954933333333333,3.7775666666666665,2.7097333333333333,3.6264666666666665,2.5666333333333333,5.151133333333333,1.5184666666666666,0.6231666666666666,3.1193,2.3012666666666663,5.856633333333334,5.026466666666667,1.3376,5.329166666666667,2.0700666666666665,2.3649,4.234966666666667,4.259066666666667,4.9909,2.8464,5.603633333333334,5.056666666666667,4.2863,2.4808666666666666,5.738033333333333,1.3093000000000001,5.442466666666666,5.0645999999999995,5.081833333333334,5.2979666666666665,4.762933333333334,1.7849666666666666,3.7965,
12:30,3.8225666666666664,3.8257666666666665,3.8207666666666666,4.9939,3.8178666666666667,3.8755333333333337,3.8550666666666666,3.9440999999999997,4.4905,4.407333333333333,3.7821333333333333,1.5586666666666666,2.3725333333333336,3.0367,3.3649333333333336,5.550833333333333,4.947100000000001,1.2105,4.963233333333333,2.9682999999999997,4.177833333333333,4.852833333333334,3.4665000000000004,3.2388666666666666,3.9947333333333335,4.6285,4.658966666666667,4.1776,4.7269,3.8682000000000003,3.8157,3.6021666666666667,1.8040333333333334,4.912999999999999,1.1582666666666666,4.054033333333333,4.107733333333333,2.2179999999999995,1.3543999999999998,3.5642,3.6386666666666665,4.21,1.7983333333333333,2.0252666666666665,4.406433333333334,3.561366666666667,2.5011333333333337,4.000966666666667,3.4684000000000004,3.8710000000000004,1.3708666666666667,0.8776333333333334,3.3879,2.6159666666666666,4.2805333333333335,1.6965000000000001,1.9392,4.6776,2.0479333333333334,3.4899,5.602266666666667,4.0216,4.6289,1.1270333333333333,4.2248,5.145700000000001,5.276166666666667,4.1,3.8611999999999997,1.5345,4.1728,5.238133333333334,5.102366666666667,4.2594,3.8345,1.7779666666666667,4.118966666666667,
13:00,3.6824,3.770566666666667,3.9769333333333337,4.005466666666667,3.1225,3.9306,3.8425333333333334,3.7030333333333334,2.7567333333333335,4.1417,3.8378666666666663,1.6159000000000001,3.8945999999999996,5.081133333333333,3.6265,3.3592999999999997,3.807666666666667,1.0075333333333334,3.8967666666666663,2.5116,4.056566666666667,4.064166666666667,2.617566666666667,5.310133333333334,4.461766666666667,2.8184666666666667,4.0282333333333336,3.857266666666667,3.4578333333333333,3.8096,3.8048,3.154933333333333,1.5456,3.3099333333333334,1.6106666666666667,3.6400333333333332,5.0819,5.8943,1.7255333333333334,4.302300000000001,3.7502,4.0641,1.7586666666666666,2.074266666666667,4.2354666666666665,5.681,3.5202666666666667,4.0391,3.9026,3.594066666666667,1.1861,1.4985333333333335,3.5228333333333333,5.617500000000001,4.095066666666667,3.1682333333333332,1.2936,4.7987,0.9508,2.4159333333333333,4.362366666666667,3.7273666666666667,2.9928000000000003,3.2531000000000003,4.255866666666667,4.076266666666666,4.267666666666667,4.896433333333333,5.8662,1.3870666666666667,5.5959666666666665,3.9156666666666666,4.469966666666666,1.596,1.0302,1.0019333333333333,3.4697,
13:30,3.8517,3.820666666666667,3.908266666666667,2.2316333333333334,3.8118666666666665,3.9238,4.0947,4.401133333333333,2.3179333333333334,3.9191000000000003,3.926533333333333,1.6335333333333333,3.4869,3.9006333333333334,5.432366666666667,3.4777666666666667,3.922166666666667,1.3968666666666667,4.508833333333333,2.589,4.7734,5.099666666666667,2.880533333333333,4.087166666666667,3.7027666666666668,1.2587333333333333,3.7379333333333333,2.773,3.754833333333333,3.764733333333333,3.0753,5.0981000000000005,1.0404666666666667,4.694966666666667,3.1049,5.574700000000001,4.228800000000001,3.605766666666667,1.7667666666666666,4.5153,3.6767666666666665,4.217366666666667,1.0529,1.5813,4.067266666666667,3.8504333333333336,2.4797000000000002,3.744266666666667,1.9871,2.8537000000000003,1.1628333333333332,1.4003,5.600666666666667,4.4826999999999995,3.953733333333333,2.1689,1.1924333333333335,4.7992,0.9811333333333334,4.693133333333334,5.208366666666667,4.8112,2.4589333333333334,2.3074,4.488066666666667,5.0616,3.8196999999999997,4.202566666666667,4.090366666666666,0.6255666666666666,4.140833333333333,5.6007,4.4115,1.9423666666666668,1.2419,0.6763666666666667,3.2015666666666664,
14:00,3.8547000000000002,3.6223666666666667,4.004266666666667,1.7299333333333335,4.291566666666667,3.8814333333333333,3.867433333333333,4.2416,2.0931,3.7087333333333334,3.8736,1.7864,4.1225,4.0624,2.5396,4.634733333333333,3.7375333333333334,1.5683333333333331,3.6513,2.2478,4.805000000000001,3.8252,3.743933333333333,4.342533333333334,3.6822999999999997,4.197033333333334,4.707833333333334,3.3834999999999997,4.322433333333334,3.5873333333333335,4.312733333333333,3.8140666666666667,1.1425333333333332,4.8694,0.4535666666666666,3.719066666666667,4.8272,4.0587333333333335,1.3643,4.343666666666667,3.6743666666666663,3.9823666666666666,1.3479999999999999,1.1294666666666666,3.4808000000000003,2.905666666666667,2.4425000000000003,2.5510666666666664,1.4005,2.5612333333333335,1.2232666666666667,0.6900666666666666,3.6115333333333335,4.047233333333334,4.465633333333333,1.3500666666666667,1.6971666666666667,3.9316666666666666,0.7083666666666667,5.0741000000000005,5.327166666666667,4.180733333333333,5.206666666666666,1.9098333333333335,4.907633333333334,3.984933333333333,5.4155999999999995,2.8952999999999998,5.415333333333334,0.5207333333333334,5.563633333333333,4.192,3.1499333333333337,2.7448333333333332,4.1411,0.5280666666666667,3.3912666666666667,
14:30,3.7922333333333333,3.7871666666666663,4.419566666666666,2.4006666666666665,3.6826,3.7918000000000003,3.9271333333333334,4.341399999999999,1.9722000000000002,3.9903,3.9379666666666666,2.0191333333333334,3.8748333333333336,2.5326333333333335,3.2099666666666664,3.9916666666666667,3.7511666666666668,1.1083666666666665,3.3638,1.2935333333333332,4.3341666666666665,4.1315333333333335,3.5856,5.2934,4.222533333333334,3.7151,3.579,4.396966666666667,3.1526666666666667,4.4206666666666665,3.779533333333333,3.8372333333333333,0.7734333333333333,4.591266666666667,0.25483333333333336,3.7493,3.2222999999999997,3.6004,1.0345,4.290866666666667,3.585733333333333,4.106366666666667,0.9935333333333334,0.693,5.5341,4.7715000000000005,4.618166666666666,3.2847333333333335,1.7914999999999999,1.7288666666666666,1.3674666666666666,0.6442666666666667,5.4215333333333335,2.905733333333333,4.4052,1.16,1.3551333333333333,5.208266666666666,0.5904333333333334,3.8038000000000003,2.2736,4.0950999999999995,4.7676,1.8891333333333333,3.9080999999999997,4.3494,3.283533333333333,2.2717666666666667,4.148166666666667,0.8061666666666666,3.8479666666666663,4.944166666666666,2.5456999999999996,1.9618666666666666,3.4894000000000003,0.5021666666666667,1.9576666666666667,
15:00,3.7489333333333335,3.7864999999999998,3.1411666666666664,3.1085,3.6485333333333334,3.680066666666667,3.9435000000000002,4.143533333333333,1.0011666666666668,4.418566666666666,4.3257666666666665,1.6482666666666668,3.4119666666666664,1.606,3.6896666666666667,3.2673666666666668,5.2992,0.9089666666666666,3.3472333333333335,1.6983,3.7402,3.8071333333333333,2.6895333333333338,4.009533333333334,3.1023666666666667,1.6286666666666667,2.0488666666666666,3.2960333333333334,3.9712666666666667,4.231233333333333,3.6495333333333333,2.7489,0.9096,3.5242333333333336,0.07553333333333333,4.935933333333334,1.4851333333333334,3.7549,0.8715333333333334,2.8252333333333337,3.6769333333333334,2.934266666666667,0.5783,0.4721666666666667,4.000366666666666,1.4028333333333334,2.5694,4.5873333333333335,1.6486666666666667,3.1925666666666666,1.2349666666666665,0.274,3.5249333333333337,1.6376666666666668,3.5817666666666668,1.3756,0.7977666666666666,2.8868333333333336,1.1169666666666667,4.1574,4.435833333333333,3.9262666666666663,4.123566666666667,1.9647333333333334,3.6804666666666668,4.971066666666667,2.8095,1.6181666666666668,3.7906,0.4215333333333333,5.471033333333334,3.5997,0.9207333333333333,1.5217666666666667,1.7165,0.28956666666666664,1.0554333333333334,
15:30,3.8525,3.6456333333333335,1.6623666666666668,4.649900000000001,3.772066666666667,3.6038666666666668,4.062566666666666,4.261633333333333,0.8919999999999999,0.8592666666666666,4.593133333333333,0.9749642857142857,4.373066666666667,0.33089999999999997,4.2982,3.743466666666667,3.6715,0.38843333333333335,5.319766666666666,1.2076333333333333,4.951499999999999,4.678866666666666,2.6078333333333332,3.8315333333333332,2.4532000000000003,1.9224999999999999,3.114333333333333,3.1615333333333333,3.3045,4.387666666666666,4.162366666666666,2.6228333333333333,0.6067333333333332,3.209033333333333,0.07426666666666666,3.6709,0.9640666666666667,4.4072000000000005,0.8545,3.633566666666667,3.5763000000000003,2.3695333333333335,0.4484333333333333,0.6920333333333333,3.6691333333333334,0.7495333333333334,1.8978,4.623833333333334,0.9870333333333333,3.858633333333333,0.8408666666666667,0.45336666666666664,4.0331,2.8968,5.151133333333333,0.7131666666666666,0.5085333333333334,2.642233333333333,0.5757333333333333,3.7318333333333333,3.6757,3.9276666666666666,5.170133333333334,1.8225000000000002,4.607866666666666,3.4392,4.7223999999999995,1.0074,4.9959333333333324,0.14186666666666667,4.8290999999999995,4.591966666666666,0.7620666666666668,1.032,1.8219333333333334,0.17963333333333334,0.34883333333333333,
16:00,4.803433333333333,4.202766666666666,1.6219666666666666,2.577366666666667,3.6179666666666668,5.304033333333333,3.6157666666666666,3.6622333333333335,0.6480333333333334,0.8467666666666667,4.1594999999999995,1.4705666666666666,2.6541333333333332,0.024866666666666665,4.8665,3.7110333333333334,3.6308,0.43753333333333333,4.0339,0.7782666666666667,4.744066666666667,4.992900000000001,2.1758333333333337,3.5553000000000003,2.175846153846154,4.792199999999999,4.2593,4.254966666666666,2.7160333333333333,2.1146000000000003,3.7151666666666667,1.0167666666666666,0.4981666666666667,4.0544,0.19160000000000002,5.0515,1.2438666666666667,2.2365,0.7225333333333332,4.349466666666667,3.089633333333333,4.762033333333333,0.3595666666666667,0.6411333333333334,4.540566666666666,0.22043333333333334,1.2888333333333333,1.2973666666666666,0.493,1.3988666666666667,0.5323333333333333,0.3438333333333333,4.0455,1.5169333333333335,4.2373,1.0476,0.43256666666666665,3.5492666666666666,0.39483333333333337,2.0109,1.3417666666666668,4.050866666666667,4.326833333333334,0.7248333333333333,4.0613,4.270333333333334,4.068700000000001,0.8530666666666666,3.9926000000000004,0.18013333333333334,3.7636,3.4345,0.83,0.5692666666666667,0.6782666666666667,0.0994,0.2740666666666666,
16:30,4.534066666666666,4.555366666666667,1.0557,1.913,4.628433333333334,4.5559666666666665,4.769333333333333,4.285866666666666,0.5535,0.9028333333333334,4.382000000000001,1.1129,4.4865,0.19976666666666668,3.7363,2.293433333333333,4.396066666666667,0.3686666666666667,2.9704333333333333,0.48633333333333334,4.0023333333333335,2.5264,2.6591,2.9086333333333334,,4.363666666666666,2.659766666666667,2.3495,3.7749,1.3981999999999999,3.723,1.8965666666666665,0.3424333333333333,1.0996,0.9119333333333334,4.307666666666666,2.4880666666666666,2.2194,0.23306666666666667,2.574,2.759066666666667,3.9806666666666666,0.42906666666666665,0.17906666666666665,3.5459,0.3031333333333333,,0.8037,0.37403333333333333,0.312,0.4142,0.3254,3.173866666666667,0.8889333333333334,2.6976333333333335,0.9582666666666667,0.31776666666666664,3.0409333333333333,0.1514666666666667,2.4,0.7880666666666667,0.8575,3.219066666666667,0.5418333333333333,2.9388,3.1304000000000003,2.4260666666666664,0.8249333333333334,2.8112,0.0,2.4849,1.4912999999999998,0.2371,0.27516666666666667,0.42110000000000003,0.0362,0.9627333333333332,
17:00,3.084966666666667,1.9117,1.0642333333333334,1.2995333333333332,3.7113333333333336,3.6422000000000003,3.894366666666667,4.0843,0.4487666666666667,0.2702,1.1021666666666665,1.1244666666666667,1.9776333333333334,0.8539,3.5885333333333334,2.2859,1.4579,0.19236666666666666,1.5467,0.43543333333333334,3.7368,1.5561333333333331,1.3427666666666667,2.4876333333333336,,3.2590999999999997,0.9441,1.9369,3.3677333333333332,0.6710999999999999,3.4007,0.5787666666666667,0.12856666666666666,0.07446666666666667,1.3348333333333333,3.015733333333333,1.8013666666666666,2.391366666666667,0.1326,1.3781,1.0293666666666668,2.809266666666667,0.20820000000000002,0.15866666666666665,2.746566666666667,0.20303333333333334,,0.6964,0.044033333333333334,0.1686666666666667,0.09986666666666667,0.08673333333333333,2.1533333333333333,0.5321333333333333,1.7859,0.4339,0.11283333333333333,0.6298666666666667,0.10490000000000001,2.0316,0.5202333333333333,1.1743666666666668,0.3726333333333333,0.17143333333333333,1.4478666666666666,1.4986666666666666,0.995,0.21553333333333333,1.0155,0.013300000000000001,0.7933,0.6073000000000001,0.03283333333333333,0.03573333333333333,0.05436666666666667,0.023500000000000004,0.1501,
17:30,1.2988666666666666,0.10893333333333334,0.6936,0.6627333333333333,2.7683000000000004,2.6784666666666666,2.5224333333333333,2.969466666666667,0.31753333333333333,0.25753333333333334,0.29336666666666666,0.2831666666666666,0.5056999999999999,0.9028333333333334,2.4680000000000004,0.9812,2.0343333333333335,0.050133333333333335,1.0952666666666666,0.25366666666666665,1.5722333333333334,1.8796333333333335,1.5129,1.9583333333333333,,1.937,1.4812,0.9375,1.7545,0.6633666666666667,2.0024333333333333,0.7624666666666666,0.07246666666666667,0.048799999999999996,0.6533,1.1609333333333334,1.0187,1.2379666666666667,0.027466666666666664,0.6125,0.5781666666666666,1.6356666666666666,0.017733333333333334,0.09126666666666666,0.6625333333333334,0.0374,,0.5606666666666666,0.008766666666666667,0.1702,0.04816666666666667,0.027766666666666665,0.34769999999999995,0.20040000000000002,0.24903333333333333,0.29313333333333336,0.0,0.0894,0.0031666666666666666,0.36346666666666666,0.13316666666666668,0.0732,0.08016666666666668,0.012766666666666667,0.1817666666666667,0.13493333333333332,0.10506666666666667,0.030533333333333336,0.021166666666666667,0.0,0.03453333333333333,0.0031333333333333335,0.0,0.0,0.0,0.0,0.003933333333333333,
18:00,1.5549333333333335,0.3635,0.3586,0.5234666666666666,1.6142,1.5233333333333334,1.5161,0.7736999999999999,0.05873333333333333,0.8215333333333333,0.19063333333333335,0.0765,1.3942666666666668,0.3708,0.27096666666666663,0.40190000000000003,1.1959000000000002,0.04466666666666667,0.18356666666666666,0.019133333333333332,0.6587666666666666,0.4320333333333333,0.39923333333333333,0.6251666666666666,,0.37353333333333333,0.9556,0.5433666666666667,0.5868666666666668,0.5669000000000001,0.6443333333333333,0.12816666666666668,0.018433333333333336,0.0050999999999999995,0.5690333333333333,0.0964,0.145,0.3184666666666667,0.0,0.22553333333333334,0.07296666666666667,0.17166666666666666,0.0,0.0,0.16740000000000002,0.0,,0.06306666666666666,0.0,0.036066666666666664,0.0,0.0,0.005933333333333333,0.0202,0.0109,0.0060999999999999995,0.0,0.0,0.0,0.0131,0.0,0.0,0.0,0.0,0.0,0.0,0.0,0.0,0.0,0.0,0.0,0.0,0.0,0.0,0.0,0.0,0.0,
18:30,0.3484666666666667,0.5959333333333333,0.0688,0.3893333333333333,0.5441666666666667,0.4816333333333333,0.5034,0.0894,0.0109,0.3761333333333334,0.008966666666666668,0.025833333333333333,0.2793,0.0752,0.036800000000000006,0.08883333333333333,0.1423,0.0,0.07706666666666666,0.033699999999999994,0.008033333333333333,0.12566666666666668,0.07243333333333334,0.08653333333333334,,0.05586666666666666,0.13476666666666667,0.06536666666666667,0.011233333333333335,0.06566666666666666,0.07096666666666666,0.03253333333333333,0.0,0.0,0.0445,0.0,0.007866666666666666,0.002266666666666667,0.0,0.004833333333333333,0.0,0.0,0.0,0.0,0.0,0.0,,0.0,0.0,0.0,0.0,0.0,0.0,0.0,0.0,0.0,0.0,0.0,0.0,0.0,0.0,0.0,0.0,0.0,0.0,0.0,0.0,0.0,0.0,0.0,0.0,0.0,0.0,0.0,0.0,0.0,0.0,
19:00,0.05243333333333333,0.031966666666666664,0.0,0.012266666666666667,0.040100000000000004,0.03123333333333333,0.024733333333333333,0.0,0.0,0.028333333333333332,0.0,0.0,0.0067,0.0,0.0,0.0,0.0,0.0,0.0,0.0,0.0,0.0,0.0,0.0,,0.0,0.0,0.0,0.0,0.0,0.0,0.0,0.0,0.0,0.0,0.0,0.0,0.0,0.0,0.0,0.0,0.0,0.0,0.0,0.0,0.0,,0.0,0.0,0.0,0.0,0.0,0.0,0.0,0.0,0.0,0.0,0.0,0.0,0.0,0.0,0.0,0.0,0.0,0.0,0.0,0.0,0.0,0.0,0.0,0.0,0.0,0.0,0.0,0.0,0.0,0.0,
19:30,0.0,0.0,0.0,0.0,0.0,0.0,0.0,0.0,0.0,0.0,0.0,0.0,0.0,0.0,0.0,0.0,0.0,0.0,0.0,0.0,0.0,0.0,0.0,0.0,,0.0,0.0,0.0,0.0,0.0,0.0,0.0,0.0,0.0,0.0,0.0,0.0,0.0,0.0,0.0,0.0,0.0,0.0,0.0,0.0,0.0,,0.0,0.0,0.0,0.0,0.0,0.0,0.0,0.0,0.0,0.0,0.0,0.0,0.0,0.0,0.0,0.0,0.0,0.0,0.0,0.0,0.0,0.0,0.0,0.0,0.0,0.0,0.0,0.0,0.0,0.0,
20:00,0.0,0.0,0.0,0.0,0.0,0.0,0.0,0.0,0.0,0.0,0.0,0.0,0.0,0.0,0.0,0.0,0.0,0.0,0.0,0.0,0.0,0.0,0.0,0.0,,0.0,0.0,0.0,0.0,0.0,0.0,0.0,0.0,0.0,0.0,0.0,0.0,0.0,0.0,0.0,0.0,0.0,0.0,0.0,0.0,0.0,,0.0,0.0,0.0,0.0,0.0,0.0,0.0,0.0,0.0,0.0,0.0,0.0,0.0,0.0,0.0,0.0,0.0,0.0,0.0,0.0,0.0,0.0,0.0,0.0,0.0,0.0,0.0,0.0,0.0,0.0,
20:30,0.0,0.0,0.0,0.0,0.0,0.0,0.0,0.0,0.0,0.0,0.0,0.0,0.0,0.0,0.0,0.0,0.0,0.0,0.0,0.0,0.0,0.0,0.0,0.0,,0.0,0.0,0.0,0.0,0.0,0.0,0.0,0.0,0.0,0.0,0.0,0.0,0.0,0.0,0.0,0.0,0.0,0.0,0.0,0.0,0.0,,0.0,0.0,0.0,0.0,0.0,0.0,0.0,0.0,0.0,0.0,0.0,0.0,0.0,0.0,0.0,0.0,0.0,0.0,0.0,0.0,-0.0009333333333333333,-0.0009333333333333333,-0.0009333333333333333,-0.0009666666666666667,-0.0009333333333333333,-0.0009333333333333333,-0.0009666666666666667,-0.0009333333333333333,-0.0009333333333333333,-0.0009333333333333333,
21:00,0.0,0.0,0.0,0.0,0.0,0.0,0.0,0.0,0.0,0.0,0.0,0.0,0.0,0.0,0.0,0.0,0.0,0.0,0.0,0.0,0.0,0.0,0.0,0.0,,0.0,0.0,0.0,0.0,0.0,0.0,0.0,0.0,0.0,0.0,0.0,0.0,0.0,0.0,0.0,0.0,0.0,0.0,0.0,0.0,0.0,,0.0,0.0,0.0,0.0,0.0,0.0,0.0,0.0,0.0,0.0,0.0,0.0,0.0,0.0,0.0,0.0,0.0,0.0,0.0,0.0,-0.001,-0.001,-0.001,-0.001,-0.001,-0.001,-0.001,-0.001,-0.001,-0.001,
21:30,0.0,0.0,0.0,0.0,0.0,0.0,0.0,0.0,0.0,0.0,0.0,0.0,0.0,,0.0,0.0,0.0,0.0,0.0,0.0,0.0,0.0,0.0,0.0,,0.0,0.0,0.0,0.0,0.0,0.0,0.0,0.0,0.0,0.0,0.0,0.0,0.0,0.0,0.0,0.0,0.0,0.0,0.0,0.0,0.0,,0.0,0.0,0.0,0.0,0.0,0.0,0.0,0.0,0.0,0.0,0.0,0.0,0.0,0.0,0.0,0.0,0.0,0.0,0.0,0.0,-0.001,-0.001,-0.001,-0.001,-0.001,-0.001,-0.001,-0.001,-0.001,-0.001,
22:00,0.0,0.0,0.0,0.0,0.0,0.0,0.0,0.0,0.0,0.0,0.0,0.0,0.0,,0.0,0.0,0.0,0.0,0.0,0.0,0.0,0.0,0.0,0.0,,0.0,0.0,0.0,0.0,0.0,0.0,0.0,0.0,0.0,0.0,0.0,0.0,0.0,0.0,0.0,0.0,0.0,0.0,0.0,0.0,0.0,,0.0,0.0,0.0,0.0,0.0,0.0,0.0,0.0,0.0,0.0,0.0,0.0,0.0,0.0,0.0,0.0,0.0,0.0,0.0,0.0,-0.001,-0.001,-0.001,-0.001,-0.001,-0.001,-0.001,-0.001,-0.001,-0.001,
22:30,0.0,0.0,0.0,0.0,0.0,0.0,0.0,0.0,0.0,0.0,0.0,0.0,0.0,,0.0,0.0,0.0,0.0,0.0,0.0,0.0,0.0,0.0,0.0,,0.0,0.0,0.0,0.0,0.0,0.0,0.0,0.0,0.0,0.0,0.0,0.0,0.0,0.0,0.0,0.0,0.0,0.0,0.0,0.0,0.0,,0.0,0.0,0.0,0.0,0.0,0.0,0.0,0.0,0.0,0.0,0.0,0.0,0.0,0.0,0.0,0.0,0.0,0.0,0.0,0.0,-0.001,-0.001,-0.001,-0.001,-0.001,-0.001,-0.001,-0.001,-0.001,-0.001,
23:00,0.0,0.0,0.0,0.0,0.0,0.0,0.0,0.0,0.0,0.0,0.0,0.0,0.0,,0.0,0.0,0.0,0.0,0.0,0.0,0.0,0.0,0.0,0.0,,0.0,0.0,0.0,0.0,0.0,0.0,0.0,0.0,0.0,0.0,0.0,0.0,0.0,0.0,0.0,0.0,0.0,0.0,0.0,0.0,0.0,,0.0,0.0,0.0,0.0,0.0,0.0,0.0,0.0,0.0,0.0,0.0,0.0,0.0,0.0,0.0,0.0,0.0,0.0,0.0,0.0,-0.001,-0.001,-0.001,-0.001,-0.001,-0.001,-0.001,-0.001,-0.001,-0.001,
23:30,0.0,0.0,0.0,0.0,0.0,0.0,0.0,0.0,0.0,0.0,0.0,0.0,0.0,,0.0,0.0,0.0,0.0,0.0,0.0,0.0,0.0,0.0,0.0,,0.0,0.0,0.0,0.0,0.0,0.0,0.0,0.0,0.0,0.0,0.0,0.0,0.0,0.0,0.0,0.0,0.0,0.0,0.0,0.0,0.0,,0.0,0.0,0.0,0.0,0.0,0.0,0.0,0.0,0.0,0.0,0.0,0.0,0.0,0.0,0.0,0.0,0.0,0.0,0.0,0.0,-0.001,-0.001,-0.001,-0.001,-0.001,-0.001,-0.001,-0.001,-0.001,-0.001,
24:00,0.0,0.0,0.0,0.0,0.0,0.0,0.0,0.0,0.0,0.0,0.0,0.0,0.0,0.0,0.0,0.0,0.0,0.0,0.0,0.0,0.0,0.0,0.0,0.0,0.0,0.0,0.0,0.0,0.0,0.0,0.0,0.0,0.0,0.0,0.0,0.0,0.0,0.0,0.0,0.0,0.0,0.0,0.0,0.0,0.0,0.0,0.0,0.0,0.0,0.0,0.0,0.0,0.0,0.0,0.0,0.0,0.0,0.0,0.0,0.0,0.0,0.0,0.0,0.0,0.0,0.0,0.0,-0.001,-0.001,-0.001,-0.001,-0.001,-0.001,-0.001,-0.001,-0.001,-0.001,-0.001
