施設名,2023-04-01,2023-04-02,2023-04-03,2023-04-04,2023-04-05,2023-04-06,2023-04-07,2023-04-08,2023-04-09,2023-04-10,2023-04-11,2023-04-12,2023-04-13,2023-04-14,2023-04-15,2023-04-16,2023-04-17,2023-04-18,2023-04-19,2023-04-20,2023-04-21,2023-04-22,2023-04-23,2023-04-24,2023-04-25,2023-04-26,2023-04-27,2023-04-28,2023-04-29,2023-04-30,2023-05-01,2023-05-02,2023-05-03,2023-05-04,2023-05-05,2023-05-06,2023-05-07,2023-05-08,2023-05-09,2023-05-10,2023-05-11,2023-05-12,2023-05-13,2023-05-14,2023-05-15,2023-05-16,2023-05-17,2023-05-18,2023-05-19,2023-05-20,2023-05-21,2023-05-22,2023-05-23,2023-05-24,2023-05-25,2023-05-26,2023-05-27,2023-05-28,2023-05-29,2023-05-30,2023-05-31,2023-06-01,2023-06-02,2023-06-03,2023-06-04,2023-06-05,2023-06-06,2023-06-07,2023-06-08,2023-06-09,2023-06-10,2023-06-11,2023-06-12,2023-06-13,2023-06-14,2023-06-15,2023-06-16,2023-06-17,2023-06-18,2023-06-19,2023-06-20,2023-06-21,2023-06-22,2023-06-23,2023-06-24,2023-06-25,2023-06-26,2023-06-27,2023-06-28,2023-06-29,2023-06-30,2023-07-01,2023-07-02,2023-07-03,2023-07-04,2023-07-05,2023-07-06,2023-07-07,2023-07-08,2023-07-09,2023-07-10,2023-07-11,2023-07-12,2023-07-13,2023-07-14,2023-07-15,2023-07-16,2023-07-17,2023-07-18,2023-07-19,2023-07-20,2023-07-21,2023-07-22,2023-07-23,2023-07-24,2023-07-25,2023-07-26,2023-07-27,2023-07-28,2023-07-29,2023-07-30,2023-07-31,2023-08-01,2023-08-02,2023-08-03,2023-08-04,2023-08-05,2023-08-06,2023-08-07,2023-08-08,2023-08-09,2023-08-10,2023-08-11,2023-08-12,2023-08-13,2023-08-14,2023-08-15,2023-08-16,2023-08-17,2023-08-18,2023-08-19,2023-08-20,2023-08-21,2023-08-22,2023-08-23,2023-08-24,2023-08-25,2023-08-26,2023-08-27,2023-08-28,2023-08-29,2023-08-30,2023-08-31,2023-09-01,2023-09-02,2023-09-03,2023-09-04,2023-09-05,2023-09-06,2023-09-07,2023-09-08,2023-09-09,2023-09-10,2023-09-11,2023-09-12,2023-09-13,2023-09-14,2023-09-15,2023-09-16,2023-09-17,2023-09-18,2023-09-19,2023-09-20,2023-09-21,2023-09-22,2023-09-23,2023-09-24,2023-09-25,2023-09-26,2023-09-27,2023-09-28,2023-09-29,2023-09-30,2023-10-01,2023-10-02,2023-10-03,2023-10-04,2023-10-05,2023-10-06,2023-10-07,2023-10-08,2023-10-09,2023-10-10,2023-10-11,2023-10-12,2023-10-13,2023-10-14,2023-10-15,2023-10-16,2023-10-17,2023-10-18,2023-10-19,2023-10-20,2023-10-21,2023-10-22,2023-10-23,2023-10-24,2023-10-25,2023-10-26,2023-10-27,2023-10-28,2023-10-29,2023-10-30,2023-10-31,2023-11-01,2023-11-02,2023-11-03,2023-11-04,2023-11-05,2023-11-06,2023-11-07,2023-11-08,2023-11-09,2023-11-10,2023-11-11,2023-11-12,2023-11-13,2023-11-14,2023-11-15,2023-11-16,2023-11-17,2023-11-18,2023-11-19,2023-11-20,2023-11-21,2023-11-22,2023-11-23,2023-11-24,2023-11-25,2023-11-26,2023-11-27,2023-11-28,2023-11-29,2023-11-30,2023-12-01,2023-12-02,2023-12-03,2023-12-04,2023-12-05,2023-12-06,2023-12-07,2023-12-08,2023-12-09,2023-12-10,2023-12-11,2023-12-12,2023-12-13,2023-12-14,2023-12-15,2023-12-16,2023-12-17,2023-12-18,2023-12-19,2023-12-20,2023-12-21,2023-12-22,2023-12-23,2023-12-24,2023-12-25,2023-12-26,2023-12-27,2023-12-28,2023-12-29,2023-12-30,2023-12-31,2024-01-01,2024-01-02,2024-01-03,2024-01-04,2024-01-05,2024-01-06,2024-01-07,2024-01-08,2024-01-09,2024-01-10,2024-01-11,2024-01-12,2024-01-13,2024-01-14,2024-01-15,2024-01-16,2024-01-17,2024-01-18,2024-01-19,2024-01-20,2024-01-21,2024-01-22,2024-01-23,2024-01-24,2024-01-25,2024-01-26,2024-01-27,2024-01-28,2024-01-29,2024-01-30,2024-01-31,2024-02-01,2024-02-02,2024-02-03,2024-02-04,2024-02-05,2024-02-06,2024-02-07,2024-02-08,2024-02-09,2024-02-10,2024-02-11,2024-02-12,2024-02-13,2024-02-14,2024-02-15,2024-02-16,2024-02-17,2024-02-18,2024-02-19,2024-02-20,2024-02-21,2024-02-22,2024-02-23,2024-02-24,2024-02-25,2024-02-26,2024-02-27,2024-02-28,2024-02-29,2024-03-01,2024-03-02,2024-03-03,2024-03-04,2024-03-05,2024-03-06,2024-03-07,2024-03-08,2024-03-09,2024-03-10,2024-03-11,2024-03-12,2024-03-13,2024-03-14,2024-03-15,2024-03-16,2024-03-17,2024-03-18,2024-03-19,2024-03-20,2024-03-21,2024-03-22,2024-03-23,2024-03-24,2024-03-25,2024-03-26,2024-03-27,2024-03-28,2024-03-29,2024-03-30,2024-03-31,2023-04-01,2023-04-02,2023-04-03,2023-04-04,2023-04-05,2023-04-06,2023-04-07,2023-04-08,2023-04-09,2023-04-10,2023-04-11,2023-04-12,2023-04-13,2023-04-14,2023-04-15,2023-04-16,2023-04-17,2023-04-18,2023-04-19,2023-04-20,2023-04-21,2023-04-22,2023-04-23,2023-04-24,2023-04-25,2023-04-26,2023-04-27,2023-04-28,2023-04-29,2023-04-30,2023-05-01,2023-05-02,2023-05-03,2023-05-04,2023-05-05,2023-05-06,2023-05-07,2023-05-08,2023-05-09,2023-05-10,2023-05-11,2023-05-12,2023-05-13,2023-05-14,2023-05-15,2023-05-16,2023-05-17,2023-05-18,2023-05-19,2023-05-20,2023-05-21,2023-05-22,2023-05-23,2023-05-24,2023-05-25,2023-05-26,2023-05-27,2023-05-28,2023-05-29,2023-05-30,2023-05-31,2023-06-01,2023-06-02,2023-06-03,2023-06-04,2023-06-05,2023-06-06,2023-06-07,2023-06-08,2023-06-09,2023-06-10,2023-06-11,2023-06-12,2023-06-13,2023-06-14,2023-06-15,2023-06-16,2023-06-17,2023-06-18,2023-06-19,2023-06-20,2023-06-21,2023-06-22,2023-06-23,2023-06-24,2023-06-25,2023-06-26,2023-06-27,2023-06-28,2023-06-29,2023-06-30,2023-07-01,2023-07-02,2023-07-03,2023-07-04,2023-07-05,2023-07-06,2023-07-07,2023-07-08,2023-07-09,2023-07-10,2023-07-11,2023-07-12,2023-07-13,2023-07-14,2023-07-15,2023-07-16,2023-07-17,2023-07-18,2023-07-19,2023-07-20,2023-07-21,2023-07-22,2023-07-23,2023-07-24,2023-07-25,2023-07-26,2023-07-27,2023-07-28,2023-07-29,2023-07-30,2023-07-31,2023-08-01,2023-08-02,2023-08-03,2023-08-04,2023-08-05,2023-08-06,2023-08-07,2023-08-08,2023-08-09,2023-08-10,2023-08-11,2023-08-12,2023-08-13,2023-08-14,2023-08-15,2023-08-16,2023-08-17,2023-08-18,2023-08-19,2023-08-20,2023-08-21,2023-08-22,2023-08-23,2023-08-24,2023-08-25,2023-08-26,2023-08-27,2023-08-28,2023-08-29,2023-08-30,2023-08-31,2023-09-01,2023-09-02,2023-09-03,2023-09-04,2023-09-05,2023-09-06,2023-09-07,2023-09-08,2023-09-09,2023-09-10,2023-09-11,2023-09-12,2023-09-13,2023-09-14,2023-09-15,2023-09-16,2023-09-17,2023-09-18,2023-09-19,2023-09-20,2023-09-21,2023-09-22,2023-09-23,2023-09-24,2023-09-25,2023-09-26,2023-09-27,2023-09-28,2023-09-29,2023-09-30,2023-10-01,2023-10-02,2023-10-03,2023-10-04,2023-10-05,2023-10-06,2023-10-07,2023-10-08,2023-10-09,2023-10-10,2023-10-11,2023-10-12,2023-10-13,2023-10-14,2023-10-15,2023-10-16,2023-10-17,2023-10-18,2023-10-19,2023-10-20,2023-10-21,2023-10-22,2023-10-23,2023-10-24,2023-10-25,2023-10-26,2023-10-27,2023-10-28,2023-10-29,2023-10-30,2023-10-31,2023-11-01,2023-11-02,2023-11-03,2023-11-04,2023-11-05,2023-11-06,2023-11-07,2023-11-08,2023-11-09,2023-11-10,2023-11-11,2023-11-12,2023-11-13,2023-11-14,2023-11-15,2023-11-16,2023-11-17,2023-11-18,2023-11-19,2023-11-20,2023-11-21,2023-11-22,2023-11-23,2023-11-24,2023-11-25,2023-11-26,2023-11-27,2023-11-28,2023-11-29,2023-11-30,2023-12-01,2023-12-02,2023-12-03,2023-12-04,2023-12-05,2023-12-06,2023-12-07,2023-12-08,2023-12-09,2023-12-10,2023-12-11,2023-12-12,2023-12-13,2023-12-14,2023-12-15,2023-12-16,2023-12-17,2023-12-18,2023-12-19,2023-12-20,2023-12-21,2023-12-22,2023-12-23,2023-12-24,2023-12-25,2023-12-26,2023-12-27,2023-12-28,2023-12-29,2023-12-30,2023-12-31,2024-01-01,2024-01-02,2024-01-03,2024-01-04,2024-01-05,2024-01-06,2024-01-07,2024-01-08,2024-01-09,2024-01-10,2024-01-11,2024-01-12,2024-01-13,2024-01-14,2024-01-15,2024-01-16,2024-01-17,2024-01-18,2024-01-19,2024-01-20,2024-01-21,2024-01-22,2024-01-23,2024-01-24,2024-01-25,2024-01-26,2024-01-27,2024-01-28,2024-01-29,2024-01-30,2024-01-31,2024-02-01,2024-02-02,2024-02-03,2024-02-04,2024-02-05,2024-02-06,2024-02-07,2024-02-08,2024-02-09,2024-02-10,2024-02-11,2024-02-12,2024-02-13,2024-02-14,2024-02-15,2024-02-16,2024-02-17,2024-02-18,2024-02-19,2024-02-20,2024-02-21,2024-02-22,2024-02-23,2024-02-24,2024-02-25,2024-02-26,2024-02-27,2024-02-28,2024-02-29,2024-03-01,2024-03-02,2024-03-03,2024-03-04,2024-03-05,2024-03-06,2024-03-07,2024-03-08,2024-03-09,2024-03-10,2024-03-11,2024-03-12,2024-03-13,2024-03-14,2024-03-15,2024-03-16,2024-03-17,2024-03-18,2024-03-19,2024-03-20,2024-03-21,2024-03-22,2024-03-23,2024-03-24,2024-03-25,2024-03-26,2024-03-27,2024-03-28,2024-03-29,2024-03-30,2024-03-31
00:30,2,2,2,3,3,2,3,3,2,2,2,2,2,3,2,2,2,2,2,2,2,2,3,3,2,2,2,3,4,3,3,2,2,2,2,3,2,3,3,2,2,2,3,2,2,3,2,3,3,2,2,3,3,3,3,3,2,3,3,2,2,8,3,2,3,4,3,3,2,3,4,3,3,3,3,2,3,2,4,3,4,2,3,3,3,2,2,2,2,3,2,2,2,3,3,3,3,3,3,2,3,3,3,3,7,3,3,3,2,2,3,2,3,3,3,2,3,2,3,3,2,2,2,2,2,2,3,3,2,2,3,2,2,2,3,4,2,3,2,3,3,3,3,2,2,2,2,3,2,3,2,2,3,2,2,2,2,7,2,2,2,2,2,3,2,2,2,2,2,3,2,2,2,2,3,2,2,2,2,2,2,3,2,2,2,2,2,2,2,2,2,2,2,3,2,3,2,2,3,2,2,2,2,2,2,2,1,3,2,3,2,2,2,2,2,3,2,2,3,2,2,2,2,2,2,2,2,2,2,2,2,2,2,2,2,3,2,2,2,2,3,2,2,2,7,8,7,8,7,7,7,7,7,6,6,6,7,7,7,8,7,8,9,10,10,11,11,11,11,10,10,9,9,9,8,7,8,8,8,9,7,8,10,10,9,10,10,10,10,9,11,12,10,9,9,9,8,7,9,10,11,10,11,11,10,10,8,11,10,11,9,11,11,11,11,9,10,10,11,9,6,5,9,8,7,5,6,9,10,11,10,10,10,9,9,9,9,10,10,12,10,10,10,10,10,10,9,8,9,8,3,2,2,3,2,2,3,3,2,2,2,3,2,2,3,2,2,2,2,3,3,2,3,3,2,2,2,2,2,3,2,2,2,2,2,2,2,2,3,3,2,2,2,3,4,3,3,2,2,2,2,3,2,3,3,2,2,2,3,2,2,3,2,3,3,2,2,3,3,3,3,3,2,3,3,2,2,8,3,2,3,4,3,3,2,3,4,3,3,3,3,2,3,2,4,3,4,2,3,3,3,2,2,2,2,3,2,2,2,3,3,3,3,3,3,2,3,3,3,3,7,3,3,3,2,2,3,2,3,3,3,2,3,2,3,3,2,2,2,2,2,2,3,3,2,2,3,2,2,2,3,4,2,3,2,3,3,3,3,2,2,2,2,3,2,3,2,2,3,2,2,2,2,7,2,2,2,2,2,3,2,2,2,2,2,3,2,2,2,2,3,2,2,2,2,2,2,3,2,2,2,2,2,2,2,2,2,2,2,3,2,3,2,2,3,2,2,2,2,2,2,2,1,3,2,3,2,2,2,2,2,3,2,2,3,2,2,2,2,2,2,2,2,2,2,2,2,2,2,2,2,3,2,2,2,2,3,2,2,2,7,8,7,8,7,7,7,7,7,6,6,6,7,7,7,8,7,8,9,10,10,11,11,11,11,10,10,9,9,9,8,7,8,8,8,9,7,8,10,10,9,10,10,10,10,9,11,12,10,9,9,9,8,7,9,10,11,10,11,11,10,10,,,,,,,,,,,,,,,,,,,,,,,,,,,,,,,,,,,,,,,,,,,,,,,,,,,,,,,,,,,,
01:00,3,2,2,2,3,3,2,2,3,3,2,2,2,2,3,3,2,2,2,2,3,2,2,2,2,3,3,2,2,3,2,3,3,3,2,2,3,2,2,3,2,3,2,2,3,2,3,2,2,3,3,3,3,3,2,3,3,2,2,3,3,7,3,3,2,3,2,3,3,2,3,2,3,3,2,3,2,3,4,2,3,3,2,2,2,3,3,3,3,2,3,3,3,2,2,3,2,3,2,3,2,2,3,2,8,2,2,3,2,3,2,3,2,2,2,3,2,3,2,2,2,3,3,2,2,3,2,2,3,2,2,2,2,3,2,2,3,2,2,2,3,2,3,3,2,2,2,2,2,2,3,3,2,2,2,3,3,7,3,3,3,2,2,2,2,2,2,2,2,2,2,3,2,2,2,2,2,2,3,2,2,2,1,2,2,2,2,2,3,2,2,2,2,2,2,2,2,3,2,2,3,2,2,1,2,2,2,2,2,2,2,2,2,2,2,2,3,2,2,2,2,2,2,2,2,2,2,2,2,2,2,2,2,2,2,3,2,3,2,2,2,2,2,2,7,9,8,7,8,7,7,7,7,6,5,6,7,6,7,7,7,8,10,9,10,11,10,10,11,10,9,10,9,9,7,6,9,9,8,9,7,8,9,10,9,9,11,9,11,10,11,12,10,9,9,8,9,9,9,10,11,10,10,10,10,10,9,10,10,10,9,11,11,11,10,10,9,10,11,8,7,5,7,8,7,6,7,8,9,10,11,10,10,10,9,9,8,10,9,13,10,9,10,10,10,10,8,9,9,8,2,2,2,2,2,2,2,2,3,3,2,2,2,2,2,2,3,2,2,2,3,3,2,2,3,3,2,2,2,2,3,3,2,2,2,2,3,2,2,2,2,3,3,2,2,3,2,3,3,3,2,2,3,2,2,3,2,3,2,2,3,2,3,2,2,3,3,3,3,3,2,3,3,2,2,3,3,7,3,3,2,3,2,3,3,2,3,2,3,3,2,3,2,3,4,2,3,3,2,2,2,3,3,3,3,2,3,3,3,2,2,3,2,3,2,3,2,2,3,2,8,2,2,3,2,3,2,3,2,2,2,3,2,3,2,2,2,3,3,2,2,3,2,2,3,2,2,2,2,3,2,2,3,2,2,2,3,2,3,3,2,2,2,2,2,2,3,3,2,2,2,3,3,7,3,3,3,2,2,2,2,2,2,2,2,2,2,3,2,2,2,2,2,2,3,2,2,2,1,2,2,2,2,2,3,2,2,2,2,2,2,2,2,3,2,2,3,2,2,1,2,2,2,2,2,2,2,2,2,2,2,2,3,2,2,2,2,2,2,2,2,2,2,2,2,2,2,2,2,2,2,3,2,3,2,2,2,2,2,2,7,9,8,7,8,7,7,7,7,6,5,6,7,6,7,7,7,8,10,9,10,11,10,10,11,10,9,10,9,9,7,6,9,9,8,9,7,8,9,10,9,9,11,9,11,10,11,12,10,9,9,8,9,9,9,10,11,10,10,10,10,10,,,,,,,,,,,,,,,,,,,,,,,,,,,,,,,,,,,,,,,,,,,,,,,,,,,,,,,,,,,,
01:30,2,2,3,2,2,2,2,2,2,2,2,2,2,2,2,2,2,2,3,2,2,3,2,2,2,2,2,2,2,2,2,2,2,2,2,2,2,2,2,2,3,2,2,2,2,2,2,3,3,2,3,3,3,2,3,3,3,3,3,3,3,8,3,3,3,3,3,2,2,3,3,3,2,3,3,2,3,2,4,3,2,2,3,3,3,2,2,2,2,3,2,2,2,3,3,3,3,2,2,2,3,3,2,2,7,3,3,2,3,2,3,2,3,3,3,2,3,3,3,3,3,2,2,3,3,2,2,2,2,3,2,3,3,2,3,3,2,3,3,3,3,3,2,2,2,2,2,2,3,3,2,2,2,2,2,2,2,7,2,2,2,2,2,2,2,2,2,2,2,2,2,2,2,2,2,2,2,2,2,2,2,2,2,2,2,2,2,2,2,3,2,2,3,2,2,2,3,2,3,2,2,2,2,2,2,2,2,2,2,2,2,2,2,2,3,2,2,2,2,2,2,3,2,2,2,2,2,2,2,2,2,2,3,2,2,3,2,2,2,2,2,2,2,3,6,9,8,9,8,7,7,7,6,6,6,6,6,7,8,7,7,8,9,9,10,12,11,12,11,11,9,10,9,8,8,7,9,9,7,8,8,9,10,10,9,11,11,10,11,10,11,12,10,9,9,9,8,7,9,10,11,10,10,11,10,10,9,10,11,10,10,10,12,11,9,9,9,11,12,8,6,5,8,9,7,5,6,9,10,10,10,11,11,9,9,9,9,9,10,13,10,10,10,10,10,11,9,8,9,9,2,2,2,2,2,2,3,2,2,2,2,2,2,2,2,2,2,2,3,2,2,2,2,2,2,2,2,2,2,2,2,2,2,2,3,2,2,3,2,2,2,2,2,2,2,2,2,2,2,2,2,2,2,2,2,2,3,2,2,2,2,2,2,3,3,2,3,3,3,2,3,3,3,3,3,3,3,8,3,3,3,3,3,2,2,3,3,3,2,3,3,2,3,2,4,3,2,2,3,3,3,2,2,2,2,3,2,2,2,3,3,3,3,2,2,2,3,3,2,2,7,3,3,2,3,2,3,2,3,3,3,2,3,3,3,3,3,2,2,3,3,2,2,2,2,3,2,3,3,2,3,3,2,3,3,3,3,3,2,2,2,2,2,2,3,3,2,2,2,2,2,2,2,7,2,2,2,2,2,2,2,2,2,2,2,2,2,2,2,2,2,2,2,2,2,2,2,2,2,2,2,2,2,2,2,3,2,2,3,2,2,2,3,2,3,2,2,2,2,2,2,2,2,2,2,2,2,2,2,2,3,2,2,2,2,2,2,3,2,2,2,2,2,2,2,2,2,2,3,2,2,3,2,2,2,2,2,2,2,3,6,9,8,9,8,7,7,7,6,6,6,6,6,7,8,7,7,8,9,9,10,12,11,12,11,11,9,10,9,8,8,7,9,9,7,8,8,9,10,10,9,11,11,10,11,10,11,12,10,9,9,9,8,7,9,10,11,10,10,11,10,10,,,,,,,,,,,,,,,,,,,,,,,,,,,,,,,,,,,,,,,,,,,,,,,,,,,,,,,,,,,,
02:00,2,4,2,2,3,2,2,3,2,2,2,2,3,2,2,2,3,2,2,2,2,2,2,2,3,2,2,2,2,2,2,2,2,2,3,2,2,2,2,2,2,2,2,3,2,2,2,3,2,3,2,2,2,3,2,2,2,3,3,2,2,7,2,2,3,3,2,3,3,2,3,2,3,2,2,3,2,3,5,2,3,3,3,2,2,3,3,3,3,2,3,3,3,3,2,3,3,3,3,3,2,2,3,3,8,2,2,3,2,3,2,3,2,2,2,3,2,2,2,2,2,3,2,2,2,3,3,3,2,2,2,2,2,3,2,2,3,2,2,2,2,3,3,2,2,2,2,3,2,2,2,3,2,3,3,2,2,7,3,2,2,2,2,2,2,2,2,2,3,2,2,2,2,2,2,2,2,2,2,2,2,2,2,2,2,2,2,2,2,2,3,2,2,2,2,2,2,2,2,3,2,2,2,2,2,2,3,2,2,2,2,2,2,2,2,2,2,2,2,3,2,2,2,3,2,2,3,3,2,2,2,2,2,3,2,3,2,2,2,2,2,3,2,2,7,8,8,7,8,7,8,6,7,6,6,5,7,7,8,8,6,8,9,10,10,11,11,11,12,10,9,9,9,9,8,8,8,9,8,9,8,8,10,11,9,10,10,10,11,10,11,11,11,9,9,9,8,8,9,10,11,10,10,11,10,10,9,11,10,10,9,11,11,11,11,10,10,10,11,8,7,5,9,8,7,6,6,9,9,10,11,10,10,9,10,9,9,10,9,12,9,10,10,10,11,10,9,9,9,8,2,3,2,3,2,3,2,2,2,2,2,2,3,2,2,3,2,4,2,2,3,2,2,3,2,2,2,2,3,2,2,2,3,2,2,2,2,2,2,2,3,2,2,2,2,2,2,2,2,2,3,2,2,2,2,2,2,2,2,3,2,2,2,3,2,3,2,2,2,3,2,2,2,3,3,2,2,7,2,2,3,3,2,3,3,2,3,2,3,2,2,3,2,3,5,2,3,3,3,2,2,3,3,3,3,2,3,3,3,3,2,3,3,3,3,3,2,2,3,3,8,2,2,3,2,3,2,3,2,2,2,3,2,2,2,2,2,3,2,2,2,3,3,3,2,2,2,2,2,3,2,2,3,2,2,2,2,3,3,2,2,2,2,3,2,2,2,3,2,3,3,2,2,7,3,2,2,2,2,2,2,2,2,2,3,2,2,2,2,2,2,2,2,2,2,2,2,2,2,2,2,2,2,2,2,2,3,2,2,2,2,2,2,2,2,3,2,2,2,2,2,2,3,2,2,2,2,2,2,2,2,2,2,2,2,3,2,2,2,3,2,2,3,3,2,2,2,2,2,3,2,3,2,2,2,2,2,3,2,2,7,8,8,7,8,7,8,6,7,6,6,5,7,7,8,8,6,8,9,10,10,11,11,11,12,10,9,9,9,9,8,8,8,9,8,9,8,8,10,11,9,10,10,10,11,10,11,11,11,9,9,9,8,8,9,10,11,10,10,11,10,10,,,,,,,,,,,,,,,,,,,,,,,,,,,,,,,,,,,,,,,,,,,,,,,,,,,,,,,,,,,,
02:30,2,2,2,2,3,2,3,2,2,2,2,3,2,2,2,2,2,3,2,2,2,2,2,3,2,2,2,2,2,2,2,2,2,2,2,3,2,3,2,2,2,3,2,2,2,3,3,3,3,3,3,3,3,3,3,3,3,2,2,3,3,7,3,3,3,4,3,3,2,3,4,3,3,3,3,2,3,2,4,3,3,2,2,3,3,2,2,2,2,3,2,2,2,2,3,3,2,3,2,2,2,3,2,2,7,3,3,2,3,3,3,3,2,2,3,2,2,3,3,2,3,2,2,2,3,2,2,2,3,2,3,2,2,2,2,2,2,3,3,3,3,2,3,2,2,2,3,2,2,2,3,2,2,2,2,3,3,8,2,3,3,2,2,2,2,2,2,2,2,2,3,2,3,2,2,2,2,2,2,2,2,2,2,2,2,2,2,2,3,2,2,3,2,2,2,2,2,3,2,2,2,2,2,2,2,2,1,2,2,2,2,2,2,2,2,2,2,3,3,2,3,2,2,2,2,2,2,2,2,2,2,2,3,2,2,3,2,2,2,2,2,2,2,2,6,9,8,8,8,7,7,7,8,6,6,6,6,7,7,7,6,8,9,9,10,11,10,11,10,10,9,10,9,8,8,7,9,9,8,9,7,8,10,10,9,10,12,9,11,9,11,12,10,9,9,9,9,8,9,9,11,11,10,11,11,10,8,10,10,10,10,11,11,11,10,10,9,11,11,9,6,6,8,9,7,5,6,9,10,10,11,10,10,9,9,9,9,10,10,12,10,10,10,10,10,11,8,9,10,9,2,2,3,2,2,2,2,2,2,2,2,3,2,2,2,2,2,2,2,2,3,2,3,2,2,2,2,3,2,2,2,2,2,3,2,2,2,2,2,3,2,2,2,2,2,2,2,2,2,2,2,3,2,3,2,2,2,3,2,2,2,3,3,3,3,3,3,3,3,3,3,3,3,2,2,3,3,7,3,3,3,4,3,3,2,3,4,3,3,3,3,2,3,2,4,3,3,2,2,3,3,2,2,2,2,3,2,2,2,2,3,3,2,3,2,2,2,3,2,2,7,3,3,2,3,3,3,3,2,2,3,2,2,3,3,2,3,2,2,2,3,2,2,2,3,2,3,2,2,2,2,2,2,3,3,3,3,2,3,2,2,2,3,2,2,2,3,2,2,2,2,3,3,8,2,3,3,2,2,2,2,2,2,2,2,2,3,2,3,2,2,2,2,2,2,2,2,2,2,2,2,2,2,2,3,2,2,3,2,2,2,2,2,3,2,2,2,2,2,2,2,2,1,2,2,2,2,2,2,2,2,2,2,3,3,2,3,2,2,2,2,2,2,2,2,2,2,2,3,2,2,3,2,2,2,2,2,2,2,2,6,9,8,8,8,7,7,7,8,6,6,6,6,7,7,7,6,8,9,9,10,11,10,11,10,10,9,10,9,8,8,7,9,9,8,9,7,8,10,10,9,10,12,9,11,9,11,12,10,9,9,9,9,8,9,9,11,11,10,11,11,10,,,,,,,,,,,,,,,,,,,,,,,,,,,,,,,,,,,,,,,,,,,,,,,,,,,,,,,,,,,,
03:00,2,2,3,2,3,2,2,2,2,3,2,3,2,3,3,2,2,2,2,2,2,2,2,2,2,3,2,2,2,2,2,2,2,3,2,2,2,2,2,3,2,2,3,2,2,2,2,2,3,2,3,2,3,2,2,3,3,3,3,3,2,8,3,3,3,3,3,2,3,2,3,2,2,3,2,3,2,3,4,3,2,3,3,3,2,3,3,3,3,2,3,3,3,3,2,3,3,2,3,3,3,2,3,3,8,2,2,3,2,2,2,2,3,3,2,2,3,3,3,3,2,3,2,3,2,3,2,3,2,3,2,2,3,3,3,3,2,2,2,2,3,3,2,3,2,1,2,2,2,3,2,3,2,2,2,2,2,7,3,2,2,2,2,3,2,2,2,2,2,2,2,2,2,2,3,2,2,2,3,2,2,2,2,1,2,2,2,2,2,2,2,2,2,2,2,2,3,2,3,2,2,2,2,2,2,2,2,3,2,3,1,2,2,2,2,3,2,2,2,2,2,2,2,2,2,2,2,2,2,2,2,2,2,2,2,2,2,2,2,2,3,2,2,2,7,9,8,9,7,7,8,7,7,7,6,6,7,7,8,7,6,9,9,10,10,12,11,11,12,10,10,10,9,9,8,7,9,8,8,9,8,8,9,11,9,10,11,10,11,10,11,12,11,9,9,9,8,8,9,10,10,10,10,11,10,10,9,11,11,11,9,11,12,11,10,10,10,11,11,7,6,5,9,9,7,6,7,9,10,10,11,11,10,10,10,9,8,10,9,13,9,9,10,11,11,10,9,8,9,8,2,2,2,2,3,2,3,3,3,2,2,2,2,2,2,2,2,2,3,2,3,2,2,2,2,3,2,3,2,3,3,2,2,2,2,2,2,2,2,2,2,3,2,2,2,2,2,2,2,3,2,2,2,2,2,3,2,2,3,2,2,2,2,2,3,2,3,2,3,2,2,3,3,3,3,3,2,8,3,3,3,3,3,2,3,2,3,2,2,3,2,3,2,3,4,3,2,3,3,3,2,3,3,3,3,2,3,3,3,3,2,3,3,2,3,3,3,2,3,3,8,2,2,3,2,2,2,2,3,3,2,2,3,3,3,3,2,3,2,3,2,3,2,3,2,3,2,2,3,3,3,3,2,2,2,2,3,3,2,3,2,1,2,2,2,3,2,3,2,2,2,2,2,7,3,2,2,2,2,3,2,2,2,2,2,2,2,2,2,2,3,2,2,2,3,2,2,2,2,1,2,2,2,2,2,2,2,2,2,2,2,2,3,2,3,2,2,2,2,2,2,2,2,3,2,3,1,2,2,2,2,3,2,2,2,2,2,2,2,2,2,2,2,2,2,2,2,2,2,2,2,2,2,2,2,2,3,2,2,2,7,9,8,9,7,7,8,7,7,7,6,6,7,7,8,7,6,9,9,10,10,12,11,11,12,10,10,10,9,9,8,7,9,8,8,9,8,8,9,11,9,10,11,10,11,10,11,12,11,9,9,9,8,8,9,10,10,10,10,11,10,10,,,,,,,,,,,,,,,,,,,,,,,,,,,,,,,,,,,,,,,,,,,,,,,,,,,,,,,,,,,,
03:30,3,2,2,3,2,3,2,2,3,2,2,2,2,2,2,3,3,2,2,2,3,2,3,2,2,2,2,3,2,2,3,2,3,2,2,2,3,2,2,2,2,2,2,2,3,2,3,3,2,3,2,3,2,3,3,3,2,3,3,2,3,7,3,3,2,3,2,3,2,3,3,3,3,2,3,2,3,2,4,2,3,2,2,2,3,2,2,2,2,3,2,2,2,2,2,3,2,3,2,2,2,3,2,2,7,3,3,2,3,3,3,3,2,2,3,3,2,2,2,2,2,2,2,2,2,2,3,2,2,2,2,3,2,3,2,2,3,2,3,3,3,2,3,2,2,2,2,3,3,2,2,2,3,3,2,2,2,7,2,2,3,2,2,2,2,2,2,2,2,3,2,2,2,2,2,2,2,2,2,2,2,2,2,2,1,2,2,3,2,2,2,2,2,3,3,3,2,2,2,2,2,2,2,2,2,2,2,2,1,2,2,2,2,2,2,2,2,2,2,2,2,2,2,2,2,2,2,2,2,2,2,2,2,2,2,3,2,3,2,2,2,2,2,2,6,8,8,8,8,7,7,7,7,5,5,6,7,6,8,8,7,8,10,9,11,11,11,11,11,11,9,10,10,9,7,7,9,9,8,9,8,9,10,11,9,11,10,10,11,10,11,11,10,9,9,9,9,9,9,10,11,10,11,11,10,10,9,10,10,10,9,11,11,11,10,10,9,11,12,9,7,6,8,8,7,5,7,9,10,11,11,10,11,9,9,9,9,10,10,13,11,10,9,10,11,10,8,9,9,9,2,2,2,2,2,2,2,2,2,2,2,2,2,2,2,2,3,2,2,3,2,3,2,2,3,2,2,2,2,2,2,3,3,2,2,2,3,2,3,2,2,2,2,3,2,2,3,2,3,2,2,2,3,2,2,2,2,2,2,2,3,2,3,3,2,3,2,3,2,3,3,3,2,3,3,2,3,7,3,3,2,3,2,3,2,3,3,3,3,2,3,2,3,2,4,2,3,2,2,2,3,2,2,2,2,3,2,2,2,2,2,3,2,3,2,2,2,3,2,2,7,3,3,2,3,3,3,3,2,2,3,3,2,2,2,2,2,2,2,2,2,2,3,2,2,2,2,3,2,3,2,2,3,2,3,3,3,2,3,2,2,2,2,3,3,2,2,2,3,3,2,2,2,7,2,2,3,2,2,2,2,2,2,2,2,3,2,2,2,2,2,2,2,2,2,2,2,2,2,2,1,2,2,3,2,2,2,2,2,3,3,3,2,2,2,2,2,2,2,2,2,2,2,2,1,2,2,2,2,2,2,2,2,2,2,2,2,2,2,2,2,2,2,2,2,2,2,2,2,2,2,3,2,3,2,2,2,2,2,2,6,8,8,8,8,7,7,7,7,5,5,6,7,6,8,8,7,8,10,9,11,11,11,11,11,11,9,10,10,9,7,7,9,9,8,9,8,9,10,11,9,11,10,10,11,10,11,11,10,9,9,9,9,9,9,10,11,10,11,11,10,10,,,,,,,,,,,,,,,,,,,,,,,,,,,,,,,,,,,,,,,,,,,,,,,,,,,,,,,,,,,,
04:00,2,3,2,2,3,3,2,3,2,2,2,2,2,2,2,2,2,3,2,2,2,3,2,2,2,2,2,2,3,2,2,2,2,2,3,3,2,2,3,2,3,2,2,2,2,2,2,3,3,3,3,3,3,2,2,2,3,3,2,3,2,7,2,3,3,3,3,2,3,2,4,2,2,3,2,3,2,3,4,3,3,3,3,2,2,2,3,2,3,2,3,3,3,3,3,2,2,2,3,2,3,2,3,2,7,2,2,2,2,2,2,2,3,3,2,2,2,3,3,3,2,2,2,2,3,2,2,2,3,2,3,2,2,2,3,3,2,3,2,2,3,3,2,2,2,2,2,2,2,2,2,3,2,2,2,3,3,7,3,3,2,2,2,2,2,2,2,2,2,2,2,3,2,2,2,1,1,2,2,2,2,2,1,2,2,1,2,2,2,3,2,2,3,2,2,3,2,2,2,2,3,2,2,2,2,2,2,2,2,2,2,2,2,2,2,2,3,2,2,2,2,2,2,3,2,2,2,3,2,2,2,2,2,2,2,3,3,2,2,2,2,3,2,2,7,9,8,8,9,7,8,7,7,6,6,7,6,7,7,7,6,8,9,10,11,11,11,12,11,10,10,10,9,8,8,7,9,9,7,9,7,8,10,10,9,10,11,10,11,9,11,12,11,9,9,8,8,8,9,10,11,10,10,11,11,11,9,10,11,11,10,11,11,11,10,10,10,10,11,8,6,5,9,9,7,6,7,9,10,10,11,11,10,9,9,9,8,10,9,12,9,10,11,10,10,11,9,8,10,8,2,2,2,3,2,2,2,2,2,3,2,2,2,2,2,2,2,3,2,2,3,3,2,3,2,2,2,2,2,2,2,2,2,3,2,2,2,3,2,2,2,2,2,2,3,2,2,2,2,2,3,3,2,2,3,2,3,2,2,2,2,2,2,3,3,3,3,3,3,2,2,2,3,3,2,3,2,7,2,3,3,3,3,2,3,2,4,2,2,3,2,3,2,3,4,3,3,3,3,2,2,2,3,2,3,2,3,3,3,3,3,2,2,2,3,2,3,2,3,2,7,2,2,2,2,2,2,2,3,3,2,2,2,3,3,3,2,2,2,2,3,2,2,2,3,2,3,2,2,2,3,3,2,3,2,2,3,3,2,2,2,2,2,2,2,2,2,3,2,2,2,3,3,7,3,3,2,2,2,2,2,2,2,2,2,2,2,3,2,2,2,1,1,2,2,2,2,2,1,2,2,1,2,2,2,3,2,2,3,2,2,3,2,2,2,2,3,2,2,2,2,2,2,2,2,2,2,2,2,2,2,2,3,2,2,2,2,2,2,3,2,2,2,3,2,2,2,2,2,2,2,3,3,2,2,2,2,3,2,2,7,9,8,8,9,7,8,7,7,6,6,7,6,7,7,7,6,8,9,10,11,11,11,12,11,10,10,10,9,8,8,7,9,9,7,9,7,8,10,10,9,10,11,10,11,9,11,12,11,9,9,8,8,8,9,10,11,10,10,11,11,11,,,,,,,,,,,,,,,,,,,,,,,,,,,,,,,,,,,,,,,,,,,,,,,,,,,,,,,,,,,,
04:30,3,2,2,2,3,2,3,2,2,2,2,2,2,2,3,2,2,2,3,3,2,2,2,2,2,2,2,2,2,2,2,3,2,2,2,2,2,2,2,2,2,3,3,3,2,3,2,2,3,2,2,2,3,3,3,3,3,2,3,2,3,7,3,2,3,3,2,3,2,3,4,3,3,3,3,3,2,3,4,2,2,2,2,3,3,3,2,3,2,3,2,2,2,2,2,3,3,3,2,3,2,2,3,3,8,3,3,3,3,3,3,3,2,2,2,3,3,3,2,2,3,3,3,3,2,3,2,3,2,3,2,2,3,2,2,2,3,2,3,3,2,3,3,2,1,2,2,2,2,3,3,2,2,2,3,2,2,7,2,2,2,3,2,2,2,2,2,2,2,2,2,2,2,3,2,2,2,2,2,2,2,2,2,2,2,2,2,2,3,2,2,2,2,2,2,2,2,3,3,2,2,2,2,2,2,2,3,2,2,2,2,2,2,2,2,2,2,3,3,3,2,3,3,2,2,2,2,2,2,2,2,2,2,3,2,3,2,2,2,3,2,2,3,2,6,9,8,8,8,7,7,7,7,7,6,5,7,7,8,7,7,8,10,9,10,12,11,11,12,10,9,10,9,9,8,8,9,9,9,9,8,9,10,11,10,11,11,10,10,10,11,12,11,10,10,10,9,8,9,10,11,10,11,11,10,10,9,11,10,10,9,11,12,12,11,10,10,11,11,8,7,6,9,9,7,5,7,9,10,10,11,10,10,10,10,9,10,10,10,13,10,10,10,10,11,11,9,9,9,9,2,3,2,2,2,3,3,2,3,2,2,3,2,2,2,2,3,2,2,2,3,2,3,2,2,2,2,2,2,2,3,2,2,2,3,3,2,2,2,2,2,2,2,2,2,2,2,3,2,2,2,2,2,2,2,2,2,3,3,3,2,3,2,2,3,2,2,2,3,3,3,3,3,2,3,2,3,7,3,2,3,3,2,3,2,3,4,3,3,3,3,3,2,3,4,2,2,2,2,3,3,3,2,3,2,3,2,2,2,2,2,3,3,3,2,3,2,2,3,3,8,3,3,3,3,3,3,3,2,2,2,3,3,3,2,2,3,3,3,3,2,3,2,3,2,3,2,2,3,2,2,2,3,2,3,3,2,3,3,2,1,2,2,2,2,3,3,2,2,2,3,2,2,7,2,2,2,3,2,2,2,2,2,2,2,2,2,2,2,3,2,2,2,2,2,2,2,2,2,2,2,2,2,2,3,2,2,2,2,2,2,2,2,3,3,2,2,2,2,2,2,2,3,2,2,2,2,2,2,2,2,2,2,3,3,3,2,3,3,2,2,2,2,2,2,2,2,2,2,3,2,3,2,2,2,3,2,2,3,2,6,9,8,8,8,7,7,7,7,7,6,5,7,7,8,7,7,8,10,9,10,12,11,11,12,10,9,10,9,9,8,8,9,9,9,9,8,9,10,11,10,11,11,10,10,10,11,12,11,10,10,10,9,8,9,10,11,10,11,11,10,10,,,,,,,,,,,,,,,,,,,,,,,,,,,,,,,,,,,,,,,,,,,,,,,,,,,,,,,,,,,,
05:00,3,2,3,2,3,2,2,2,2,3,2,2,3,2,3,2,2,2,2,2,2,2,2,3,3,2,2,2,2,2,2,2,2,2,2,2,2,3,2,3,2,2,3,2,2,2,3,3,2,3,3,3,2,2,2,3,3,3,3,3,2,8,3,3,2,3,3,2,3,3,3,2,3,2,2,2,3,2,4,2,2,2,3,2,2,2,2,2,3,2,3,2,2,3,2,3,3,2,3,2,3,3,2,2,7,3,2,2,2,3,2,2,3,2,3,2,2,2,3,2,2,2,2,2,3,2,3,2,2,2,2,3,2,3,2,3,2,3,2,2,3,2,3,3,2,2,2,3,3,2,2,3,2,3,2,2,2,7,3,3,3,2,2,3,3,2,2,2,2,2,3,3,2,2,2,2,2,2,3,2,2,2,2,2,2,2,2,2,2,2,3,2,2,2,2,2,3,2,2,2,2,2,2,2,2,2,1,2,2,2,2,2,2,2,2,2,2,2,2,2,3,2,2,2,2,2,3,3,3,2,2,2,2,2,2,3,2,2,2,2,2,2,2,2,7,9,8,9,8,7,8,7,8,6,7,7,7,7,8,8,6,8,9,10,11,11,10,11,11,10,9,10,9,9,8,7,10,9,8,9,8,8,11,10,9,10,12,11,11,10,11,11,10,9,9,8,8,8,10,10,10,10,10,11,11,10,9,11,11,11,9,11,11,11,10,11,9,11,12,8,7,6,9,9,7,6,6,9,9,11,11,11,10,9,9,9,8,10,10,12,11,10,10,11,11,10,9,9,10,9,2,2,2,3,3,2,2,2,2,2,2,2,3,2,3,2,3,2,3,2,3,2,2,2,2,3,2,2,3,2,3,2,2,2,2,2,2,2,2,3,3,2,2,2,2,2,2,2,2,2,2,2,2,3,2,3,2,2,3,2,2,2,3,3,2,3,3,3,2,2,2,3,3,3,3,3,2,8,3,3,2,3,3,2,3,3,3,2,3,2,2,2,3,2,4,2,2,2,3,2,2,2,2,2,3,2,3,2,2,3,2,3,3,2,3,2,3,3,2,2,7,3,2,2,2,3,2,2,3,2,3,2,2,2,3,2,2,2,2,2,3,2,3,2,2,2,2,3,2,3,2,3,2,3,2,2,3,2,3,3,2,2,2,3,3,2,2,3,2,3,2,2,2,7,3,3,3,2,2,3,3,2,2,2,2,2,3,3,2,2,2,2,2,2,3,2,2,2,2,2,2,2,2,2,2,2,3,2,2,2,2,2,3,2,2,2,2,2,2,2,2,2,1,2,2,2,2,2,2,2,2,2,2,2,2,2,3,2,2,2,2,2,3,3,3,2,2,2,2,2,2,3,2,2,2,2,2,2,2,2,7,9,8,9,8,7,8,7,8,6,7,7,7,7,8,8,6,8,9,10,11,11,10,11,11,10,9,10,9,9,8,7,10,9,8,9,8,8,11,10,9,10,12,11,11,10,11,11,10,9,9,8,8,8,10,10,10,10,10,11,11,10,,,,,,,,,,,,,,,,,,,,,,,,,,,,,,,,,,,,,,,,,,,,,,,,,,,,,,,,,,,,
05:30,2,2,2,2,2,3,2,2,3,2,2,3,2,2,2,2,2,2,2,2,2,2,2,2,1,3,2,2,2,2,2,2,2,2,2,2,2,2,2,2,2,2,2,2,2,2,2,2,3,2,2,3,3,3,3,2,3,2,2,2,3,7,2,3,3,3,2,3,2,2,3,2,2,3,3,3,2,2,4,3,3,3,2,3,2,2,3,2,2,2,2,2,2,2,3,3,2,2,2,2,2,2,3,2,7,3,2,3,3,3,3,2,2,2,2,2,2,3,2,2,2,2,2,2,2,2,2,2,3,2,2,2,2,2,3,2,2,2,2,2,3,3,2,2,2,2,2,2,2,2,2,2,2,2,2,2,3,7,2,2,2,2,2,2,2,2,2,2,2,2,2,2,2,2,3,2,2,2,2,2,2,2,2,1,2,2,2,2,2,2,2,3,2,2,2,2,2,2,3,3,2,2,2,2,1,2,3,2,2,2,2,2,2,2,2,3,2,2,2,2,2,2,2,2,1,2,2,2,2,2,2,2,2,2,2,3,2,2,2,2,3,2,3,2,6,8,9,8,8,7,8,7,7,6,6,6,7,7,8,7,7,9,9,9,10,11,12,11,11,11,10,10,9,8,8,7,9,9,8,9,8,9,10,11,9,11,11,10,10,10,12,12,11,9,10,10,9,8,11,10,11,11,11,12,11,11,9,11,11,10,10,11,12,11,11,10,9,11,12,8,7,6,9,8,8,6,7,9,10,10,12,10,10,9,10,10,9,11,10,12,10,10,10,10,11,11,9,9,9,9,2,2,3,2,2,2,2,2,2,2,2,2,2,2,2,2,2,2,2,2,2,3,2,2,3,2,2,3,2,2,2,2,2,2,2,2,2,2,2,2,1,3,2,2,2,2,2,2,2,2,2,2,2,2,2,2,2,2,2,2,2,2,2,2,3,2,2,3,3,3,3,2,3,2,2,2,3,7,2,3,3,3,2,3,2,2,3,2,2,3,3,3,2,2,4,3,3,3,2,3,2,2,3,2,2,2,2,2,2,2,3,3,2,2,2,2,2,2,3,2,7,3,2,3,3,3,3,2,2,2,2,2,2,3,2,2,2,2,2,2,2,2,2,2,3,2,2,2,2,2,3,2,2,2,2,2,3,3,2,2,2,2,2,2,2,2,2,2,2,2,2,2,3,7,2,2,2,2,2,2,2,2,2,2,2,2,2,2,2,2,3,2,2,2,2,2,2,2,2,1,2,2,2,2,2,2,2,3,2,2,2,2,2,2,3,3,2,2,2,2,1,2,3,2,2,2,2,2,2,2,2,3,2,2,2,2,2,2,2,2,1,2,2,2,2,2,2,2,2,2,2,3,2,2,2,2,3,2,3,2,6,8,9,8,8,7,8,7,7,6,6,6,7,7,8,7,7,9,9,9,10,11,12,11,11,11,10,10,9,8,8,7,9,9,8,9,8,9,10,11,9,11,11,10,10,10,12,12,11,9,10,10,9,8,11,10,11,11,11,12,11,11,,,,,,,,,,,,,,,,,,,,,,,,,,,,,,,,,,,,,,,,,,,,,,,,,,,,,,,,,,,,
06:00,2,2,2,2,3,2,2,2,2,2,2,2,2,2,2,3,2,2,1,2,2,2,2,2,3,2,2,2,1,2,2,2,2,2,1,2,2,2,2,1,1,2,2,2,2,1,1,2,2,3,2,2,2,2,2,2,4,3,3,2,2,6,3,2,2,3,2,2,2,2,3,3,2,2,2,2,3,2,4,2,2,2,2,2,2,2,2,2,3,3,2,3,2,2,1,3,2,2,2,3,2,2,2,2,7,2,3,2,3,2,2,2,2,3,2,2,2,2,2,2,2,2,2,2,2,2,2,2,2,2,3,2,2,2,2,2,2,2,2,3,3,2,2,2,2,1,2,2,2,2,2,2,2,3,2,3,2,7,2,2,2,1,2,2,2,2,2,2,2,2,2,2,2,2,2,2,2,1,2,2,2,1,2,2,2,2,2,2,3,2,2,2,2,3,2,2,2,3,2,2,2,2,2,2,2,2,1,3,2,2,2,2,2,2,2,2,2,2,2,2,2,2,2,2,2,2,2,2,2,2,2,2,2,2,3,2,2,2,2,2,2,3,2,3,7,9,8,8,8,7,8,7,8,6,6,7,8,7,8,8,6,8,10,10,11,12,11,11,12,10,9,11,9,10,8,8,9,9,8,9,8,9,10,11,10,11,11,10,11,9,11,11,10,10,9,8,8,8,9,10,11,10,10,11,10,11,9,10,10,11,9,11,12,12,10,11,10,11,11,7,6,6,9,9,7,5,8,9,10,10,11,11,10,10,9,9,9,10,9,13,10,10,11,11,11,11,9,9,10,8,2,2,2,2,2,2,3,2,2,2,2,2,2,2,2,2,2,2,2,2,3,2,2,2,2,2,2,2,2,2,2,3,2,2,1,2,2,2,2,2,3,2,2,2,1,2,2,2,2,2,1,2,2,2,2,1,1,2,2,2,2,1,1,2,2,3,2,2,2,2,2,2,4,3,3,2,2,6,3,2,2,3,2,2,2,2,3,3,2,2,2,2,3,2,4,2,2,2,2,2,2,2,2,2,3,3,2,3,2,2,1,3,2,2,2,3,2,2,2,2,7,2,3,2,3,2,2,2,2,3,2,2,2,2,2,2,2,2,2,2,2,2,2,2,2,2,3,2,2,2,2,2,2,2,2,3,3,2,2,2,2,1,2,2,2,2,2,2,2,3,2,3,2,7,2,2,2,1,2,2,2,2,2,2,2,2,2,2,2,2,2,2,2,1,2,2,2,1,2,2,2,2,2,2,3,2,2,2,2,3,2,2,2,3,2,2,2,2,2,2,2,2,1,3,2,2,2,2,2,2,2,2,2,2,2,2,2,2,2,2,2,2,2,2,2,2,2,2,2,2,3,2,2,2,2,2,2,3,2,3,7,9,8,8,8,7,8,7,8,6,6,7,8,7,8,8,6,8,10,10,11,12,11,11,12,10,9,11,9,10,8,8,9,9,8,9,8,9,10,11,10,11,11,10,11,9,11,11,10,10,9,8,8,8,9,10,11,10,10,11,10,11,,,,,,,,,,,,,,,,,,,,,,,,,,,,,,,,,,,,,,,,,,,,,,,,,,,,,,,,,,,,
06:30,1,2,2,2,2,1,3,2,1,1,2,1,1,2,2,2,2,1,2,2,1,1,1,1,1,3,1,2,1,2,2,2,1,1,2,2,2,3,1,2,2,1,1,1,3,2,2,2,3,2,2,2,2,2,1,2,3,2,2,3,1,7,2,6,5,7,7,6,5,7,6,5,6,7,6,6,6,6,7,5,6,5,6,6,6,6,6,6,6,5,5,5,6,7,6,6,6,6,6,5,6,5,5,5,11,6,6,5,6,6,6,6,5,5,6,6,6,6,6,6,9,6,6,5,5,6,6,6,5,6,6,6,6,6,5,6,6,6,6,5,7,6,6,5,5,5,5,5,6,6,6,6,5,6,5,5,6,9,6,5,6,6,5,6,5,5,6,6,5,6,5,6,7,6,2,2,1,1,2,3,1,2,1,2,1,1,2,2,1,2,2,2,2,2,2,2,2,2,2,2,2,2,2,1,6,2,2,1,2,2,2,1,2,2,2,2,2,2,3,3,2,2,2,2,2,2,2,2,2,2,2,2,2,2,2,3,2,2,2,2,2,3,2,2,6,9,8,9,8,7,7,7,7,6,8,7,6,7,8,7,7,8,10,11,10,11,11,12,11,10,10,10,9,8,8,8,10,9,8,10,7,9,10,11,9,11,11,10,11,10,11,12,11,10,10,9,9,9,10,12,10,10,11,11,11,10,9,12,10,10,10,12,12,11,12,10,10,11,13,8,8,7,10,9,8,7,6,9,10,11,12,11,11,10,10,10,10,10,10,13,11,11,10,10,10,11,10,9,9,8,2,2,2,2,2,3,2,2,2,3,2,2,1,2,2,1,1,2,2,2,2,1,3,2,1,1,2,1,1,2,2,2,2,1,2,2,1,1,1,1,1,3,1,2,1,2,2,2,1,1,2,2,2,3,1,2,2,1,1,1,3,2,2,2,3,2,2,2,2,2,1,2,3,2,2,3,1,7,2,6,5,7,7,6,5,7,6,5,6,7,6,6,6,6,7,5,6,5,6,6,6,6,6,6,6,5,5,5,6,7,6,6,6,6,6,5,6,5,5,5,11,6,6,5,6,6,6,6,5,5,6,6,6,6,6,6,9,6,6,5,5,6,6,6,5,6,6,6,6,6,5,6,6,6,6,5,7,6,6,5,5,5,5,5,6,6,6,6,5,6,5,5,6,9,6,5,6,6,5,6,5,5,6,6,5,6,5,6,7,6,2,2,1,1,2,3,1,2,1,2,1,1,2,2,1,2,2,2,2,2,2,2,2,2,2,2,2,2,2,1,6,2,2,1,2,2,2,1,2,2,2,2,2,2,3,3,2,2,2,2,2,2,2,2,2,2,2,2,2,2,2,3,2,2,2,2,2,3,2,2,6,9,8,9,8,7,7,7,7,6,8,7,6,7,8,7,7,8,10,11,10,11,11,12,11,10,10,10,9,8,8,8,10,9,8,10,7,9,10,11,9,11,11,10,11,10,11,12,11,10,10,9,9,9,10,12,10,10,11,11,11,10,,,,,,,,,,,,,,,,,,,,,,,,,,,,,,,,,,,,,,,,,,,,,,,,,,,,,,,,,,,,
07:00,1,2,2,1,2,3,3,2,1,2,1,3,2,1,2,1,3,2,1,2,2,1,0,2,2,3,1,1,1,2,2,1,1,1,0,2,2,2,2,2,1,1,2,2,2,1,2,2,3,3,1,3,3,3,1,2,3,2,2,2,2,3,3,6,5,6,6,6,6,7,5,7,8,7,7,7,7,5,6,6,6,6,6,7,5,5,6,6,6,7,6,6,5,6,5,7,7,7,6,5,6,7,6,6,10,6,5,6,6,7,6,7,5,6,6,5,4,5,5,5,11,6,6,6,5,6,5,5,6,6,6,6,6,6,6,5,6,6,6,6,7,6,6,5,5,5,6,6,6,7,6,7,7,6,4,6,7,7,7,6,7,5,5,6,6,7,6,6,6,6,5,7,6,6,2,1,1,2,2,3,2,1,2,1,1,2,2,3,2,2,1,2,2,1,2,2,2,2,2,1,1,1,1,1,6,2,2,3,1,2,3,2,1,1,2,2,2,2,2,2,3,2,2,2,2,2,2,3,2,2,3,1,2,4,3,3,2,3,2,1,3,3,2,3,9,8,8,10,10,8,10,9,8,6,8,8,9,8,9,7,7,10,12,11,13,13,10,11,11,11,9,10,10,10,8,7,10,9,9,9,8,8,10,12,11,13,12,10,11,12,13,14,13,11,9,9,10,11,11,12,12,11,11,13,13,12,10,12,11,11,11,13,13,13,12,11,10,11,12,9,8,8,9,8,9,7,9,10,9,10,11,12,12,11,11,11,8,10,12,14,11,11,12,10,11,12,10,10,10,10,2,2,3,3,2,4,4,2,2,3,3,2,3,2,1,2,1,2,2,1,2,3,3,2,1,2,1,3,2,1,2,1,3,2,1,2,2,1,0,2,2,3,1,1,1,2,2,1,1,1,0,2,2,2,2,2,1,1,2,2,2,1,2,2,3,3,1,3,3,3,1,2,3,2,2,2,2,3,3,6,5,6,6,6,6,7,5,7,8,7,7,7,7,5,6,6,6,6,6,7,5,5,6,6,6,7,6,6,5,6,5,7,7,7,6,5,6,7,6,6,10,6,5,6,6,7,6,7,5,6,6,5,4,5,5,5,11,6,6,6,5,6,5,5,6,6,6,6,6,6,6,5,6,6,6,6,7,6,6,5,5,5,6,6,6,7,6,7,7,6,4,6,7,7,7,6,7,5,5,6,6,7,6,6,6,6,5,7,6,6,2,1,1,2,2,3,2,1,2,1,1,2,2,3,2,2,1,2,2,1,2,2,2,2,2,1,1,1,1,1,6,2,2,3,1,2,3,2,1,1,2,2,2,2,2,2,3,2,2,2,2,2,2,3,2,2,3,1,2,4,3,3,2,3,2,1,3,3,2,3,9,8,8,10,10,8,10,9,8,6,8,8,9,8,9,7,7,10,12,11,13,13,10,11,11,11,9,10,10,10,8,7,10,9,9,9,8,8,10,12,11,13,12,10,11,12,13,14,13,11,9,9,10,11,11,12,12,11,11,13,13,12,,,,,,,,,,,,,,,,,,,,,,,,,,,,,,,,,,,,,,,,,,,,,,,,,,,,,,,,,,,,
07:30,1,1,2,2,2,2,2,2,1,6,3,2,2,3,2,2,5,2,2,2,2,0,1,1,1,3,1,1,0,2,1,1,1,0,1,2,2,3,1,1,1,2,1,1,3,2,1,2,4,2,1,2,3,3,2,1,2,1,3,2,2,2,4,6,9,6,5,6,6,7,8,10,7,11,8,7,7,4,7,5,5,6,7,7,6,5,7,6,7,6,7,6,6,7,6,8,7,6,6,5,7,6,6,6,12,6,6,4,7,8,12,7,4,5,7,6,6,6,6,5,10,7,7,5,5,6,4,5,6,7,6,6,6,6,5,5,6,5,7,6,7,5,6,6,5,6,16,6,5,7,6,6,7,5,4,5,7,7,8,6,7,4,4,7,6,6,7,6,5,6,5,6,7,8,4,6,0,1,2,7,4,1,1,2,2,1,3,3,8,2,0,2,2,3,5,1,1,2,3,2,2,2,2,1,5,2,2,9,2,2,2,2,0,2,2,3,1,1,2,2,3,3,2,3,2,4,3,2,2,3,4,1,3,4,3,4,3,4,2,5,4,3,4,4,9,9,8,10,12,10,10,9,6,15,8,8,9,10,11,7,6,12,12,13,12,17,19,11,12,12,12,11,8,8,8,8,9,9,9,12,8,9,10,20,12,13,14,10,10,12,16,14,12,12,10,9,11,11,12,13,13,9,10,14,13,14,11,14,10,10,12,15,14,13,13,10,8,11,13,10,9,9,9,8,9,7,10,10,10,9,11,13,12,10,11,12,9,10,13,14,13,12,14,11,10,12,11,10,11,10,0,2,3,5,2,3,9,0,1,4,4,2,2,2,2,0,1,1,2,2,2,2,2,2,1,6,3,2,2,3,2,2,5,2,2,2,2,0,1,1,1,3,1,1,0,2,1,1,1,0,1,2,2,3,1,1,1,2,1,1,3,2,1,2,4,2,1,2,3,3,2,1,2,1,3,2,2,2,4,6,9,6,5,6,6,7,8,10,7,11,8,7,7,4,7,5,5,6,7,7,6,5,7,6,7,6,7,6,6,7,6,8,7,6,6,5,7,6,6,6,12,6,6,4,7,8,12,7,4,5,7,6,6,6,6,5,10,7,7,5,5,6,4,5,6,7,6,6,6,6,5,5,6,5,7,6,7,5,6,6,5,6,16,6,5,7,6,6,7,5,4,5,7,7,8,6,7,4,4,7,6,6,7,6,5,6,5,6,7,8,4,6,0,1,2,7,4,1,1,2,2,1,3,3,8,2,0,2,2,3,5,1,1,2,3,2,2,2,2,1,5,2,2,9,2,2,2,2,0,2,2,3,1,1,2,2,3,3,2,3,2,4,3,2,2,3,4,1,3,4,3,4,3,4,2,5,4,3,4,4,9,9,8,10,12,10,10,9,6,15,8,8,9,10,11,7,6,12,12,13,12,17,19,11,12,12,12,11,8,8,8,8,9,9,9,12,8,9,10,20,12,13,14,10,10,12,16,14,12,12,10,9,11,11,12,13,13,9,10,14,13,14,,,,,,,,,,,,,,,,,,,,,,,,,,,,,,,,,,,,,,,,,,,,,,,,,,,,,,,,,,,,
08:00,0,1,3,2,2,3,4,1,1,12,2,4,2,2,2,2,14,1,2,1,2,0,0,3,3,4,3,2,0,2,2,2,0,0,0,2,2,5,2,3,2,2,1,2,3,3,3,2,5,2,1,4,4,4,2,3,3,2,2,3,2,2,5,5,12,7,6,5,5,9,11,14,8,14,9,8,9,4,12,7,5,6,8,7,4,4,7,7,7,8,7,6,4,8,7,9,8,8,6,4,8,8,8,8,12,6,5,4,9,11,15,6,4,5,7,7,7,6,5,5,10,7,8,6,5,6,4,6,6,6,6,5,4,6,4,5,5,5,6,6,7,5,7,6,7,6,19,5,5,10,11,10,9,8,4,6,9,9,11,8,9,5,4,10,7,7,8,8,6,13,4,10,9,9,4,9,0,2,4,9,4,2,2,3,3,2,3,3,11,1,0,2,3,1,12,2,1,2,2,3,1,2,3,1,6,2,2,12,2,3,9,1,0,2,2,3,1,0,2,4,4,3,2,3,1,9,8,3,1,3,4,1,7,6,5,4,9,5,0,11,5,5,5,6,10,7,7,13,13,12,13,11,7,15,10,10,10,10,13,8,7,16,21,15,15,25,20,11,12,11,10,12,10,8,8,7,8,8,10,11,7,8,9,26,15,18,16,9,10,15,19,17,16,15,9,16,14,13,15,15,17,10,11,17,15,15,14,15,10,10,15,19,19,17,15,9,9,9,16,11,10,11,8,7,10,13,15,15,9,9,10,16,16,12,14,16,8,8,16,17,15,13,16,10,10,15,15,13,12,18,1,1,5,14,2,7,15,1,0,3,4,2,9,4,2,1,0,1,3,2,2,3,4,1,1,12,2,4,2,2,2,2,14,1,2,1,2,0,0,3,3,4,3,2,0,2,2,2,0,0,0,2,2,5,2,3,2,2,1,2,3,3,3,2,5,2,1,4,4,4,2,3,3,2,2,3,2,2,5,5,12,7,6,5,5,9,11,14,8,14,9,8,9,4,12,7,5,6,8,7,4,4,7,7,7,8,7,6,4,8,7,9,8,8,6,4,8,8,8,8,12,6,5,4,9,11,15,6,4,5,7,7,7,6,5,5,10,7,8,6,5,6,4,6,6,6,6,5,4,6,4,5,5,5,6,6,7,5,7,6,7,6,19,5,5,10,11,10,9,8,4,6,9,9,11,8,9,5,4,10,7,7,8,8,6,13,4,10,9,9,4,9,0,2,4,9,4,2,2,3,3,2,3,3,11,1,0,2,3,1,12,2,1,2,2,3,1,2,3,1,6,2,2,12,2,3,9,1,0,2,2,3,1,0,2,4,4,3,2,3,1,9,8,3,1,3,4,1,7,6,5,4,9,5,0,11,5,5,5,6,10,7,7,13,13,12,13,11,7,15,10,10,10,10,13,8,7,16,21,15,15,25,20,11,12,11,10,12,10,8,8,7,8,8,10,11,7,8,9,26,15,18,16,9,10,15,19,17,16,15,9,16,14,13,15,15,17,10,11,17,15,15,,,,,,,,,,,,,,,,,,,,,,,,,,,,,,,,,,,,,,,,,,,,,,,,,,,,,,,,,,,,
08:30,0,1,3,2,3,3,4,2,0,16,6,7,5,5,1,2,13,5,4,6,7,0,0,4,4,8,6,5,0,1,5,4,0,0,0,2,2,9,5,5,5,5,1,1,8,6,6,7,9,2,0,6,9,9,5,7,7,8,2,6,5,6,8,6,12,10,9,9,10,14,14,14,12,19,12,13,14,3,11,11,10,10,12,12,5,3,11,11,10,13,12,5,9,11,11,13,11,11,6,4,14,13,14,12,17,7,4,4,13,20,19,8,4,5,9,8,8,8,8,4,10,7,7,5,5,8,4,5,5,7,6,4,5,4,4,6,5,6,8,6,7,4,7,6,6,8,25,4,4,16,16,15,13,12,4,6,14,15,15,14,13,5,3,13,16,14,13,12,5,14,3,13,16,14,10,8,0,7,8,10,8,6,1,6,6,5,8,8,13,2,0,1,2,0,14,5,3,2,6,5,5,5,7,1,5,5,5,16,6,6,16,1,0,7,5,6,0,1,2,8,10,6,5,7,1,8,15,7,5,6,11,0,9,8,7,7,9,9,0,10,10,8,9,12,16,7,7,14,17,16,16,14,6,15,12,16,14,16,16,7,6,18,24,20,18,27,18,11,12,10,11,10,8,7,8,7,8,9,9,10,8,7,8,29,19,19,20,10,8,18,21,19,20,18,8,16,17,17,17,25,19,10,14,21,17,17,16,20,10,8,19,22,20,19,17,8,8,9,19,15,15,13,10,7,14,24,18,19,9,9,9,19,23,18,16,20,7,9,20,19,19,15,19,8,10,16,18,15,14,24,0,1,12,16,1,10,18,1,2,4,6,3,12,3,2,0,0,1,3,2,3,3,4,2,0,16,6,7,5,5,1,2,13,5,4,6,7,0,0,4,4,8,6,5,0,1,5,4,0,0,0,2,2,9,5,5,5,5,1,1,8,6,6,7,9,2,0,6,9,9,5,7,7,8,2,6,5,6,8,6,12,10,9,9,10,14,14,14,12,19,12,13,14,3,11,11,10,10,12,12,5,3,11,11,10,13,12,5,9,11,11,13,11,11,6,4,14,13,14,12,17,7,4,4,13,20,19,8,4,5,9,8,8,8,8,4,10,7,7,5,5,8,4,5,5,7,6,4,5,4,4,6,5,6,8,6,7,4,7,6,6,8,25,4,4,16,16,15,13,12,4,6,14,15,15,14,13,5,3,13,16,14,13,12,5,14,3,13,16,14,10,8,0,7,8,10,8,6,1,6,6,5,8,8,13,2,0,1,2,0,14,5,3,2,6,5,5,5,7,1,5,5,5,16,6,6,16,1,0,7,5,6,0,1,2,8,10,6,5,7,1,8,15,7,5,6,11,0,9,8,7,7,9,9,0,10,10,8,9,12,16,7,7,14,17,16,16,14,6,15,12,16,14,16,16,7,6,18,24,20,18,27,18,11,12,10,11,10,8,7,8,7,8,9,9,10,8,7,8,29,19,19,20,10,8,18,21,19,20,18,8,16,17,17,17,25,19,10,14,21,17,17,,,,,,,,,,,,,,,,,,,,,,,,,,,,,,,,,,,,,,,,,,,,,,,,,,,,,,,,,,,,
09:00,1,2,2,2,4,4,4,1,1,15,6,8,7,7,3,0,8,4,5,7,10,2,1,7,7,9,6,9,2,4,5,9,0,0,0,2,4,9,6,8,7,7,1,1,11,7,9,8,9,7,0,9,11,10,7,8,3,11,2,7,7,6,14,7,12,10,11,10,17,15,13,14,13,15,18,13,15,6,11,11,15,13,13,15,11,4,12,12,15,14,13,5,8,14,13,15,13,17,9,7,16,18,16,15,18,8,5,3,15,22,15,9,6,8,11,11,12,9,10,5,9,9,8,7,6,8,7,6,8,4,6,4,4,4,5,5,4,4,7,7,9,9,9,6,6,8,22,7,5,17,24,18,20,16,4,10,18,18,20,15,15,7,7,18,21,15,14,17,7,14,4,18,17,18,14,8,2,9,11,9,11,7,4,5,6,12,10,8,14,0,0,2,2,1,15,8,7,3,6,10,11,10,8,0,5,9,10,13,9,14,19,1,0,7,9,7,0,2,2,9,11,9,7,8,1,10,15,12,10,10,14,2,8,9,8,10,9,12,1,10,13,13,16,16,19,7,8,17,18,17,15,16,4,16,15,19,16,17,19,9,6,20,25,23,20,25,19,13,12,11,9,10,8,9,7,7,7,8,13,10,11,8,8,23,18,22,25,10,12,18,27,24,23,24,11,17,19,20,20,26,24,10,14,23,22,23,20,21,11,11,20,27,26,22,20,9,11,10,24,18,21,15,11,6,16,22,22,21,11,8,10,19,25,21,22,22,10,8,22,20,21,22,22,8,10,18,27,22,18,25,1,0,18,18,4,12,16,3,7,5,8,1,12,3,1,4,1,2,2,2,4,4,4,1,1,15,6,8,7,7,3,0,8,4,5,7,10,2,1,7,7,9,6,9,2,4,5,9,0,0,0,2,4,9,6,8,7,7,1,1,11,7,9,8,9,7,0,9,11,10,7,8,3,11,2,7,7,6,14,7,12,10,11,10,17,15,13,14,13,15,18,13,15,6,11,11,15,13,13,15,11,4,12,12,15,14,13,5,8,14,13,15,13,17,9,7,16,18,16,15,18,8,5,3,15,22,15,9,6,8,11,11,12,9,10,5,9,9,8,7,6,8,7,6,8,4,6,4,4,4,5,5,4,4,7,7,9,9,9,6,6,8,22,7,5,17,24,18,20,16,4,10,18,18,20,15,15,7,7,18,21,15,14,17,7,14,4,18,17,18,14,8,2,9,11,9,11,7,4,5,6,12,10,8,14,0,0,2,2,1,15,8,7,3,6,10,11,10,8,0,5,9,10,13,9,14,19,1,0,7,9,7,0,2,2,9,11,9,7,8,1,10,15,12,10,10,14,2,8,9,8,10,9,12,1,10,13,13,16,16,19,7,8,17,18,17,15,16,4,16,15,19,16,17,19,9,6,20,25,23,20,25,19,13,12,11,9,10,8,9,7,7,7,8,13,10,11,8,8,23,18,22,25,10,12,18,27,24,23,24,11,17,19,20,20,26,24,10,14,23,22,23,,,,,,,,,,,,,,,,,,,,,,,,,,,,,,,,,,,,,,,,,,,,,,,,,,,,,,,,,,,,
09:30,3,5,1,1,2,4,5,1,0,14,8,6,5,11,6,0,7,5,4,6,11,4,4,7,5,9,6,8,3,6,5,10,0,0,0,1,6,10,6,10,4,7,5,0,15,7,11,6,14,6,0,12,14,11,5,6,2,11,1,8,7,6,14,9,12,10,10,9,15,16,13,14,13,19,19,13,15,7,11,10,14,11,14,18,11,3,11,11,15,17,14,4,9,11,12,16,13,17,11,9,15,16,16,14,13,11,4,3,16,22,14,7,8,8,13,12,14,12,12,8,9,8,9,6,6,8,7,8,6,6,6,3,4,5,3,4,4,4,6,8,8,8,9,5,5,9,19,9,4,20,24,16,21,17,2,10,17,20,20,19,15,10,7,16,20,15,12,21,10,13,2,20,19,20,16,7,3,9,12,9,15,7,6,9,10,12,15,8,11,1,0,3,2,0,8,15,7,1,6,11,12,15,8,0,4,11,13,12,15,19,15,0,0,10,10,7,0,6,1,8,15,7,7,13,5,9,13,15,8,9,18,3,9,9,9,14,7,10,4,9,13,14,17,19,19,11,13,18,21,19,16,20,6,15,15,23,17,18,24,12,6,19,26,20,23,23,19,14,12,11,10,9,6,6,8,7,6,8,15,11,13,12,8,18,19,21,25,15,12,23,27,26,22,22,15,16,21,22,20,27,24,15,12,25,21,24,19,24,13,13,21,27,24,21,24,12,13,13,23,18,17,18,11,5,16,22,24,27,14,8,8,22,25,24,22,26,10,7,24,22,22,26,26,7,10,17,22,24,17,23,1,1,20,17,9,13,14,6,7,5,9,3,11,4,2,4,3,5,1,1,2,4,5,1,0,14,8,6,5,11,6,0,7,5,4,6,11,4,4,7,5,9,6,8,3,6,5,10,0,0,0,1,6,10,6,10,4,7,5,0,15,7,11,6,14,6,0,12,14,11,5,6,2,11,1,8,7,6,14,9,12,10,10,9,15,16,13,14,13,19,19,13,15,7,11,10,14,11,14,18,11,3,11,11,15,17,14,4,9,11,12,16,13,17,11,9,15,16,16,14,13,11,4,3,16,22,14,7,8,8,13,12,14,12,12,8,9,8,9,6,6,8,7,8,6,6,6,3,4,5,3,4,4,4,6,8,8,8,9,5,5,9,19,9,4,20,24,16,21,17,2,10,17,20,20,19,15,10,7,16,20,15,12,21,10,13,2,20,19,20,16,7,3,9,12,9,15,7,6,9,10,12,15,8,11,1,0,3,2,0,8,15,7,1,6,11,12,15,8,0,4,11,13,12,15,19,15,0,0,10,10,7,0,6,1,8,15,7,7,13,5,9,13,15,8,9,18,3,9,9,9,14,7,10,4,9,13,14,17,19,19,11,13,18,21,19,16,20,6,15,15,23,17,18,24,12,6,19,26,20,23,23,19,14,12,11,10,9,6,6,8,7,6,8,15,11,13,12,8,18,19,21,25,15,12,23,27,26,22,22,15,16,21,22,20,27,24,15,12,25,21,24,,,,,,,,,,,,,,,,,,,,,,,,,,,,,,,,,,,,,,,,,,,,,,,,,,,,,,,,,,,,
10:00,3,4,1,2,2,4,6,1,0,14,7,8,8,8,6,1,11,7,5,7,12,3,4,8,5,11,6,12,4,6,6,11,0,0,0,2,6,15,11,8,6,11,4,0,15,12,8,8,14,7,0,8,12,8,6,10,2,12,1,11,12,8,14,9,11,13,10,12,16,16,13,14,16,17,19,17,16,8,10,11,12,11,14,18,11,5,12,13,17,16,19,4,8,14,13,15,14,15,11,10,18,17,17,15,16,11,4,3,16,24,15,7,10,8,16,15,17,12,14,8,8,7,11,7,7,9,8,8,6,5,6,3,4,4,5,3,4,5,8,11,10,8,8,6,5,9,17,8,5,19,20,19,18,15,3,9,19,17,19,17,17,9,7,21,20,16,14,21,9,13,3,23,20,19,18,8,4,15,11,12,15,7,6,10,12,11,15,12,11,1,0,7,3,0,9,16,7,3,8,12,13,11,15,0,3,11,14,12,14,21,16,0,0,7,9,7,0,5,2,10,13,8,9,9,5,8,13,11,11,10,16,7,9,12,15,11,7,10,5,9,16,15,17,19,21,10,13,19,22,21,16,19,4,16,17,19,20,19,20,12,9,22,24,22,23,25,18,13,13,11,9,9,7,7,6,6,7,7,15,10,12,10,9,18,21,21,26,15,12,23,28,22,25,22,13,17,21,20,25,27,25,14,13,26,19,23,20,19,11,13,27,25,25,26,20,12,13,12,22,19,14,15,10,5,19,19,23,24,14,8,9,24,27,21,21,24,12,8,22,22,27,26,24,7,8,21,24,23,20,22,0,0,12,15,9,16,11,6,6,6,11,4,11,5,1,5,3,4,1,2,2,4,6,1,0,14,7,8,8,8,6,1,11,7,5,7,12,3,4,8,5,11,6,12,4,6,6,11,0,0,0,2,6,15,11,8,6,11,4,0,15,12,8,8,14,7,0,8,12,8,6,10,2,12,1,11,12,8,14,9,11,13,10,12,16,16,13,14,16,17,19,17,16,8,10,11,12,11,14,18,11,5,12,13,17,16,19,4,8,14,13,15,14,15,11,10,18,17,17,15,16,11,4,3,16,24,15,7,10,8,16,15,17,12,14,8,8,7,11,7,7,9,8,8,6,5,6,3,4,4,5,3,4,5,8,11,10,8,8,6,5,9,17,8,5,19,20,19,18,15,3,9,19,17,19,17,17,9,7,21,20,16,14,21,9,13,3,23,20,19,18,8,4,15,11,12,15,7,6,10,12,11,15,12,11,1,0,7,3,0,9,16,7,3,8,12,13,11,15,0,3,11,14,12,14,21,16,0,0,7,9,7,0,5,2,10,13,8,9,9,5,8,13,11,11,10,16,7,9,12,15,11,7,10,5,9,16,15,17,19,21,10,13,19,22,21,16,19,4,16,17,19,20,19,20,12,9,22,24,22,23,25,18,13,13,11,9,9,7,7,6,6,7,7,15,10,12,10,9,18,21,21,26,15,12,23,28,22,25,22,13,17,21,20,25,27,25,14,13,26,19,23,,,,,,,,,,,,,,,,,,,,,,,,,,,,,,,,,,,,,,,,,,,,,,,,,,,,,,,,,,,,
10:30,3,5,2,3,3,14,6,0,0,12,7,12,13,7,6,0,10,7,9,7,14,3,4,7,6,11,8,9,3,6,6,12,0,0,0,2,7,15,12,8,6,12,6,1,16,10,7,8,18,6,0,7,10,11,8,10,3,11,2,9,9,7,13,9,12,16,12,15,16,16,14,15,19,19,17,17,17,8,11,11,13,12,14,18,12,5,13,15,21,17,20,3,8,14,15,14,15,16,12,10,21,18,19,17,15,10,5,4,19,24,18,8,11,10,16,17,17,12,14,9,8,8,11,7,6,9,8,8,5,6,7,2,3,5,5,4,4,3,8,11,8,8,8,6,12,10,18,10,5,19,19,19,18,16,2,9,21,18,21,17,19,10,8,26,19,17,16,22,9,13,3,24,23,19,18,8,4,15,16,12,15,8,7,9,11,15,15,14,10,1,0,7,2,0,12,13,5,2,9,14,13,14,17,4,3,12,14,11,17,20,14,0,0,7,9,7,0,6,2,14,15,8,8,10,6,9,10,12,13,10,19,6,8,17,15,14,7,10,3,9,18,15,18,15,20,12,13,20,23,23,18,18,3,14,21,23,19,20,19,11,9,25,25,22,19,24,19,13,12,12,9,8,6,5,7,6,5,6,14,8,13,10,8,18,23,22,25,14,13,23,29,20,27,23,13,16,24,22,22,27,27,14,13,25,21,25,20,18,11,11,29,24,22,26,19,12,12,12,23,19,14,14,10,4,22,18,26,28,14,8,9,26,27,26,22,26,11,8,24,21,26,25,21,6,7,22,22,23,21,20,1,0,11,15,9,17,14,6,6,6,10,5,6,6,1,7,3,5,2,3,3,14,6,0,0,12,7,12,13,7,6,0,10,7,9,7,14,3,4,7,6,11,8,9,3,6,6,12,0,0,0,2,7,15,12,8,6,12,6,1,16,10,7,8,18,6,0,7,10,11,8,10,3,11,2,9,9,7,13,9,12,16,12,15,16,16,14,15,19,19,17,17,17,8,11,11,13,12,14,18,12,5,13,15,21,17,20,3,8,14,15,14,15,16,12,10,21,18,19,17,15,10,5,4,19,24,18,8,11,10,16,17,17,12,14,9,8,8,11,7,6,9,8,8,5,6,7,2,3,5,5,4,4,3,8,11,8,8,8,6,12,10,18,10,5,19,19,19,18,16,2,9,21,18,21,17,19,10,8,26,19,17,16,22,9,13,3,24,23,19,18,8,4,15,16,12,15,8,7,9,11,15,15,14,10,1,0,7,2,0,12,13,5,2,9,14,13,14,17,4,3,12,14,11,17,20,14,0,0,7,9,7,0,6,2,14,15,8,8,10,6,9,10,12,13,10,19,6,8,17,15,14,7,10,3,9,18,15,18,15,20,12,13,20,23,23,18,18,3,14,21,23,19,20,19,11,9,25,25,22,19,24,19,13,12,12,9,8,6,5,7,6,5,6,14,8,13,10,8,18,23,22,25,14,13,23,29,20,27,23,13,16,24,22,22,27,27,14,13,25,21,25,,,,,,,,,,,,,,,,,,,,,,,,,,,,,,,,,,,,,,,,,,,,,,,,,,,,,,,,,,,,
11:00,3,6,1,2,5,7,9,2,0,15,9,11,8,8,7,0,10,9,7,9,12,3,3,10,7,13,5,11,4,5,8,12,0,0,1,1,6,11,12,9,11,8,5,0,16,8,9,9,10,5,1,9,12,9,9,9,4,12,1,11,8,7,12,8,11,13,11,14,14,17,14,14,17,18,20,15,20,8,11,13,14,18,17,17,11,4,15,13,21,17,23,4,8,17,14,16,17,17,11,8,18,17,20,18,19,11,5,4,18,25,18,8,10,10,16,16,19,11,13,8,8,8,10,8,5,9,7,9,7,9,8,3,3,5,5,3,4,4,10,11,9,7,9,7,9,10,17,9,4,19,18,21,18,18,3,9,20,19,20,18,19,10,7,22,19,18,16,18,9,13,3,25,18,19,18,7,3,15,18,13,14,10,7,9,14,10,16,15,9,1,0,7,2,0,9,10,5,2,9,13,14,14,20,5,4,13,9,13,17,17,16,1,0,9,10,7,0,7,2,9,12,10,6,11,7,8,13,8,11,13,17,5,7,17,16,11,6,12,3,9,19,18,20,18,23,13,13,20,23,22,16,18,3,14,19,20,17,24,20,12,11,23,23,25,20,20,18,14,12,10,9,9,6,5,6,4,5,7,14,8,15,9,9,19,21,20,24,14,10,20,24,21,22,21,12,16,25,20,19,25,29,13,11,24,22,23,20,22,11,11,27,28,24,25,21,11,13,11,22,16,20,18,10,4,19,22,23,27,14,8,8,23,27,20,19,27,10,9,25,24,27,21,28,7,8,21,24,22,20,19,0,0,13,15,10,14,11,6,8,4,8,3,2,6,1,8,3,6,1,2,5,7,9,2,0,15,9,11,8,8,7,0,10,9,7,9,12,3,3,10,7,13,5,11,4,5,8,12,0,0,1,1,6,11,12,9,11,8,5,0,16,8,9,9,10,5,1,9,12,9,9,9,4,12,1,11,8,7,12,8,11,13,11,14,14,17,14,14,17,18,20,15,20,8,11,13,14,18,17,17,11,4,15,13,21,17,23,4,8,17,14,16,17,17,11,8,18,17,20,18,19,11,5,4,18,25,18,8,10,10,16,16,19,11,13,8,8,8,10,8,5,9,7,9,7,9,8,3,3,5,5,3,4,4,10,11,9,7,9,7,9,10,17,9,4,19,18,21,18,18,3,9,20,19,20,18,19,10,7,22,19,18,16,18,9,13,3,25,18,19,18,7,3,15,18,13,14,10,7,9,14,10,16,15,9,1,0,7,2,0,9,10,5,2,9,13,14,14,20,5,4,13,9,13,17,17,16,1,0,9,10,7,0,7,2,9,12,10,6,11,7,8,13,8,11,13,17,5,7,17,16,11,6,12,3,9,19,18,20,18,23,13,13,20,23,22,16,18,3,14,19,20,17,24,20,12,11,23,23,25,20,20,18,14,12,10,9,9,6,5,6,4,5,7,14,8,15,9,9,19,21,20,24,14,10,20,24,21,22,21,12,16,25,20,19,25,29,13,11,24,22,23,,,,,,,,,,,,,,,,,,,,,,,,,,,,,,,,,,,,,,,,,,,,,,,,,,,,,,,,,,,,
11:30,5,8,4,4,4,4,10,4,0,17,12,12,10,8,8,1,9,14,8,9,14,5,5,7,8,13,8,13,6,9,9,13,0,1,0,4,9,11,14,16,17,13,7,3,20,11,10,11,14,9,1,10,19,14,9,13,6,15,4,15,10,10,15,10,13,14,17,21,18,18,17,15,23,21,24,20,26,10,13,18,13,20,22,21,14,5,15,16,23,19,24,8,8,19,15,23,18,20,13,12,20,20,23,19,21,13,8,6,22,26,21,11,13,11,19,19,20,14,15,10,10,11,12,9,8,12,10,12,9,9,12,6,5,8,6,7,6,6,10,12,11,11,9,10,11,14,19,12,5,21,21,24,20,22,5,11,22,22,25,19,24,11,13,26,23,22,19,26,12,17,6,30,21,27,19,8,6,16,21,19,18,15,9,11,14,20,19,15,14,3,1,9,4,5,16,14,4,3,15,17,17,16,23,5,5,13,14,13,17,22,16,2,0,13,13,15,1,7,2,9,16,12,7,15,6,9,10,9,9,14,22,5,6,17,16,14,7,16,3,9,20,17,19,22,23,10,13,22,22,24,20,20,3,14,20,23,22,24,24,11,10,24,26,28,23,21,15,14,11,11,9,8,5,5,7,3,6,6,13,8,14,10,9,19,24,24,23,14,10,24,29,26,24,22,11,17,25,23,26,30,28,13,12,24,20,28,18,24,12,11,28,28,22,26,23,11,13,11,23,19,22,20,9,4,17,23,27,29,13,6,8,23,26,22,22,25,11,9,24,27,27,21,28,6,7,26,24,20,21,21,0,0,15,16,9,12,8,6,7,5,9,5,3,5,1,8,5,8,4,4,4,4,10,4,0,17,12,12,10,8,8,1,9,14,8,9,14,5,5,7,8,13,8,13,6,9,9,13,0,1,0,4,9,11,14,16,17,13,7,3,20,11,10,11,14,9,1,10,19,14,9,13,6,15,4,15,10,10,15,10,13,14,17,21,18,18,17,15,23,21,24,20,26,10,13,18,13,20,22,21,14,5,15,16,23,19,24,8,8,19,15,23,18,20,13,12,20,20,23,19,21,13,8,6,22,26,21,11,13,11,19,19,20,14,15,10,10,11,12,9,8,12,10,12,9,9,12,6,5,8,6,7,6,6,10,12,11,11,9,10,11,14,19,12,5,21,21,24,20,22,5,11,22,22,25,19,24,11,13,26,23,22,19,26,12,17,6,30,21,27,19,8,6,16,21,19,18,15,9,11,14,20,19,15,14,3,1,9,4,5,16,14,4,3,15,17,17,16,23,5,5,13,14,13,17,22,16,2,0,13,13,15,1,7,2,9,16,12,7,15,6,9,10,9,9,14,22,5,6,17,16,14,7,16,3,9,20,17,19,22,23,10,13,22,22,24,20,20,3,14,20,23,22,24,24,11,10,24,26,28,23,21,15,14,11,11,9,8,5,5,7,3,6,6,13,8,14,10,9,19,24,24,23,14,10,24,29,26,24,22,11,17,25,23,26,30,28,13,12,24,20,28,,,,,,,,,,,,,,,,,,,,,,,,,,,,,,,,,,,,,,,,,,,,,,,,,,,,,,,,,,,,
12:00,4,7,4,3,4,4,13,3,0,15,9,15,10,7,8,0,12,10,8,10,11,4,4,8,7,16,11,9,2,8,10,14,0,0,1,3,7,13,12,11,9,10,6,0,15,12,9,12,15,8,1,11,16,12,8,12,3,14,3,16,14,11,19,10,12,15,17,16,18,23,15,16,21,20,20,24,24,8,13,15,16,21,20,18,13,5,17,19,21,18,25,6,4,17,15,21,19,20,12,10,20,19,23,18,22,12,8,7,21,25,19,11,10,11,15,15,18,12,12,5,10,10,8,10,7,11,9,10,7,8,8,4,5,5,5,6,6,5,9,11,9,8,9,10,11,12,18,12,5,21,22,21,20,21,5,9,25,20,25,20,20,10,11,26,20,22,17,24,10,14,5,27,23,22,18,8,4,17,14,17,16,14,8,10,14,19,20,14,15,2,0,8,3,6,13,14,0,4,16,17,17,14,22,1,4,15,15,14,18,22,17,2,0,10,13,14,0,8,2,10,14,13,11,15,5,9,9,10,9,12,20,4,7,17,14,12,7,17,5,9,19,16,18,19,19,10,12,22,18,19,18,20,3,15,19,19,19,20,23,12,11,24,23,24,20,24,8,13,12,11,10,9,5,6,5,5,5,7,12,9,15,13,9,22,23,24,19,12,11,25,26,20,21,24,7,16,22,20,28,26,26,14,8,25,19,25,21,23,10,11,29,23,19,24,21,11,12,10,18,16,20,17,9,3,19,22,23,29,14,6,8,21,27,18,22,21,6,8,23,23,28,23,29,7,8,25,21,21,18,20,0,0,16,15,10,10,8,7,6,5,11,5,2,6,0,7,4,7,4,3,4,4,13,3,0,15,9,15,10,7,8,0,12,10,8,10,11,4,4,8,7,16,11,9,2,8,10,14,0,0,1,3,7,13,12,11,9,10,6,0,15,12,9,12,15,8,1,11,16,12,8,12,3,14,3,16,14,11,19,10,12,15,17,16,18,23,15,16,21,20,20,24,24,8,13,15,16,21,20,18,13,5,17,19,21,18,25,6,4,17,15,21,19,20,12,10,20,19,23,18,22,12,8,7,21,25,19,11,10,11,15,15,18,12,12,5,10,10,8,10,7,11,9,10,7,8,8,4,5,5,5,6,6,5,9,11,9,8,9,10,11,12,18,12,5,21,22,21,20,21,5,9,25,20,25,20,20,10,11,26,20,22,17,24,10,14,5,27,23,22,18,8,4,17,14,17,16,14,8,10,14,19,20,14,15,2,0,8,3,6,13,14,0,4,16,17,17,14,22,1,4,15,15,14,18,22,17,2,0,10,13,14,0,8,2,10,14,13,11,15,5,9,9,10,9,12,20,4,7,17,14,12,7,17,5,9,19,16,18,19,19,10,12,22,18,19,18,20,3,15,19,19,19,20,23,12,11,24,23,24,20,24,8,13,12,11,10,9,5,6,5,5,5,7,12,9,15,13,9,22,23,24,19,12,11,25,26,20,21,24,7,16,22,20,28,26,26,14,8,25,19,25,,,,,,,,,,,,,,,,,,,,,,,,,,,,,,,,,,,,,,,,,,,,,,,,,,,,,,,,,,,,
12:30,1,1,3,3,4,4,8,3,0,16,8,16,12,8,6,2,14,10,7,11,9,0,2,7,8,16,9,7,0,7,10,11,0,0,0,2,5,13,14,9,9,12,5,1,16,13,9,10,13,4,0,8,11,10,9,11,5,13,3,15,13,12,15,4,11,13,16,12,16,21,14,14,20,19,15,20,21,3,13,13,15,20,21,17,9,5,16,16,17,16,20,6,3,16,15,20,18,20,8,6,20,18,20,16,23,9,6,4,20,20,18,8,7,6,12,11,13,11,10,4,8,9,7,7,6,9,4,5,6,6,7,3,2,5,5,5,4,4,6,9,5,4,6,7,10,8,16,3,4,19,20,20,19,19,4,7,25,18,26,18,18,8,8,26,18,21,17,23,7,14,3,22,25,20,15,7,3,13,13,12,13,13,4,4,13,19,20,16,16,1,1,6,4,6,10,14,0,2,14,13,14,15,20,2,5,16,14,16,18,20,11,2,0,9,13,13,0,4,3,11,13,9,13,11,0,10,16,14,8,9,18,2,7,18,15,11,8,16,0,10,18,13,20,21,22,10,10,22,17,20,16,17,3,14,20,18,21,19,24,7,9,22,24,22,24,22,7,14,11,10,9,8,6,7,6,3,5,7,13,8,11,11,9,19,23,24,22,8,8,24,24,19,21,19,5,17,23,20,23,25,24,11,11,22,18,22,21,24,9,10,28,24,21,25,19,6,9,10,19,15,17,19,11,4,16,17,24,27,10,6,9,22,24,18,18,19,5,6,21,22,24,21,25,6,8,24,20,18,19,14,0,0,12,14,7,9,7,4,6,4,10,3,2,5,0,2,1,1,3,3,4,4,8,3,0,16,8,16,12,8,6,2,14,10,7,11,9,0,2,7,8,16,9,7,0,7,10,11,0,0,0,2,5,13,14,9,9,12,5,1,16,13,9,10,13,4,0,8,11,10,9,11,5,13,3,15,13,12,15,4,11,13,16,12,16,21,14,14,20,19,15,20,21,3,13,13,15,20,21,17,9,5,16,16,17,16,20,6,3,16,15,20,18,20,8,6,20,18,20,16,23,9,6,4,20,20,18,8,7,6,12,11,13,11,10,4,8,9,7,7,6,9,4,5,6,6,7,3,2,5,5,5,4,4,6,9,5,4,6,7,10,8,16,3,4,19,20,20,19,19,4,7,25,18,26,18,18,8,8,26,18,21,17,23,7,14,3,22,25,20,15,7,3,13,13,12,13,13,4,4,13,19,20,16,16,1,1,6,4,6,10,14,0,2,14,13,14,15,20,2,5,16,14,16,18,20,11,2,0,9,13,13,0,4,3,11,13,9,13,11,0,10,16,14,8,9,18,2,7,18,15,11,8,16,0,10,18,13,20,21,22,10,10,22,17,20,16,17,3,14,20,18,21,19,24,7,9,22,24,22,24,22,7,14,11,10,9,8,6,7,6,3,5,7,13,8,11,11,9,19,23,24,22,8,8,24,24,19,21,19,5,17,23,20,23,25,24,11,11,22,18,22,,,,,,,,,,,,,,,,,,,,,,,,,,,,,,,,,,,,,,,,,,,,,,,,,,,,,,,,,,,,
13:00,3,2,2,2,4,4,6,2,0,14,9,11,7,9,2,4,7,8,7,6,8,0,0,6,7,13,8,8,0,1,6,7,0,0,1,1,2,15,9,8,7,14,0,0,12,10,8,8,18,2,0,8,11,11,7,10,1,12,1,15,11,8,12,3,11,13,15,10,14,15,14,14,14,18,15,14,18,3,13,13,12,12,21,15,6,5,15,13,16,14,16,5,2,17,13,16,19,17,6,5,18,18,20,16,22,5,6,3,19,19,15,7,4,4,12,11,12,10,10,4,8,9,7,8,7,6,2,3,6,7,7,3,3,5,4,5,5,4,8,7,3,5,6,7,10,5,8,6,3,18,17,18,15,16,4,7,19,17,21,17,17,5,4,24,19,18,15,17,3,12,3,21,21,13,12,6,0,10,15,11,11,10,1,1,10,12,14,8,8,0,0,2,2,5,11,10,0,2,10,11,8,13,15,0,5,8,13,12,9,13,3,1,0,9,8,9,0,6,1,10,11,8,9,12,3,10,15,15,12,12,16,3,7,12,15,11,9,12,6,10,14,13,20,15,20,7,4,21,17,18,17,19,6,14,16,19,17,18,22,9,8,21,21,20,19,20,10,15,10,10,9,8,7,6,3,4,6,7,8,6,7,8,8,14,20,19,20,8,5,20,26,20,20,18,9,17,21,18,21,24,23,9,12,20,17,19,18,21,9,6,28,24,20,20,19,8,6,5,17,14,13,16,11,4,16,14,20,24,8,8,8,17,23,16,16,17,6,7,25,22,23,17,22,6,5,17,21,18,19,10,0,0,10,8,3,6,5,5,5,3,8,3,3,4,1,0,3,2,2,2,4,4,6,2,0,14,9,11,7,9,2,4,7,8,7,6,8,0,0,6,7,13,8,8,0,1,6,7,0,0,1,1,2,15,9,8,7,14,0,0,12,10,8,8,18,2,0,8,11,11,7,10,1,12,1,15,11,8,12,3,11,13,15,10,14,15,14,14,14,18,15,14,18,3,13,13,12,12,21,15,6,5,15,13,16,14,16,5,2,17,13,16,19,17,6,5,18,18,20,16,22,5,6,3,19,19,15,7,4,4,12,11,12,10,10,4,8,9,7,8,7,6,2,3,6,7,7,3,3,5,4,5,5,4,8,7,3,5,6,7,10,5,8,6,3,18,17,18,15,16,4,7,19,17,21,17,17,5,4,24,19,18,15,17,3,12,3,21,21,13,12,6,0,10,15,11,11,10,1,1,10,12,14,8,8,0,0,2,2,5,11,10,0,2,10,11,8,13,15,0,5,8,13,12,9,13,3,1,0,9,8,9,0,6,1,10,11,8,9,12,3,10,15,15,12,12,16,3,7,12,15,11,9,12,6,10,14,13,20,15,20,7,4,21,17,18,17,19,6,14,16,19,17,18,22,9,8,21,21,20,19,20,10,15,10,10,9,8,7,6,3,4,6,7,8,6,7,8,8,14,20,19,20,8,5,20,26,20,20,18,9,17,21,18,21,24,23,9,12,20,17,19,,,,,,,,,,,,,,,,,,,,,,,,,,,,,,,,,,,,,,,,,,,,,,,,,,,,,,,,,,,,
13:30,3,1,2,2,4,4,6,1,0,14,6,12,9,8,2,9,9,9,8,6,10,0,0,9,5,13,7,5,0,1,7,8,0,0,0,2,2,17,7,8,9,12,0,0,12,8,10,10,17,1,0,9,10,10,8,11,1,3,1,15,8,9,12,3,12,13,17,11,13,17,14,14,16,19,15,15,18,4,13,14,12,14,19,16,4,6,13,15,16,17,16,5,3,17,18,16,22,17,10,4,18,19,18,16,21,6,6,5,21,19,15,7,5,5,13,11,14,11,10,4,8,10,8,7,7,6,4,3,5,6,6,2,3,5,3,5,4,3,7,7,5,5,7,6,8,6,8,8,2,18,18,20,19,17,3,8,20,18,20,17,17,4,4,23,18,19,15,19,3,13,3,22,20,15,12,6,1,10,17,12,11,11,1,0,12,10,10,9,7,1,1,1,2,4,9,9,0,2,10,13,8,14,9,2,5,9,16,13,10,16,2,1,0,9,11,8,0,7,2,13,10,7,8,12,6,9,11,15,11,11,16,5,9,15,15,11,8,13,10,10,16,14,22,17,20,4,4,22,19,17,16,19,8,15,17,17,15,17,22,12,11,19,22,21,23,21,13,13,12,11,8,8,6,6,4,3,6,7,6,8,7,7,7,12,19,18,22,11,6,20,25,19,25,21,10,15,20,17,17,25,23,8,10,19,16,19,17,18,11,6,28,26,18,22,18,11,7,7,21,15,15,16,12,3,16,16,23,22,7,8,8,18,24,17,19,16,5,7,23,23,20,20,22,7,8,16,20,17,17,13,0,1,12,7,3,4,3,7,4,4,9,3,2,5,3,0,3,1,2,2,4,4,6,1,0,14,6,12,9,8,2,9,9,9,8,6,10,0,0,9,5,13,7,5,0,1,7,8,0,0,0,2,2,17,7,8,9,12,0,0,12,8,10,10,17,1,0,9,10,10,8,11,1,3,1,15,8,9,12,3,12,13,17,11,13,17,14,14,16,19,15,15,18,4,13,14,12,14,19,16,4,6,13,15,16,17,16,5,3,17,18,16,22,17,10,4,18,19,18,16,21,6,6,5,21,19,15,7,5,5,13,11,14,11,10,4,8,10,8,7,7,6,4,3,5,6,6,2,3,5,3,5,4,3,7,7,5,5,7,6,8,6,8,8,2,18,18,20,19,17,3,8,20,18,20,17,17,4,4,23,18,19,15,19,3,13,3,22,20,15,12,6,1,10,17,12,11,11,1,0,12,10,10,9,7,1,1,1,2,4,9,9,0,2,10,13,8,14,9,2,5,9,16,13,10,16,2,1,0,9,11,8,0,7,2,13,10,7,8,12,6,9,11,15,11,11,16,5,9,15,15,11,8,13,10,10,16,14,22,17,20,4,4,22,19,17,16,19,8,15,17,17,15,17,22,12,11,19,22,21,23,21,13,13,12,11,8,8,6,6,4,3,6,7,6,8,7,7,7,12,19,18,22,11,6,20,25,19,25,21,10,15,20,17,17,25,23,8,10,19,16,19,,,,,,,,,,,,,,,,,,,,,,,,,,,,,,,,,,,,,,,,,,,,,,,,,,,,,,,,,,,,
14:00,3,0,2,4,2,3,6,2,0,15,6,11,7,6,5,9,11,9,8,11,9,4,0,12,4,16,2,2,0,1,14,8,0,0,0,1,2,15,11,13,6,12,3,1,14,12,11,13,16,3,0,8,14,14,9,10,2,3,1,13,7,7,11,9,13,11,15,14,13,18,14,14,22,20,13,15,16,8,13,18,13,14,19,16,6,5,14,15,18,17,16,6,3,15,19,17,22,17,10,4,19,17,19,17,21,5,6,3,20,19,22,8,6,4,14,14,17,9,11,4,8,9,9,5,6,6,3,3,5,6,6,3,3,5,4,5,5,3,7,7,6,4,8,6,8,7,9,8,3,18,16,18,18,17,4,8,20,21,20,18,17,7,4,22,19,18,17,18,4,13,4,23,18,19,14,7,1,7,16,14,14,10,4,1,11,14,14,15,8,3,1,2,3,1,16,13,0,2,14,14,4,14,17,1,5,14,15,17,17,16,4,0,0,8,13,8,0,7,2,15,13,6,9,15,6,10,13,14,11,10,21,7,9,19,16,11,5,13,9,9,20,15,20,15,22,5,6,23,22,16,16,21,9,15,17,21,20,21,24,13,11,20,22,26,21,23,13,8,12,12,8,8,8,6,4,4,5,8,7,7,7,7,12,12,23,20,23,12,5,21,31,20,27,22,10,9,20,21,14,24,24,8,7,22,16,19,16,24,10,5,28,25,15,25,17,10,7,8,22,15,20,16,7,4,17,16,25,25,7,8,9,22,25,18,22,14,5,6,23,28,16,19,25,6,7,18,16,14,17,17,0,1,10,7,4,4,1,6,0,6,15,2,3,3,3,0,3,0,2,4,2,3,6,2,0,15,6,11,7,6,5,9,11,9,8,11,9,4,0,12,4,16,2,2,0,1,14,8,0,0,0,1,2,15,11,13,6,12,3,1,14,12,11,13,16,3,0,8,14,14,9,10,2,3,1,13,7,7,11,9,13,11,15,14,13,18,14,14,22,20,13,15,16,8,13,18,13,14,19,16,6,5,14,15,18,17,16,6,3,15,19,17,22,17,10,4,19,17,19,17,21,5,6,3,20,19,22,8,6,4,14,14,17,9,11,4,8,9,9,5,6,6,3,3,5,6,6,3,3,5,4,5,5,3,7,7,6,4,8,6,8,7,9,8,3,18,16,18,18,17,4,8,20,21,20,18,17,7,4,22,19,18,17,18,4,13,4,23,18,19,14,7,1,7,16,14,14,10,4,1,11,14,14,15,8,3,1,2,3,1,16,13,0,2,14,14,4,14,17,1,5,14,15,17,17,16,4,0,0,8,13,8,0,7,2,15,13,6,9,15,6,10,13,14,11,10,21,7,9,19,16,11,5,13,9,9,20,15,20,15,22,5,6,23,22,16,16,21,9,15,17,21,20,21,24,13,11,20,22,26,21,23,13,8,12,12,8,8,8,6,4,4,5,8,7,7,7,7,12,12,23,20,23,12,5,21,31,20,27,22,10,9,20,21,14,24,24,8,7,22,16,19,,,,,,,,,,,,,,,,,,,,,,,,,,,,,,,,,,,,,,,,,,,,,,,,,,,,,,,,,,,,
14:30,3,1,3,3,3,4,7,1,0,8,4,9,6,6,7,7,11,8,5,8,8,3,0,11,2,14,3,0,4,1,10,7,0,0,0,1,1,14,8,14,6,12,4,1,12,11,11,13,17,5,1,10,13,10,9,10,1,2,2,13,5,8,11,10,13,10,15,11,14,18,15,13,19,20,10,16,15,8,9,18,12,13,17,15,7,3,13,16,15,17,16,5,3,15,19,16,23,17,10,4,16,17,18,15,18,5,6,3,19,17,23,7,9,4,14,15,15,8,11,4,8,11,8,7,7,4,2,3,4,6,7,3,3,5,5,5,4,4,7,6,9,6,7,5,8,7,7,8,3,17,16,17,17,16,3,7,17,18,19,18,17,7,4,16,19,20,15,18,4,13,4,18,18,16,13,7,0,6,16,13,15,11,6,0,10,13,12,17,13,3,0,1,2,2,19,15,0,2,15,11,3,13,19,0,5,15,13,20,14,19,9,1,0,7,12,8,0,6,6,13,11,6,9,13,6,10,12,15,12,12,17,7,9,16,15,12,2,13,9,11,17,16,19,18,22,5,6,22,23,15,18,22,8,15,16,22,20,21,21,13,12,22,23,24,22,23,14,9,13,14,11,9,11,4,5,5,5,7,8,8,7,6,13,10,24,20,18,14,7,21,30,18,22,15,11,8,19,20,15,24,18,8,8,22,18,20,17,23,12,6,25,25,15,24,18,12,7,8,20,14,14,18,6,4,17,21,24,24,6,8,9,22,19,18,18,15,6,7,25,28,14,21,24,7,7,19,14,14,17,14,0,0,9,5,7,3,3,7,0,7,13,3,3,2,4,0,3,1,3,3,3,4,7,1,0,8,4,9,6,6,7,7,11,8,5,8,8,3,0,11,2,14,3,0,4,1,10,7,0,0,0,1,1,14,8,14,6,12,4,1,12,11,11,13,17,5,1,10,13,10,9,10,1,2,2,13,5,8,11,10,13,10,15,11,14,18,15,13,19,20,10,16,15,8,9,18,12,13,17,15,7,3,13,16,15,17,16,5,3,15,19,16,23,17,10,4,16,17,18,15,18,5,6,3,19,17,23,7,9,4,14,15,15,8,11,4,8,11,8,7,7,4,2,3,4,6,7,3,3,5,5,5,4,4,7,6,9,6,7,5,8,7,7,8,3,17,16,17,17,16,3,7,17,18,19,18,17,7,4,16,19,20,15,18,4,13,4,18,18,16,13,7,0,6,16,13,15,11,6,0,10,13,12,17,13,3,0,1,2,2,19,15,0,2,15,11,3,13,19,0,5,15,13,20,14,19,9,1,0,7,12,8,0,6,6,13,11,6,9,13,6,10,12,15,12,12,17,7,9,16,15,12,2,13,9,11,17,16,19,18,22,5,6,22,23,15,18,22,8,15,16,22,20,21,21,13,12,22,23,24,22,23,14,9,13,14,11,9,11,4,5,5,5,7,8,8,7,6,13,10,24,20,18,14,7,21,30,18,22,15,11,8,19,20,15,24,18,8,8,22,18,20,,,,,,,,,,,,,,,,,,,,,,,,,,,,,,,,,,,,,,,,,,,,,,,,,,,,,,,,,,,,
15:00,3,0,2,1,3,4,7,1,0,3,4,7,6,8,7,8,10,8,6,8,9,4,0,5,2,11,1,0,3,1,5,11,1,0,0,1,2,14,7,9,6,12,4,0,8,7,9,9,16,6,1,10,14,10,7,10,1,2,1,13,4,9,13,11,12,10,15,10,12,17,14,13,12,23,10,16,12,8,5,12,12,15,14,14,10,4,11,20,14,19,16,5,3,12,18,16,22,17,10,4,16,18,20,15,14,6,6,4,19,17,17,6,8,5,13,12,12,9,11,4,9,10,6,6,6,5,4,3,5,5,7,3,3,6,5,4,6,5,7,6,11,5,7,7,6,8,8,8,3,15,19,14,16,18,4,8,20,20,15,17,17,11,4,11,18,16,14,18,5,12,7,13,17,13,14,8,1,5,15,14,12,9,6,0,6,13,10,12,14,4,1,1,2,1,14,15,0,2,14,8,4,14,20,1,5,8,12,11,10,16,3,0,0,9,13,10,0,7,7,11,9,6,10,18,7,7,8,16,10,12,18,7,8,11,15,10,1,12,9,7,10,19,17,19,18,6,6,21,22,15,15,18,9,15,13,18,17,19,23,14,11,17,20,23,21,18,13,8,12,18,10,8,12,7,6,5,7,7,7,8,7,7,13,10,16,20,14,13,7,19,30,17,21,10,12,9,17,19,13,27,12,9,8,14,21,18,17,20,11,8,20,22,16,22,16,11,6,8,15,11,12,20,6,4,16,18,22,22,8,9,10,16,15,16,13,20,7,7,17,29,12,19,20,7,7,13,14,12,16,9,0,0,9,6,8,5,3,7,0,7,11,2,4,2,4,2,3,0,2,1,3,4,7,1,0,3,4,7,6,8,7,8,10,8,6,8,9,4,0,5,2,11,1,0,3,1,5,11,1,0,0,1,2,14,7,9,6,12,4,0,8,7,9,9,16,6,1,10,14,10,7,10,1,2,1,13,4,9,13,11,12,10,15,10,12,17,14,13,12,23,10,16,12,8,5,12,12,15,14,14,10,4,11,20,14,19,16,5,3,12,18,16,22,17,10,4,16,18,20,15,14,6,6,4,19,17,17,6,8,5,13,12,12,9,11,4,9,10,6,6,6,5,4,3,5,5,7,3,3,6,5,4,6,5,7,6,11,5,7,7,6,8,8,8,3,15,19,14,16,18,4,8,20,20,15,17,17,11,4,11,18,16,14,18,5,12,7,13,17,13,14,8,1,5,15,14,12,9,6,0,6,13,10,12,14,4,1,1,2,1,14,15,0,2,14,8,4,14,20,1,5,8,12,11,10,16,3,0,0,9,13,10,0,7,7,11,9,6,10,18,7,7,8,16,10,12,18,7,8,11,15,10,1,12,9,7,10,19,17,19,18,6,6,21,22,15,15,18,9,15,13,18,17,19,23,14,11,17,20,23,21,18,13,8,12,18,10,8,12,7,6,5,7,7,7,8,7,7,13,10,16,20,14,13,7,19,30,17,21,10,12,9,17,19,13,27,12,9,8,14,21,18,,,,,,,,,,,,,,,,,,,,,,,,,,,,,,,,,,,,,,,,,,,,,,,,,,,,,,,,,,,,
15:30,4,1,2,2,2,3,6,1,1,3,3,5,4,7,7,8,5,6,10,5,8,6,0,3,2,5,2,1,5,1,2,11,0,0,0,2,1,13,8,8,5,12,5,1,7,8,4,9,15,6,0,4,11,8,7,6,1,2,1,11,4,7,13,11,12,9,13,8,11,13,14,14,11,20,8,14,12,8,6,7,10,17,14,12,11,4,12,18,17,17,15,6,3,10,17,10,16,14,10,5,12,18,19,14,14,5,6,5,16,14,14,7,8,5,14,12,9,9,11,5,9,10,6,6,5,5,4,4,5,6,7,4,3,5,5,6,4,5,8,6,11,6,8,6,7,8,9,8,5,16,15,11,17,13,4,9,18,16,12,16,14,9,5,9,17,12,15,19,5,12,7,12,10,11,13,1,2,5,13,12,13,10,6,1,4,12,10,6,10,6,1,2,2,1,13,15,1,2,10,3,3,11,12,1,5,6,9,5,8,15,3,1,1,6,12,11,3,6,6,10,9,4,9,13,6,2,6,15,6,13,12,9,2,6,14,8,1,10,10,1,7,13,18,18,15,6,6,20,19,12,13,14,9,15,8,16,12,15,18,13,12,17,21,19,20,17,14,8,11,18,9,9,11,6,6,6,7,7,8,9,7,7,14,11,14,17,13,15,7,20,26,12,18,11,12,8,12,17,12,22,12,9,8,15,14,18,20,17,12,8,18,19,16,20,15,12,8,8,13,9,9,20,7,5,13,11,18,18,7,9,9,12,13,11,12,21,6,7,13,22,11,19,19,7,7,9,14,10,11,8,0,1,6,3,6,4,2,7,0,6,7,3,5,3,5,0,4,1,2,2,2,3,6,1,1,3,3,5,4,7,7,8,5,6,10,5,8,6,0,3,2,5,2,1,5,1,2,11,0,0,0,2,1,13,8,8,5,12,5,1,7,8,4,9,15,6,0,4,11,8,7,6,1,2,1,11,4,7,13,11,12,9,13,8,11,13,14,14,11,20,8,14,12,8,6,7,10,17,14,12,11,4,12,18,17,17,15,6,3,10,17,10,16,14,10,5,12,18,19,14,14,5,6,5,16,14,14,7,8,5,14,12,9,9,11,5,9,10,6,6,5,5,4,4,5,6,7,4,3,5,5,6,4,5,8,6,11,6,8,6,7,8,9,8,5,16,15,11,17,13,4,9,18,16,12,16,14,9,5,9,17,12,15,19,5,12,7,12,10,11,13,1,2,5,13,12,13,10,6,1,4,12,10,6,10,6,1,2,2,1,13,15,1,2,10,3,3,11,12,1,5,6,9,5,8,15,3,1,1,6,12,11,3,6,6,10,9,4,9,13,6,2,6,15,6,13,12,9,2,6,14,8,1,10,10,1,7,13,18,18,15,6,6,20,19,12,13,14,9,15,8,16,12,15,18,13,12,17,21,19,20,17,14,8,11,18,9,9,11,6,6,6,7,7,8,9,7,7,14,11,14,17,13,15,7,20,26,12,18,11,12,8,12,17,12,22,12,9,8,15,14,18,,,,,,,,,,,,,,,,,,,,,,,,,,,,,,,,,,,,,,,,,,,,,,,,,,,,,,,,,,,,
16:00,4,1,3,2,3,5,5,1,0,4,4,5,4,7,6,8,6,4,6,4,6,5,0,4,4,4,2,1,5,1,1,5,1,0,0,2,2,5,5,7,4,9,5,2,5,6,4,8,8,5,1,4,5,6,6,5,1,3,2,8,4,5,14,11,12,8,11,8,10,11,15,8,10,12,7,13,9,10,5,8,9,12,11,10,10,4,10,10,10,13,12,5,4,8,11,8,13,12,10,5,11,14,14,12,14,5,7,6,13,11,12,7,9,5,12,11,10,9,8,5,9,10,6,7,6,5,5,4,6,6,6,5,4,5,5,5,4,6,8,7,10,5,10,8,6,7,10,9,5,11,11,9,16,11,5,9,13,11,11,12,11,9,4,9,13,11,12,16,6,12,8,11,9,9,9,1,3,5,7,11,7,5,6,1,3,6,8,5,8,6,1,2,3,2,7,14,0,1,12,3,4,7,7,1,6,4,10,5,5,14,2,1,1,5,7,6,6,7,7,7,7,5,8,8,7,2,6,8,5,8,8,9,1,7,10,6,2,8,11,2,6,9,13,16,12,8,7,15,16,11,11,12,10,15,8,14,12,12,14,13,12,14,16,18,19,22,14,9,11,19,11,10,7,6,7,7,7,8,9,9,8,8,8,10,15,17,13,13,8,16,20,15,12,11,12,8,13,14,14,17,11,9,9,13,11,17,13,16,9,9,17,16,15,16,14,14,8,9,12,10,8,12,12,5,10,9,15,13,8,9,10,12,13,12,12,17,8,8,15,23,11,13,13,7,8,8,13,10,9,4,0,1,4,5,7,5,4,6,0,6,7,4,4,3,5,1,4,1,3,2,3,5,5,1,0,4,4,5,4,7,6,8,6,4,6,4,6,5,0,4,4,4,2,1,5,1,1,5,1,0,0,2,2,5,5,7,4,9,5,2,5,6,4,8,8,5,1,4,5,6,6,5,1,3,2,8,4,5,14,11,12,8,11,8,10,11,15,8,10,12,7,13,9,10,5,8,9,12,11,10,10,4,10,10,10,13,12,5,4,8,11,8,13,12,10,5,11,14,14,12,14,5,7,6,13,11,12,7,9,5,12,11,10,9,8,5,9,10,6,7,6,5,5,4,6,6,6,5,4,5,5,5,4,6,8,7,10,5,10,8,6,7,10,9,5,11,11,9,16,11,5,9,13,11,11,12,11,9,4,9,13,11,12,16,6,12,8,11,9,9,9,1,3,5,7,11,7,5,6,1,3,6,8,5,8,6,1,2,3,2,7,14,0,1,12,3,4,7,7,1,6,4,10,5,5,14,2,1,1,5,7,6,6,7,7,7,7,5,8,8,7,2,6,8,5,8,8,9,1,7,10,6,2,8,11,2,6,9,13,16,12,8,7,15,16,11,11,12,10,15,8,14,12,12,14,13,12,14,16,18,19,22,14,9,11,19,11,10,7,6,7,7,7,8,9,9,8,8,8,10,15,17,13,13,8,16,20,15,12,11,12,8,13,14,14,17,11,9,9,13,11,17,,,,,,,,,,,,,,,,,,,,,,,,,,,,,,,,,,,,,,,,,,,,,,,,,,,,,,,,,,,,
16:30,5,1,4,2,3,5,6,2,2,5,3,5,2,3,7,9,5,4,5,5,5,6,1,3,3,5,3,2,5,2,3,3,0,1,1,2,1,4,5,8,4,10,6,1,5,5,3,4,6,7,1,4,4,4,4,4,1,2,2,4,4,5,13,10,13,9,10,8,9,9,15,6,10,9,8,11,9,9,5,9,8,7,9,9,9,5,7,9,7,9,11,4,5,8,9,9,10,9,11,5,11,11,10,9,12,6,7,6,11,11,10,6,10,5,10,7,8,8,9,5,10,8,5,7,6,7,6,5,7,8,6,5,4,5,5,7,4,6,9,7,11,6,8,7,8,9,10,6,4,9,10,9,11,9,5,8,14,9,11,10,9,9,5,9,9,9,8,13,8,13,7,9,9,7,5,0,3,5,6,10,5,3,7,1,3,5,6,5,9,6,1,2,2,2,5,11,2,2,11,4,3,9,6,1,6,5,6,9,4,9,3,2,1,5,4,6,7,4,7,6,6,7,6,7,7,2,7,7,5,8,7,8,3,6,7,6,2,8,10,2,5,8,11,13,12,7,7,12,12,11,10,10,11,15,10,12,11,11,13,11,9,14,13,15,19,16,12,10,11,12,11,10,8,8,6,7,8,7,8,10,7,8,9,11,14,15,13,14,8,16,18,13,12,11,11,9,11,14,12,16,12,9,9,13,11,19,14,15,8,8,16,14,14,14,12,12,7,9,11,10,9,11,12,5,9,9,16,12,8,8,11,11,12,13,11,15,7,8,20,19,11,13,13,8,8,10,13,11,10,5,1,1,3,5,10,4,4,6,1,5,6,4,3,3,3,2,5,1,4,2,3,5,6,2,2,5,3,5,2,3,7,9,5,4,5,5,5,6,1,3,3,5,3,2,5,2,3,3,0,1,1,2,1,4,5,8,4,10,6,1,5,5,3,4,6,7,1,4,4,4,4,4,1,2,2,4,4,5,13,10,13,9,10,8,9,9,15,6,10,9,8,11,9,9,5,9,8,7,9,9,9,5,7,9,7,9,11,4,5,8,9,9,10,9,11,5,11,11,10,9,12,6,7,6,11,11,10,6,10,5,10,7,8,8,9,5,10,8,5,7,6,7,6,5,7,8,6,5,4,5,5,7,4,6,9,7,11,6,8,7,8,9,10,6,4,9,10,9,11,9,5,8,14,9,11,10,9,9,5,9,9,9,8,13,8,13,7,9,9,7,5,0,3,5,6,10,5,3,7,1,3,5,6,5,9,6,1,2,2,2,5,11,2,2,11,4,3,9,6,1,6,5,6,9,4,9,3,2,1,5,4,6,7,4,7,6,6,7,6,7,7,2,7,7,5,8,7,8,3,6,7,6,2,8,10,2,5,8,11,13,12,7,7,12,12,11,10,10,11,15,10,12,11,11,13,11,9,14,13,15,19,16,12,10,11,12,11,10,8,8,6,7,8,7,8,10,7,8,9,11,14,15,13,14,8,16,18,13,12,11,11,9,11,14,12,16,12,9,9,13,11,19,,,,,,,,,,,,,,,,,,,,,,,,,,,,,,,,,,,,,,,,,,,,,,,,,,,,,,,,,,,,
17:00,6,2,6,3,2,5,5,2,1,5,4,5,6,5,7,6,4,4,6,6,4,6,2,3,4,6,5,3,6,1,3,4,1,1,1,1,2,4,4,6,5,9,6,1,3,3,6,6,7,6,2,4,4,5,4,4,2,5,2,6,7,6,11,11,7,8,8,10,10,10,15,6,8,8,10,10,9,10,6,8,7,11,10,9,10,6,7,9,12,12,11,5,5,7,7,12,14,10,10,5,10,10,11,11,10,5,7,6,9,13,13,9,10,5,9,7,10,11,10,6,11,8,7,10,9,8,5,5,7,8,11,5,6,6,6,5,5,6,12,10,10,5,7,8,10,12,10,5,6,8,9,11,13,8,5,5,13,8,10,12,9,10,6,7,9,11,10,13,12,12,8,9,11,9,6,2,3,5,5,6,8,6,7,2,4,6,9,8,7,6,2,2,3,5,4,6,2,3,6,4,3,4,5,2,8,5,4,6,4,6,3,2,2,5,8,7,8,2,3,5,6,10,7,11,4,3,5,6,9,10,9,4,2,6,7,9,2,9,3,2,6,7,12,12,12,7,7,11,11,13,12,11,6,15,10,11,13,12,14,11,8,12,12,16,16,16,12,10,10,11,16,11,8,7,7,8,12,8,12,10,8,9,10,13,16,16,16,10,9,16,16,16,15,12,9,8,12,11,17,16,14,10,10,11,11,16,17,14,9,9,16,15,18,17,14,8,9,9,11,15,9,13,12,7,8,9,16,15,9,10,12,11,12,15,12,16,9,9,16,18,12,12,11,8,10,10,12,10,9,4,2,3,5,5,4,7,5,2,2,5,5,7,7,5,1,2,6,2,6,3,2,5,5,2,1,5,4,5,6,5,7,6,4,4,6,6,4,6,2,3,4,6,5,3,6,1,3,4,1,1,1,1,2,4,4,6,5,9,6,1,3,3,6,6,7,6,2,4,4,5,4,4,2,5,2,6,7,6,11,11,7,8,8,10,10,10,15,6,8,8,10,10,9,10,6,8,7,11,10,9,10,6,7,9,12,12,11,5,5,7,7,12,14,10,10,5,10,10,11,11,10,5,7,6,9,13,13,9,10,5,9,7,10,11,10,6,11,8,7,10,9,8,5,5,7,8,11,5,6,6,6,5,5,6,12,10,10,5,7,8,10,12,10,5,6,8,9,11,13,8,5,5,13,8,10,12,9,10,6,7,9,11,10,13,12,12,8,9,11,9,6,2,3,5,5,6,8,6,7,2,4,6,9,8,7,6,2,2,3,5,4,6,2,3,6,4,3,4,5,2,8,5,4,6,4,6,3,2,2,5,8,7,8,2,3,5,6,10,7,11,4,3,5,6,9,10,9,4,2,6,7,9,2,9,3,2,6,7,12,12,12,7,7,11,11,13,12,11,6,15,10,11,13,12,14,11,8,12,12,16,16,16,12,10,10,11,16,11,8,7,7,8,12,8,12,10,8,9,10,13,16,16,16,10,9,16,16,16,15,12,9,8,12,11,17,16,14,10,10,11,11,16,,,,,,,,,,,,,,,,,,,,,,,,,,,,,,,,,,,,,,,,,,,,,,,,,,,,,,,,,,,,
17:30,6,3,4,4,4,4,4,1,3,6,3,8,9,9,7,7,4,3,7,8,8,6,2,3,3,9,8,6,5,2,4,3,2,1,2,2,2,4,3,8,8,8,6,2,2,4,7,8,10,5,2,4,4,8,7,4,3,8,2,4,8,9,14,11,6,8,7,11,12,13,5,7,7,7,12,13,12,8,6,7,7,11,12,12,7,5,7,7,12,13,14,6,6,8,8,13,14,12,8,6,8,9,12,13,13,6,8,6,8,14,13,11,8,6,8,7,12,11,13,7,11,8,6,10,10,12,6,7,6,6,11,6,5,6,6,6,6,5,12,13,9,6,8,7,12,13,13,5,5,7,8,12,13,12,5,6,12,8,13,12,12,9,5,7,8,12,13,12,7,8,8,8,13,9,8,2,4,4,4,9,8,8,6,2,4,4,9,9,8,7,2,3,2,7,5,6,2,2,3,4,3,6,5,2,9,7,5,4,4,5,2,2,2,4,9,9,7,2,2,4,6,10,9,9,2,2,5,6,10,11,10,2,7,5,6,10,2,11,2,3,4,6,11,16,16,8,8,10,10,15,14,14,6,9,9,11,14,15,15,12,7,12,12,18,19,18,11,10,12,10,15,10,8,8,7,7,13,12,13,9,8,8,10,11,19,18,18,10,9,16,16,18,16,16,8,9,12,12,17,20,17,10,12,11,12,15,17,18,10,15,13,13,18,17,17,10,9,9,11,13,13,16,12,11,8,9,17,17,12,9,15,11,12,16,15,11,8,8,15,19,11,11,12,9,9,10,12,9,9,6,2,2,4,4,2,10,9,3,2,4,5,8,8,8,2,2,6,3,4,4,4,4,4,1,3,6,3,8,9,9,7,7,4,3,7,8,8,6,2,3,3,9,8,6,5,2,4,3,2,1,2,2,2,4,3,8,8,8,6,2,2,4,7,8,10,5,2,4,4,8,7,4,3,8,2,4,8,9,14,11,6,8,7,11,12,13,5,7,7,7,12,13,12,8,6,7,7,11,12,12,7,5,7,7,12,13,14,6,6,8,8,13,14,12,8,6,8,9,12,13,13,6,8,6,8,14,13,11,8,6,8,7,12,11,13,7,11,8,6,10,10,12,6,7,6,6,11,6,5,6,6,6,6,5,12,13,9,6,8,7,12,13,13,5,5,7,8,12,13,12,5,6,12,8,13,12,12,9,5,7,8,12,13,12,7,8,8,8,13,9,8,2,4,4,4,9,8,8,6,2,4,4,9,9,8,7,2,3,2,7,5,6,2,2,3,4,3,6,5,2,9,7,5,4,4,5,2,2,2,4,9,9,7,2,2,4,6,10,9,9,2,2,5,6,10,11,10,2,7,5,6,10,2,11,2,3,4,6,11,16,16,8,8,10,10,15,14,14,6,9,9,11,14,15,15,12,7,12,12,18,19,18,11,10,12,10,15,10,8,8,7,7,13,12,13,9,8,8,10,11,19,18,18,10,9,16,16,18,16,16,8,9,12,12,17,20,17,10,12,11,12,15,,,,,,,,,,,,,,,,,,,,,,,,,,,,,,,,,,,,,,,,,,,,,,,,,,,,,,,,,,,,
18:00,6,5,3,3,5,4,3,2,3,5,7,7,9,8,2,5,4,7,8,9,8,2,5,2,7,9,9,7,2,5,4,3,1,2,2,2,4,3,4,8,7,9,1,2,3,8,8,8,8,2,2,3,7,7,8,3,2,7,2,8,8,8,14,6,6,8,8,12,13,11,6,10,7,7,11,13,11,6,6,8,8,12,12,12,6,6,7,7,13,12,12,6,6,7,7,12,14,13,6,9,8,8,13,12,13,6,11,7,9,13,13,11,6,6,8,7,13,11,12,7,12,7,7,12,11,12,5,11,7,6,13,5,6,7,6,6,6,6,12,12,6,6,6,6,12,12,12,6,6,8,8,12,12,11,6,7,12,8,13,12,11,6,6,8,7,12,13,12,6,7,6,8,12,10,9,2,3,4,5,9,9,8,2,8,4,3,9,9,9,3,3,8,3,8,4,5,2,3,4,3,3,5,4,2,8,4,5,3,6,4,2,2,2,4,9,8,7,3,2,5,5,9,9,9,2,3,4,4,9,10,9,3,8,4,8,9,3,10,3,7,4,5,10,13,15,8,11,9,10,14,14,13,6,5,8,9,13,15,15,12,8,11,12,17,18,17,11,13,10,9,14,9,8,7,7,8,8,13,12,9,7,10,10,11,15,17,18,10,13,15,15,16,16,15,9,8,11,9,18,16,18,9,16,11,12,15,17,18,9,15,13,14,18,18,16,8,9,14,12,13,12,15,14,13,8,8,16,17,14,10,16,11,13,16,16,10,9,10,13,13,12,12,11,10,10,10,12,10,10,4,2,3,4,4,2,9,9,3,8,4,4,8,8,8,3,6,6,5,3,3,5,4,3,2,3,5,7,7,9,8,2,5,4,7,8,9,8,2,5,2,7,9,9,7,2,5,4,3,1,2,2,2,4,3,4,8,7,9,1,2,3,8,8,8,8,2,2,3,7,7,8,3,2,7,2,8,8,8,14,6,6,8,8,12,13,11,6,10,7,7,11,13,11,6,6,8,8,12,12,12,6,6,7,7,13,12,12,6,6,7,7,12,14,13,6,9,8,8,13,12,13,6,11,7,9,13,13,11,6,6,8,7,13,11,12,7,12,7,7,12,11,12,5,11,7,6,13,5,6,7,6,6,6,6,12,12,6,6,6,6,12,12,12,6,6,8,8,12,12,11,6,7,12,8,13,12,11,6,6,8,7,12,13,12,6,7,6,8,12,10,9,2,3,4,5,9,9,8,2,8,4,3,9,9,9,3,3,8,3,8,4,5,2,3,4,3,3,5,4,2,8,4,5,3,6,4,2,2,2,4,9,8,7,3,2,5,5,9,9,9,2,3,4,4,9,10,9,3,8,4,8,9,3,10,3,7,4,5,10,13,15,8,11,9,10,14,14,13,6,5,8,9,13,15,15,12,8,11,12,17,18,17,11,13,10,9,14,9,8,7,7,8,8,13,12,9,7,10,10,11,15,17,18,10,13,15,15,16,16,15,9,8,11,9,18,16,18,9,16,11,12,15,,,,,,,,,,,,,,,,,,,,,,,,,,,,,,,,,,,,,,,,,,,,,,,,,,,,,,,,,,,,
18:30,6,8,6,4,4,5,4,3,2,6,9,9,8,9,2,8,3,9,9,9,9,2,8,4,10,8,8,7,2,8,3,8,3,2,2,2,2,3,9,9,9,8,3,2,4,9,8,10,9,2,2,4,8,8,8,4,3,8,3,9,8,8,13,6,7,8,11,13,13,13,6,12,7,7,13,13,12,6,6,8,12,12,12,12,6,7,7,8,13,12,13,6,6,7,8,13,13,13,7,12,7,7,12,13,13,7,13,7,9,14,13,11,6,6,8,8,12,12,12,7,12,6,7,11,11,11,7,12,6,6,12,7,6,7,6,6,7,7,12,13,7,7,11,7,11,13,13,7,7,7,7,12,13,12,6,6,12,8,14,13,13,6,7,7,8,12,12,12,7,7,7,8,13,12,8,2,4,4,9,8,8,8,2,7,4,7,9,10,8,2,2,3,2,7,5,4,3,2,5,4,6,3,3,2,9,4,3,4,4,4,2,2,2,4,8,9,4,2,3,4,9,9,9,9,3,3,4,9,9,9,10,2,7,3,10,9,2,10,2,8,4,5,10,12,16,7,12,9,9,13,13,13,5,6,7,9,13,15,14,11,8,11,11,17,17,17,11,16,9,13,14,9,8,8,7,7,8,12,13,9,8,8,10,12,16,17,17,10,15,14,15,16,15,16,8,9,11,15,17,16,17,10,14,11,12,15,17,17,10,14,12,18,17,17,17,9,10,14,15,13,13,15,8,12,9,14,15,16,14,10,16,12,17,16,15,9,10,10,14,11,11,11,12,9,11,11,11,9,10,4,2,2,5,3,3,10,9,2,8,4,4,9,8,9,2,7,6,8,6,4,4,5,4,3,2,6,9,9,8,9,2,8,3,9,9,9,9,2,8,4,10,8,8,7,2,8,3,8,3,2,2,2,2,3,9,9,9,8,3,2,4,9,8,10,9,2,2,4,8,8,8,4,3,8,3,9,8,8,13,6,7,8,11,13,13,13,6,12,7,7,13,13,12,6,6,8,12,12,12,12,6,7,7,8,13,12,13,6,6,7,8,13,13,13,7,12,7,7,12,13,13,7,13,7,9,14,13,11,6,6,8,8,12,12,12,7,12,6,7,11,11,11,7,12,6,6,12,7,6,7,6,6,7,7,12,13,7,7,11,7,11,13,13,7,7,7,7,12,13,12,6,6,12,8,14,13,13,6,7,7,8,12,12,12,7,7,7,8,13,12,8,2,4,4,9,8,8,8,2,7,4,7,9,10,8,2,2,3,2,7,5,4,3,2,5,4,6,3,3,2,9,4,3,4,4,4,2,2,2,4,8,9,4,2,3,4,9,9,9,9,3,3,4,9,9,9,10,2,7,3,10,9,2,10,2,8,4,5,10,12,16,7,12,9,9,13,13,13,5,6,7,9,13,15,14,11,8,11,11,17,17,17,11,16,9,13,14,9,8,8,7,7,8,12,13,9,8,8,10,12,16,17,17,10,15,14,15,16,15,16,8,9,11,15,17,16,17,10,14,11,12,15,,,,,,,,,,,,,,,,,,,,,,,,,,,,,,,,,,,,,,,,,,,,,,,,,,,,,,,,,,,,
19:00,7,7,4,4,4,4,4,2,3,6,9,9,10,8,3,8,4,10,8,9,8,3,8,3,9,9,8,4,2,8,4,9,3,3,3,3,3,7,8,8,8,9,2,3,3,8,8,9,9,3,3,3,9,8,10,4,3,9,3,9,8,9,13,7,8,8,13,12,13,15,7,12,13,7,12,14,12,7,7,11,12,11,12,13,6,6,7,8,13,13,13,7,7,8,10,13,13,13,6,12,8,8,13,13,12,6,14,7,8,14,13,11,7,7,8,7,12,12,13,9,13,7,7,12,12,11,6,12,7,7,12,6,7,7,7,7,6,6,12,12,6,7,12,7,12,12,12,6,6,8,8,13,12,13,6,7,12,7,13,13,12,6,6,8,7,12,13,12,7,7,6,7,12,9,9,3,3,4,9,7,8,8,2,8,3,8,8,9,8,2,3,3,3,8,3,3,4,3,3,3,3,4,4,2,9,3,4,3,3,4,3,3,2,3,7,8,2,3,2,3,9,7,8,8,2,2,4,9,7,10,9,2,8,4,10,9,2,9,3,7,8,4,10,13,15,8,13,10,9,14,13,11,6,5,7,8,13,13,13,7,8,10,11,16,17,16,11,15,10,13,17,9,8,8,7,9,9,12,12,9,8,10,11,11,16,16,17,11,14,13,14,16,15,16,9,8,9,15,16,15,17,10,15,11,11,14,17,16,10,15,12,18,17,17,15,10,9,15,15,13,12,15,8,12,7,13,15,16,15,10,16,11,16,15,14,10,9,9,13,12,11,10,12,10,11,11,10,8,9,4,3,3,4,2,3,10,10,3,7,4,4,9,8,8,2,8,7,7,4,4,4,4,4,2,3,6,9,9,10,8,3,8,4,10,8,9,8,3,8,3,9,9,8,4,2,8,4,9,3,3,3,3,3,7,8,8,8,9,2,3,3,8,8,9,9,3,3,3,9,8,10,4,3,9,3,9,8,9,13,7,8,8,13,12,13,15,7,12,13,7,12,14,12,7,7,11,12,11,12,13,6,6,7,8,13,13,13,7,7,8,10,13,13,13,6,12,8,8,13,13,12,6,14,7,8,14,13,11,7,7,8,7,12,12,13,9,13,7,7,12,12,11,6,12,7,7,12,6,7,7,7,7,6,6,12,12,6,7,12,7,12,12,12,6,6,8,8,13,12,13,6,7,12,7,13,13,12,6,6,8,7,12,13,12,7,7,6,7,12,9,9,3,3,4,9,7,8,8,2,8,3,8,8,9,8,2,3,3,3,8,3,3,4,3,3,3,3,4,4,2,9,3,4,3,3,4,3,3,2,3,7,8,2,3,2,3,9,7,8,8,2,2,4,9,7,10,9,2,8,4,10,9,2,9,3,7,8,4,10,13,15,8,13,10,9,14,13,11,6,5,7,8,13,13,13,7,8,10,11,16,17,16,11,15,10,13,17,9,8,8,7,9,9,12,12,9,8,10,11,11,16,16,17,11,14,13,14,16,15,16,9,8,9,15,16,15,17,10,15,11,11,14,,,,,,,,,,,,,,,,,,,,,,,,,,,,,,,,,,,,,,,,,,,,,,,,,,,,,,,,,,,,
19:30,7,8,4,3,4,4,4,3,2,7,10,8,9,6,5,8,4,9,8,8,9,4,7,8,9,8,8,4,5,8,8,9,8,3,2,2,2,8,9,8,8,6,5,2,3,9,8,9,9,6,3,4,9,9,8,4,5,8,3,9,9,9,13,9,8,7,13,12,13,9,9,12,13,8,13,13,12,9,7,12,13,12,13,10,9,7,7,7,13,12,12,9,7,7,13,13,13,14,9,12,7,7,13,13,9,10,12,7,8,14,13,12,9,7,7,7,12,12,12,8,13,7,7,12,12,12,9,12,7,6,11,7,6,6,6,7,7,7,12,9,9,7,12,7,12,12,10,9,7,8,7,12,13,12,9,6,12,8,13,12,9,9,6,6,7,13,11,12,9,6,6,8,12,8,8,5,3,9,9,8,8,7,2,8,3,9,9,10,9,5,2,2,2,8,4,4,2,2,4,3,3,3,2,3,9,4,3,3,4,3,2,2,3,4,8,9,3,4,3,4,9,8,8,6,5,2,3,9,7,8,8,5,8,2,9,11,3,10,4,8,9,5,10,12,14,11,13,8,9,13,13,12,8,6,6,8,13,13,13,9,7,10,11,16,17,17,14,16,13,15,16,10,8,8,7,7,8,9,13,9,10,9,10,10,17,16,17,13,15,17,13,17,13,16,11,9,8,14,15,16,16,12,15,11,10,16,17,16,11,15,11,16,17,16,16,12,10,13,14,15,11,14,10,12,8,13,14,16,14,11,15,11,17,16,14,9,9,9,14,11,11,10,11,10,11,10,10,9,8,4,2,2,4,2,7,11,9,5,8,4,3,8,8,9,5,8,7,8,4,3,4,4,4,3,2,7,10,8,9,6,5,8,4,9,8,8,9,4,7,8,9,8,8,4,5,8,8,9,8,3,2,2,2,8,9,8,8,6,5,2,3,9,8,9,9,6,3,4,9,9,8,4,5,8,3,9,9,9,13,9,8,7,13,12,13,9,9,12,13,8,13,13,12,9,7,12,13,12,13,10,9,7,7,7,13,12,12,9,7,7,13,13,13,14,9,12,7,7,13,13,9,10,12,7,8,14,13,12,9,7,7,7,12,12,12,8,13,7,7,12,12,12,9,12,7,6,11,7,6,6,6,7,7,7,12,9,9,7,12,7,12,12,10,9,7,8,7,12,13,12,9,6,12,8,13,12,9,9,6,6,7,13,11,12,9,6,6,8,12,8,8,5,3,9,9,8,8,7,2,8,3,9,9,10,9,5,2,2,2,8,4,4,2,2,4,3,3,3,2,3,9,4,3,3,4,3,2,2,3,4,8,9,3,4,3,4,9,8,8,6,5,2,3,9,7,8,8,5,8,2,9,11,3,10,4,8,9,5,10,12,14,11,13,8,9,13,13,12,8,6,6,8,13,13,13,9,7,10,11,16,17,17,14,16,13,15,16,10,8,8,7,7,8,9,13,9,10,9,10,10,17,16,17,13,15,17,13,17,13,16,11,9,8,14,15,16,16,12,15,11,10,16,,,,,,,,,,,,,,,,,,,,,,,,,,,,,,,,,,,,,,,,,,,,,,,,,,,,,,,,,,,,
20:00,7,7,3,5,4,3,2,2,3,8,8,9,6,9,8,8,6,9,8,6,8,7,9,7,9,9,7,8,7,8,8,9,7,2,7,3,3,7,8,7,5,8,8,3,3,9,8,6,9,8,3,3,9,9,6,3,8,8,3,10,9,7,13,12,8,7,13,13,10,13,12,12,12,8,12,8,12,11,7,12,13,12,9,12,12,7,8,8,12,11,12,12,7,8,13,13,10,13,12,12,10,7,13,11,7,11,13,7,8,13,11,12,11,6,11,7,12,10,11,8,14,10,7,12,8,11,11,12,6,7,12,7,7,7,7,6,7,7,8,12,12,6,12,7,12,9,12,12,7,7,8,13,9,12,11,6,10,8,13,9,10,11,6,6,7,11,10,12,12,7,7,7,11,8,9,7,4,8,9,8,7,4,2,7,2,9,8,6,8,7,3,3,3,7,3,3,3,3,3,4,4,3,2,2,8,2,3,3,3,3,2,3,3,2,7,6,8,8,3,2,9,7,6,9,7,3,2,6,7,6,8,8,8,3,10,10,2,9,7,8,9,4,8,10,15,12,13,7,8,12,12,12,11,6,6,8,13,13,13,11,8,9,11,17,15,16,16,16,14,14,14,9,8,8,7,8,8,8,13,13,14,10,10,11,16,14,16,16,14,15,14,16,13,15,14,8,8,14,15,13,15,15,16,10,10,14,15,15,14,17,11,17,16,14,15,13,9,11,16,13,10,15,14,13,7,13,11,14,15,15,16,10,11,15,14,9,10,10,13,11,10,11,11,9,10,11,10,9,8,4,3,2,3,3,8,8,8,8,8,7,4,9,5,9,7,7,7,7,3,5,4,3,2,2,3,8,8,9,6,9,8,8,6,9,8,6,8,7,9,7,9,9,7,8,7,8,8,9,7,2,7,3,3,7,8,7,5,8,8,3,3,9,8,6,9,8,3,3,9,9,6,3,8,8,3,10,9,7,13,12,8,7,13,13,10,13,12,12,12,8,12,8,12,11,7,12,13,12,9,12,12,7,8,8,12,11,12,12,7,8,13,13,10,13,12,12,10,7,13,11,7,11,13,7,8,13,11,12,11,6,11,7,12,10,11,8,14,10,7,12,8,11,11,12,6,7,12,7,7,7,7,6,7,7,8,12,12,6,12,7,12,9,12,12,7,7,8,13,9,12,11,6,10,8,13,9,10,11,6,6,7,11,10,12,12,7,7,7,11,8,9,7,4,8,9,8,7,4,2,7,2,9,8,6,8,7,3,3,3,7,3,3,3,3,3,4,4,3,2,2,8,2,3,3,3,3,2,3,3,2,7,6,8,8,3,2,9,7,6,9,7,3,2,6,7,6,8,8,8,3,10,10,2,9,7,8,9,4,8,10,15,12,13,7,8,12,12,12,11,6,6,8,13,13,13,11,8,9,11,17,15,16,16,16,14,14,14,9,8,8,7,8,8,8,13,13,14,10,10,11,16,14,16,16,14,15,14,16,13,15,14,8,8,14,15,13,15,15,16,10,10,14,,,,,,,,,,,,,,,,,,,,,,,,,,,,,,,,,,,,,,,,,,,,,,,,,,,,,,,,,,,,
20:30,7,8,2,4,3,4,3,3,3,7,9,8,5,8,8,8,8,8,8,2,8,8,8,8,9,8,2,9,8,8,8,9,8,3,8,2,2,8,9,8,3,8,7,3,3,9,8,3,8,8,3,3,9,9,3,3,8,8,3,9,8,3,13,11,7,7,12,13,7,13,11,13,12,8,11,7,12,12,6,12,12,12,7,12,11,7,7,7,13,7,13,11,7,7,13,12,7,13,11,9,12,7,12,11,7,12,13,7,8,14,8,12,12,7,11,7,12,7,12,7,13,12,7,12,7,12,12,12,7,7,12,6,6,6,7,7,6,6,7,12,12,7,12,7,12,6,12,12,6,8,7,12,6,12,11,7,12,7,12,6,12,11,6,6,7,11,6,12,12,6,6,8,7,4,7,7,3,8,8,8,2,7,3,8,2,8,8,3,9,8,2,2,2,8,2,4,2,3,3,3,3,3,2,2,9,3,3,2,3,3,2,2,7,2,8,2,7,7,2,3,8,7,4,8,7,3,3,2,7,3,8,7,8,2,10,8,3,10,8,8,7,4,7,6,14,13,13,8,8,11,7,12,11,5,7,7,14,8,13,11,8,9,11,15,12,18,16,17,15,15,10,10,9,7,8,8,9,8,9,13,13,9,11,10,16,11,17,16,16,17,12,15,9,15,14,9,9,14,16,12,16,15,16,10,10,15,13,15,16,17,10,16,17,10,16,15,10,12,13,13,6,14,13,12,6,13,9,10,15,16,17,10,11,15,10,10,10,10,13,11,11,10,11,11,11,9,10,8,8,4,2,3,4,2,7,2,9,7,8,9,3,8,2,8,7,8,7,8,2,4,3,4,3,3,3,7,9,8,5,8,8,8,8,8,8,2,8,8,8,8,9,8,2,9,8,8,8,9,8,3,8,2,2,8,9,8,3,8,7,3,3,9,8,3,8,8,3,3,9,9,3,3,8,8,3,9,8,3,13,11,7,7,12,13,7,13,11,13,12,8,11,7,12,12,6,12,12,12,7,12,11,7,7,7,13,7,13,11,7,7,13,12,7,13,11,9,12,7,12,11,7,12,13,7,8,14,8,12,12,7,11,7,12,7,12,7,13,12,7,12,7,12,12,12,7,7,12,6,6,6,7,7,6,6,7,12,12,7,12,7,12,6,12,12,6,8,7,12,6,12,11,7,12,7,12,6,12,11,6,6,7,11,6,12,12,6,6,8,7,4,7,7,3,8,8,8,2,7,3,8,2,8,8,3,9,8,2,2,2,8,2,4,2,3,3,3,3,3,2,2,9,3,3,2,3,3,2,2,7,2,8,2,7,7,2,3,8,7,4,8,7,3,3,2,7,3,8,7,8,2,10,8,3,10,8,8,7,4,7,6,14,13,13,8,8,11,7,12,11,5,7,7,14,8,13,11,8,9,11,15,12,18,16,17,15,15,10,10,9,7,8,8,9,8,9,13,13,9,11,10,16,11,17,16,16,17,12,15,9,15,14,9,9,14,16,12,16,15,16,10,10,15,,,,,,,,,,,,,,,,,,,,,,,,,,,,,,,,,,,,,,,,,,,,,,,,,,,,,,,,,,,,
21:00,7,7,3,4,4,3,2,2,2,8,9,8,3,8,7,8,8,8,8,3,9,8,4,7,9,8,3,8,7,8,8,8,7,3,7,3,3,8,8,8,3,8,7,2,2,9,9,3,9,8,3,3,9,8,3,3,7,3,3,9,8,4,12,12,7,7,13,13,7,11,11,11,12,6,11,6,12,11,7,11,11,11,6,12,11,6,7,7,11,6,11,12,6,6,12,12,7,13,11,6,11,7,12,11,7,11,11,6,7,12,7,11,11,6,11,5,11,6,11,6,7,10,6,12,6,11,11,12,5,6,11,6,6,6,6,6,6,6,6,11,11,7,11,6,11,6,11,11,6,6,7,11,6,12,11,5,10,7,11,6,11,10,6,6,7,11,5,11,10,6,6,6,6,2,7,8,3,8,9,7,2,8,2,8,3,7,9,2,9,8,3,3,3,8,3,2,3,2,4,2,3,2,3,2,3,2,2,2,2,2,3,2,7,3,7,3,7,8,3,3,8,8,3,8,7,2,3,3,8,2,8,7,8,2,8,10,2,9,7,8,8,2,7,7,14,13,14,8,8,12,6,12,11,6,6,6,12,8,13,12,8,9,9,15,12,16,16,14,15,14,8,9,8,9,7,8,8,8,8,13,13,10,10,10,15,10,16,15,14,15,13,14,9,13,14,9,9,14,15,12,15,15,15,10,11,15,11,15,15,17,10,16,15,10,16,15,10,10,14,13,5,13,14,12,6,13,9,9,14,15,16,10,11,16,10,9,9,9,12,11,11,10,11,10,10,8,10,9,9,4,2,2,2,2,7,3,8,7,8,8,2,9,3,9,8,8,7,7,3,4,4,3,2,2,2,8,9,8,3,8,7,8,8,8,8,3,9,8,4,7,9,8,3,8,7,8,8,8,7,3,7,3,3,8,8,8,3,8,7,2,2,9,9,3,9,8,3,3,9,8,3,3,7,3,3,9,8,4,12,12,7,7,13,13,7,11,11,11,12,6,11,6,12,11,7,11,11,11,6,12,11,6,7,7,11,6,11,12,6,6,12,12,7,13,11,6,11,7,12,11,7,11,11,6,7,12,7,11,11,6,11,5,11,6,11,6,7,10,6,12,6,11,11,12,5,6,11,6,6,6,6,6,6,6,6,11,11,7,11,6,11,6,11,11,6,6,7,11,6,12,11,5,10,7,11,6,11,10,6,6,7,11,5,11,10,6,6,6,6,2,7,8,3,8,9,7,2,8,2,8,3,7,9,2,9,8,3,3,3,8,3,2,3,2,4,2,3,2,3,2,3,2,2,2,2,2,3,2,7,3,7,3,7,8,3,3,8,8,3,8,7,2,3,3,8,2,8,7,8,2,8,10,2,9,7,8,8,2,7,7,14,13,14,8,8,12,6,12,11,6,6,6,12,8,13,12,8,9,9,15,12,16,16,14,15,14,8,9,8,9,7,8,8,8,8,13,13,10,10,10,15,10,16,15,14,15,13,14,9,13,14,9,9,14,15,12,15,15,15,10,11,15,,,,,,,,,,,,,,,,,,,,,,,,,,,,,,,,,,,,,,,,,,,,,,,,,,,,,,,,,,,,
21:30,4,6,2,3,3,3,3,3,3,8,5,3,3,3,4,5,8,7,3,3,6,3,3,7,5,5,2,5,2,7,8,5,3,2,5,3,3,2,5,4,2,4,4,3,3,5,3,3,4,4,3,3,4,3,3,3,3,4,3,6,6,3,7,5,4,3,6,4,2,5,5,5,6,3,3,3,6,5,3,5,5,3,3,6,4,3,3,2,3,3,4,3,3,3,5,4,4,6,4,3,5,3,4,8,4,5,7,3,4,6,3,3,5,3,6,3,4,3,4,3,3,7,2,4,2,4,5,4,3,2,3,4,3,3,2,3,3,3,3,5,6,3,6,2,4,3,4,4,3,2,3,3,3,4,4,3,7,4,4,3,5,4,2,2,3,4,3,5,4,2,2,4,3,3,5,3,4,5,5,4,3,4,2,5,2,6,5,3,7,4,2,2,2,3,2,3,2,3,3,3,3,2,2,2,2,2,3,2,3,2,2,3,7,2,3,2,4,4,2,2,5,3,3,4,5,2,2,2,3,2,6,3,6,3,7,4,2,5,4,6,5,3,4,6,12,10,12,7,6,8,8,9,8,6,6,6,8,7,13,8,8,9,9,11,11,14,12,10,13,11,10,10,9,7,6,9,9,8,8,12,10,9,11,10,11,10,12,12,12,16,13,11,8,12,10,9,8,9,11,11,12,11,11,10,10,9,11,12,11,11,11,12,11,9,11,11,10,11,12,7,6,11,10,10,6,8,8,9,14,11,12,10,10,10,9,9,10,9,13,10,11,9,11,10,11,9,10,9,8,4,3,3,3,3,4,2,5,4,4,5,3,3,2,6,3,4,4,6,2,3,3,3,3,3,3,8,5,3,3,3,4,5,8,7,3,3,6,3,3,7,5,5,2,5,2,7,8,5,3,2,5,3,3,2,5,4,2,4,4,3,3,5,3,3,4,4,3,3,4,3,3,3,3,4,3,6,6,3,7,5,4,3,6,4,2,5,5,5,6,3,3,3,6,5,3,5,5,3,3,6,4,3,3,2,3,3,4,3,3,3,5,4,4,6,4,3,5,3,4,8,4,5,7,3,4,6,3,3,5,3,6,3,4,3,4,3,3,7,2,4,2,4,5,4,3,2,3,4,3,3,2,3,3,3,3,5,6,3,6,2,4,3,4,4,3,2,3,3,3,4,4,3,7,4,4,3,5,4,2,2,3,4,3,5,4,2,2,4,3,3,5,3,4,5,5,4,3,4,2,5,2,6,5,3,7,4,2,2,2,3,2,3,2,3,3,3,3,2,2,2,2,2,3,2,3,2,2,3,7,2,3,2,4,4,2,2,5,3,3,4,5,2,2,2,3,2,6,3,6,3,7,4,2,5,4,6,5,3,4,6,12,10,12,7,6,8,8,9,8,6,6,6,8,7,13,8,8,9,9,11,11,14,12,10,13,11,10,10,9,7,6,9,9,8,8,12,10,9,11,10,11,10,12,12,12,16,13,11,8,12,10,9,8,9,11,11,12,11,11,10,10,9,,,,,,,,,,,,,,,,,,,,,,,,,,,,,,,,,,,,,,,,,,,,,,,,,,,,,,,,,,,,
22:00,3,4,3,3,2,3,3,2,3,3,2,2,3,2,2,3,6,2,3,2,3,3,2,8,3,3,3,2,3,2,8,3,2,3,2,2,2,3,3,3,3,3,3,3,2,3,3,3,3,3,4,3,3,3,3,3,3,3,3,3,7,3,4,3,3,3,3,4,4,4,2,3,3,3,3,3,3,4,3,3,3,3,3,3,2,3,3,4,3,3,3,3,3,2,4,2,4,3,3,3,3,3,3,8,3,2,3,3,4,4,4,3,3,3,2,3,3,3,3,2,3,3,3,3,3,3,3,3,3,3,2,3,3,3,3,2,3,3,2,3,3,3,2,2,3,2,3,3,3,3,3,3,2,3,3,3,8,4,3,2,2,3,3,2,4,2,2,2,3,3,3,3,3,3,2,2,3,2,3,3,2,3,2,2,2,3,4,3,3,2,3,3,3,2,3,3,3,3,3,2,3,3,2,3,2,2,3,2,2,2,2,2,4,3,3,3,3,2,3,3,3,2,4,2,2,3,3,2,3,3,3,3,2,2,3,2,3,2,3,3,3,2,2,6,9,8,8,8,8,7,7,6,5,6,6,7,7,8,9,6,9,10,10,10,12,10,11,12,10,9,10,9,9,8,8,8,9,8,8,7,8,10,10,9,9,11,10,11,9,11,13,10,10,9,9,8,8,8,10,11,9,10,10,10,10,10,10,10,11,10,11,11,10,11,10,9,10,12,8,6,5,8,8,7,7,8,9,10,10,10,11,10,10,9,9,8,10,9,12,10,9,10,10,11,10,8,9,9,8,3,2,2,2,2,2,3,4,2,2,2,3,2,2,3,2,2,3,4,3,3,2,3,3,2,3,3,2,2,3,2,2,3,6,2,3,2,3,3,2,8,3,3,3,2,3,2,8,3,2,3,2,2,2,3,3,3,3,3,3,3,2,3,3,3,3,3,4,3,3,3,3,3,3,3,3,3,7,3,4,3,3,3,3,4,4,4,2,3,3,3,3,3,3,4,3,3,3,3,3,3,2,3,3,4,3,3,3,3,3,2,4,2,4,3,3,3,3,3,3,8,3,2,3,3,4,4,4,3,3,3,2,3,3,3,3,2,3,3,3,3,3,3,3,3,3,3,2,3,3,3,3,2,3,3,2,3,3,3,2,2,3,2,3,3,3,3,3,3,2,3,3,3,8,4,3,2,2,3,3,2,4,2,2,2,3,3,3,3,3,3,2,2,3,2,3,3,2,3,2,2,2,3,4,3,3,2,3,3,3,2,3,3,3,3,3,2,3,3,2,3,2,2,3,2,2,2,2,2,4,3,3,3,3,2,3,3,3,2,4,2,2,3,3,2,3,3,3,3,2,2,3,2,3,2,3,3,3,2,2,6,9,8,8,8,8,7,7,6,5,6,6,7,7,8,9,6,9,10,10,10,12,10,11,12,10,9,10,9,9,8,8,8,9,8,8,7,8,10,10,9,9,11,10,11,9,11,13,10,10,9,9,8,8,8,10,11,9,10,10,10,10,10,,,,,,,,,,,,,,,,,,,,,,,,,,,,,,,,,,,,,,,,,,,,,,,,,,,,,,,,,,,,
22:30,2,2,2,3,3,3,2,3,2,2,2,2,2,3,3,2,3,2,3,2,3,2,3,5,3,3,2,2,2,3,4,2,3,2,3,3,3,2,2,2,3,2,2,2,3,3,3,3,3,3,2,3,3,2,3,3,3,3,3,3,7,3,2,3,4,2,2,2,2,3,3,3,3,3,3,3,2,4,2,3,2,3,3,2,3,2,2,2,3,2,3,2,3,3,3,3,3,2,2,3,3,2,2,7,3,3,3,2,3,3,4,2,2,2,3,2,3,2,2,3,3,2,2,2,3,2,2,3,2,2,3,2,2,2,3,3,2,2,3,3,2,2,2,2,2,2,2,3,2,2,2,2,3,2,2,2,7,2,2,3,2,1,2,2,3,2,2,2,2,2,2,2,2,2,2,2,4,3,3,1,2,1,2,2,2,2,2,2,3,2,2,2,2,2,3,2,2,2,2,3,3,2,2,2,2,3,2,2,3,2,2,3,2,2,2,2,2,3,2,2,2,2,2,2,2,3,2,2,2,2,2,2,3,2,3,2,2,2,2,2,2,2,2,7,8,8,7,7,8,7,6,7,6,6,6,7,7,7,7,7,7,9,9,9,10,11,11,11,9,9,8,9,7,8,7,8,8,7,8,8,8,9,10,9,9,10,9,10,10,11,12,9,8,9,8,9,8,10,10,12,10,10,10,10,10,8,11,10,10,9,10,11,11,9,9,9,10,10,8,6,6,9,8,7,5,6,9,9,9,10,10,10,10,9,9,7,9,10,13,9,10,9,10,9,10,9,9,9,8,3,3,2,3,2,2,2,3,3,3,2,2,3,2,2,2,2,2,2,2,3,3,3,2,3,2,2,2,2,2,3,3,2,3,2,3,2,3,2,3,5,3,3,2,2,2,3,4,2,3,2,3,3,3,2,2,2,3,2,2,2,3,3,3,3,3,3,2,3,3,2,3,3,3,3,3,3,7,3,2,3,4,2,2,2,2,3,3,3,3,3,3,3,2,4,2,3,2,3,3,2,3,2,2,2,3,2,3,2,3,3,3,3,3,2,2,3,3,2,2,7,3,3,3,2,3,3,4,2,2,2,3,2,3,2,2,3,3,2,2,2,3,2,2,3,2,2,3,2,2,2,3,3,2,2,3,3,2,2,2,2,2,2,2,3,2,2,2,2,3,2,2,2,7,2,2,3,2,1,2,2,3,2,2,2,2,2,2,2,2,2,2,2,4,3,3,1,2,1,2,2,2,2,2,2,3,2,2,2,2,2,3,2,2,2,2,3,3,2,2,2,2,3,2,2,3,2,2,3,2,2,2,2,2,3,2,2,2,2,2,2,2,3,2,2,2,2,2,2,3,2,3,2,2,2,2,2,2,2,2,7,8,8,7,7,8,7,6,7,6,6,6,7,7,7,7,7,7,9,9,9,10,11,11,11,9,9,8,9,7,8,7,8,8,7,8,8,8,9,10,9,9,10,9,10,10,11,12,9,8,9,8,9,8,10,10,12,10,10,10,10,10,8,,,,,,,,,,,,,,,,,,,,,,,,,,,,,,,,,,,,,,,,,,,,,,,,,,,,,,,,,,,,
23:00,2,2,2,3,2,2,2,2,2,2,2,4,2,2,2,2,2,3,2,3,2,2,2,4,2,2,2,2,2,2,2,2,2,2,2,2,2,2,2,3,2,2,2,2,2,2,2,2,3,3,3,3,2,3,3,2,3,2,3,2,8,3,3,2,3,3,3,3,3,4,2,2,3,3,2,2,3,4,3,3,3,2,2,3,2,3,3,3,2,3,2,3,2,2,3,2,3,2,3,2,2,3,2,8,3,2,2,3,2,2,3,3,3,3,2,3,2,3,3,2,2,2,3,3,2,3,3,2,2,3,2,3,3,3,2,2,3,3,2,3,3,3,3,2,2,3,3,2,3,2,3,2,2,3,2,2,7,3,2,2,2,2,2,2,2,2,2,2,2,2,2,3,2,2,2,2,2,2,3,2,2,2,2,2,2,2,2,2,3,3,2,2,2,2,2,2,3,3,2,2,2,2,2,2,2,1,2,2,2,2,2,1,2,2,2,3,2,2,2,2,2,2,2,2,2,2,2,2,2,2,2,2,2,2,3,2,2,2,2,2,2,2,2,6,9,8,8,8,7,7,7,6,6,5,6,6,7,8,7,6,8,9,10,10,11,10,11,10,10,9,10,9,9,8,6,8,9,8,9,7,8,10,10,9,10,10,10,11,10,11,13,10,9,9,9,8,8,8,9,11,10,10,11,10,9,8,10,10,9,9,10,11,10,10,9,9,11,11,9,6,4,8,8,6,6,6,8,10,10,10,11,10,9,9,8,8,9,9,12,9,9,10,10,10,10,8,9,8,8,3,2,3,2,2,2,3,3,2,2,2,2,2,2,2,2,3,2,2,2,3,2,2,2,2,2,2,2,4,2,2,2,2,2,3,2,3,2,2,2,4,2,2,2,2,2,2,2,2,2,2,2,2,2,2,2,3,2,2,2,2,2,2,2,2,3,3,3,3,2,3,3,2,3,2,3,2,8,3,3,2,3,3,3,3,3,4,2,2,3,3,2,2,3,4,3,3,3,2,2,3,2,3,3,3,2,3,2,3,2,2,3,2,3,2,3,2,2,3,2,8,3,2,2,3,2,2,3,3,3,3,2,3,2,3,3,2,2,2,3,3,2,3,3,2,2,3,2,3,3,3,2,2,3,3,2,3,3,3,3,2,2,3,3,2,3,2,3,2,2,3,2,2,7,3,2,2,2,2,2,2,2,2,2,2,2,2,2,3,2,2,2,2,2,2,3,2,2,2,2,2,2,2,2,2,3,3,2,2,2,2,2,2,3,3,2,2,2,2,2,2,2,1,2,2,2,2,2,1,2,2,2,3,2,2,2,2,2,2,2,2,2,2,2,2,2,2,2,2,2,2,3,2,2,2,2,2,2,2,2,6,9,8,8,8,7,7,7,6,6,5,6,6,7,8,7,6,8,9,10,10,11,10,11,10,10,9,10,9,9,8,6,8,9,8,9,7,8,10,10,9,10,10,10,11,10,11,13,10,9,9,9,8,8,8,9,11,10,10,11,10,9,8,,,,,,,,,,,,,,,,,,,,,,,,,,,,,,,,,,,,,,,,,,,,,,,,,,,,,,,,,,,,
23:30,2,3,2,3,2,2,2,2,3,2,3,2,2,2,2,2,2,2,2,2,2,2,2,2,3,2,2,2,2,2,3,3,2,2,2,2,2,2,3,2,2,2,2,3,2,2,3,3,2,2,3,3,3,2,3,3,2,3,2,3,7,3,3,3,3,2,3,2,2,3,3,3,3,2,3,3,2,5,2,3,2,3,3,2,3,2,2,2,3,2,2,2,3,3,3,3,3,3,2,3,3,3,3,7,2,3,3,2,3,3,3,2,2,2,2,2,3,2,2,2,2,2,2,2,3,2,2,2,3,2,2,2,2,2,3,3,2,2,3,2,3,3,2,2,2,2,2,2,2,3,2,2,2,2,3,3,7,2,3,3,2,2,2,2,2,2,2,2,2,2,2,2,3,2,2,2,2,2,1,2,2,2,2,2,2,2,3,3,2,2,2,3,2,2,2,2,2,2,3,2,2,2,2,2,2,3,2,2,2,2,2,2,2,2,2,2,2,2,3,2,3,2,3,2,2,2,2,2,2,2,2,2,2,2,3,2,2,2,2,2,3,3,2,6,8,8,8,7,7,8,7,6,6,5,6,7,6,7,8,6,8,9,9,10,11,11,11,11,10,10,9,9,8,7,7,8,8,7,8,8,8,9,10,8,9,11,9,10,10,11,12,10,9,9,8,8,8,9,10,11,10,9,10,10,10,9,10,10,10,9,11,11,10,10,9,9,9,11,9,7,6,8,8,7,5,6,9,9,10,10,9,10,9,9,9,8,10,9,13,9,10,10,10,11,11,8,8,9,9,3,2,2,2,3,3,2,2,2,2,2,2,2,3,2,2,2,2,3,2,3,2,2,2,2,3,2,3,2,2,2,2,2,2,2,2,2,2,2,2,2,3,2,2,2,2,2,3,3,2,2,2,2,2,2,3,2,2,2,2,3,2,2,3,3,2,2,3,3,3,2,3,3,2,3,2,3,7,3,3,3,3,2,3,2,2,3,3,3,3,2,3,3,2,5,2,3,2,3,3,2,3,2,2,2,3,2,2,2,3,3,3,3,3,3,2,3,3,3,3,7,2,3,3,2,3,3,3,2,2,2,2,2,3,2,2,2,2,2,2,2,3,2,2,2,3,2,2,2,2,2,3,3,2,2,3,2,3,3,2,2,2,2,2,2,2,3,2,2,2,2,3,3,7,2,3,3,2,2,2,2,2,2,2,2,2,2,2,2,3,2,2,2,2,2,1,2,2,2,2,2,2,2,3,3,2,2,2,3,2,2,2,2,2,2,3,2,2,2,2,2,2,3,2,2,2,2,2,2,2,2,2,2,2,2,3,2,3,2,3,2,2,2,2,2,2,2,2,2,2,2,3,2,2,2,2,2,3,3,2,6,8,8,8,7,7,8,7,6,6,5,6,7,6,7,8,6,8,9,9,10,11,11,11,11,10,10,9,9,8,7,7,8,8,7,8,8,8,9,10,8,9,11,9,10,10,11,12,10,9,9,8,8,8,9,10,11,10,9,10,10,10,9,,,,,,,,,,,,,,,,,,,,,,,,,,,,,,,,,,,,,,,,,,,,,,,,,,,,,,,,,,,,
24:00,3,2,2,2,2,2,2,2,2,3,2,2,2,2,2,3,2,2,4,2,2,2,2,2,2,2,2,2,2,3,2,2,2,3,2,2,2,2,2,3,3,2,3,2,2,3,3,3,3,3,2,2,2,3,2,3,3,3,3,3,7,2,3,3,3,3,2,3,3,3,2,2,2,3,3,2,3,4,3,2,3,2,2,2,2,3,3,3,2,3,3,3,2,2,3,2,3,2,3,2,2,2,2,8,2,2,2,3,3,2,3,2,2,2,3,2,3,3,2,3,3,2,3,3,2,2,2,3,2,2,3,3,2,2,2,2,3,3,2,3,2,2,2,2,2,2,2,3,2,2,3,2,3,2,2,2,8,3,2,2,2,2,2,2,2,2,2,2,2,3,2,2,3,2,2,2,2,2,3,2,2,2,1,2,1,2,2,2,2,2,3,2,2,2,2,3,2,2,2,2,2,2,2,1,2,2,2,2,2,2,2,3,2,2,2,2,3,2,2,3,2,2,2,2,2,2,3,3,2,2,2,2,3,2,2,2,2,2,2,2,2,2,2,6,9,8,8,8,7,7,7,7,6,6,6,6,7,8,7,6,8,9,9,10,10,10,11,11,10,8,9,9,8,8,7,9,9,8,8,8,8,10,11,10,10,10,10,11,10,11,12,10,8,9,9,9,8,9,9,11,10,10,11,10,10,9,10,10,10,10,10,11,11,9,10,9,11,11,7,6,5,8,9,7,6,6,9,9,10,11,11,10,9,9,8,8,9,9,12,9,9,10,10,10,10,8,9,9,8,2,2,2,2,2,2,2,2,2,2,3,2,2,2,2,2,2,3,2,2,2,2,2,2,2,2,3,2,2,2,2,2,3,2,2,4,2,2,2,2,2,2,2,2,2,2,3,2,2,2,3,2,2,2,2,2,3,3,2,3,2,2,3,3,3,3,3,2,2,2,3,2,3,3,3,3,3,7,2,3,3,3,3,2,3,3,3,2,2,2,3,3,2,3,4,3,2,3,2,2,2,2,3,3,3,2,3,3,3,2,2,3,2,3,2,3,2,2,2,2,8,2,2,2,3,3,2,3,2,2,2,3,2,3,3,2,3,3,2,3,3,2,2,2,3,2,2,3,3,2,2,2,2,3,3,2,3,2,2,2,2,2,2,2,3,2,2,3,2,3,2,2,2,8,3,2,2,2,2,2,2,2,2,2,2,2,3,2,2,3,2,2,2,2,2,3,2,2,2,1,2,1,2,2,2,2,2,3,2,2,2,2,3,2,2,2,2,2,2,2,1,2,2,2,2,2,2,2,3,2,2,2,2,3,2,2,3,2,2,2,2,2,2,3,3,2,2,2,2,3,2,2,2,2,2,2,2,2,2,2,6,9,8,8,8,7,7,7,7,6,6,6,6,7,8,7,6,8,9,9,10,10,10,11,11,10,8,9,9,8,8,7,9,9,8,8,8,8,10,11,10,10,10,10,11,10,11,12,10,8,9,9,9,8,9,9,11,10,10,11,10,10,9,,,,,,,,,,,,,,,,,,,,,,,,,,,,,,,,,,,,,,,,,,,,,,,,,,,,,,,,,,,,
