minute_local,2025-10-03,2025-10-04,2025-10-05,2025-10-06,2025-10-07,2025-10-08,2025-10-09
00:00,,0.0,0.0,0.0,0.0,0.0,0.0
00:01,,0.0,0.0,0.0,0.0,0.0,0.0
00:02,,0.0,0.0,0.0,0.0,0.0,0.0
00:03,,0.0,0.0,0.0,0.0,0.0,0.0
00:04,,0.0,0.0,0.0,0.0,0.0,0.0
00:05,,0.0,0.0,0.0,0.0,0.0,0.0
00:06,,0.0,0.0,0.0,0.0,0.0,0.0
00:07,,0.0,0.0,0.0,0.0,0.0,0.0
00:08,,0.0,0.0,0.0,0.0,0.0,0.0
00:09,,0.0,0.0,0.0,0.0,0.0,0.0
00:10,,0.0,0.0,0.0,0.0,0.0,0.0
00:11,,0.0,0.0,0.0,0.0,0.0,0.0
00:12,,0.0,0.0,0.0,0.0,0.0,0.0
00:13,,0.0,0.0,0.0,0.0,0.0,0.0
00:14,,0.0,0.0,0.0,0.0,0.0,0.0
00:15,,0.0,0.0,0.0,0.0,0.0,0.0
00:16,,0.0,0.0,,0.0,0.0,0.0
00:17,,0.0,0.0,,0.0,0.0,0.0
00:18,,0.0,0.0,0.0,0.0,0.0,0.0
00:19,,0.0,0.0,0.0,0.0,0.0,0.0
00:20,,0.0,0.0,0.0,0.0,0.0,0.0
00:21,,0.0,0.0,0.0,0.0,0.0,0.0
00:22,,0.0,0.0,0.0,0.0,0.0,0.0
00:23,,0.0,0.0,0.0,0.0,0.0,0.0
00:24,,0.0,0.0,0.0,0.0,0.0,0.0
00:25,,0.0,0.0,0.0,0.0,0.0,0.0
00:26,,0.0,0.0,0.0,0.0,0.0,0.0
00:27,,0.0,0.0,0.0,0.0,0.0,0.0
00:28,,0.0,0.0,0.0,0.0,0.0,0.0
00:29,,0.0,0.0,0.0,0.0,0.0,0.0
00:30,,0.0,0.0,0.0,0.0,0.0,0.0
00:31,,0.0,0.0,0.0,0.0,0.0,0.0
00:32,,0.0,0.0,0.0,0.0,0.0,0.0
00:33,,0.0,0.0,0.0,0.0,0.0,0.0
00:34,,0.0,0.0,0.0,0.0,0.0,0.0
00:35,,0.0,0.0,0.0,0.0,0.0,0.0
00:36,,0.0,0.0,0.0,0.0,0.0,0.0
00:37,,0.0,0.0,0.0,0.0,0.0,0.0
00:38,,0.0,0.0,0.0,0.0,0.0,0.0
00:39,,0.0,0.0,0.0,0.0,0.0,0.0
00:40,,0.0,0.0,0.0,0.0,0.0,0.0
00:41,,0.0,0.0,0.0,0.0,0.0,0.0
00:42,,0.0,0.0,0.0,0.0,0.0,0.0
00:43,,0.0,0.0,0.0,0.0,0.0,0.0
00:44,,0.0,0.0,0.0,0.0,0.0,0.0
00:45,,0.0,0.0,0.0,0.0,0.0,0.0
00:46,,0.0,0.0,0.0,0.0,0.0,0.0
00:47,,0.0,0.0,0.0,0.0,0.0,0.0
00:48,,0.0,0.0,0.0,0.0,0.0,0.0
00:49,,0.0,0.0,0.0,0.0,0.0,0.0
00:50,,0.0,0.0,0.0,0.0,0.0,0.0
00:51,,0.0,0.0,0.0,0.0,0.0,0.0
00:52,,0.0,0.0,0.0,0.0,0.0,0.0
00:53,,0.0,0.0,0.0,0.0,0.0,0.0
00:54,,0.0,0.0,0.0,0.0,0.0,0.0
00:55,,0.0,0.0,0.0,0.0,0.0,0.0
00:56,,0.0,0.0,0.0,0.0,0.0,0.0
00:57,,0.0,0.0,0.0,0.0,0.0,0.0
00:58,,0.0,0.0,0.0,0.0,0.0,0.0
00:59,,0.0,0.0,0.0,0.0,0.0,0.0
01:00,,0.0,0.0,0.0,0.0,0.0,0.0
01:01,,0.0,0.0,0.0,0.0,0.0,0.0
01:02,,0.0,0.0,0.0,0.0,0.0,0.0
01:03,,0.0,0.0,0.0,0.0,0.0,0.0
01:04,,0.0,0.0,0.0,0.0,0.0,0.0
01:05,,0.0,0.0,0.0,0.0,0.0,0.0
01:06,,0.0,0.0,0.0,0.0,0.0,0.0
01:07,,0.0,0.0,0.0,0.0,0.0,0.0
01:08,,0.0,0.0,0.0,0.0,0.0,0.0
01:09,,0.0,0.0,0.0,0.0,0.0,0.0
01:10,,0.0,0.0,0.0,0.0,0.0,0.0
01:11,,0.0,0.0,0.0,0.0,0.0,0.0
01:12,,0.0,0.0,0.0,0.0,0.0,0.0
01:13,,0.0,0.0,0.0,0.0,0.0,0.0
01:14,,0.0,0.0,0.0,0.0,0.0,0.0
01:15,,0.0,0.0,0.0,0.0,0.0,0.0
01:16,,0.0,0.0,0.0,0.0,0.0,0.0
01:17,,0.0,0.0,0.0,0.0,0.0,0.0
01:18,,0.0,0.0,0.0,0.0,0.0,0.0
01:19,,0.0,0.0,0.0,0.0,0.0,0.0
01:20,,0.0,0.0,0.0,0.0,0.0,0.0
01:21,,0.0,0.0,0.0,0.0,0.0,0.0
01:22,,0.0,0.0,0.0,0.0,0.0,0.0
01:23,,0.0,0.0,0.0,0.0,0.0,0.0
01:24,,0.0,0.0,0.0,0.0,0.0,0.0
01:25,,0.0,0.0,0.0,0.0,0.0,0.0
01:26,,0.0,0.0,0.0,0.0,0.0,0.0
01:27,,0.0,0.0,0.0,0.0,0.0,0.0
01:28,,0.0,0.0,0.0,0.0,0.0,0.0
01:29,,0.0,0.0,0.0,0.0,0.0,0.0
01:30,,0.0,0.0,0.0,0.0,0.0,0.0
01:31,,0.0,0.0,0.0,0.0,0.0,0.0
01:32,,0.0,0.0,0.0,0.0,0.0,0.0
01:33,,0.0,0.0,0.0,0.0,0.0,0.0
01:34,,0.0,0.0,0.0,0.0,0.0,0.0
01:35,,0.0,0.0,0.0,0.0,0.0,0.0
01:36,,0.0,0.0,0.0,0.0,0.0,0.0
01:37,,0.0,0.0,0.0,0.0,0.0,0.0
01:38,,0.0,0.0,0.0,0.0,0.0,0.0
01:39,,0.0,0.0,0.0,0.0,0.0,0.0
01:40,,0.0,0.0,0.0,0.0,0.0,0.0
01:41,,0.0,0.0,0.0,0.0,0.0,0.0
01:42,,0.0,0.0,0.0,0.0,0.0,0.0
01:43,,0.0,0.0,0.0,0.0,0.0,0.0
01:44,,0.0,0.0,0.0,0.0,0.0,0.0
01:45,,0.0,0.0,0.0,0.0,0.0,0.0
01:46,,0.0,0.0,0.0,0.0,0.0,0.0
01:47,,0.0,0.0,0.0,0.0,0.0,0.0
01:48,,0.0,0.0,0.0,0.0,0.0,0.0
01:49,,0.0,0.0,0.0,0.0,0.0,0.0
01:50,,0.0,0.0,0.0,0.0,0.0,0.0
01:51,,0.0,0.0,0.0,0.0,0.0,0.0
01:52,,0.0,0.0,0.0,0.0,0.0,0.0
01:53,,0.0,0.0,0.0,0.0,0.0,0.0
01:54,,0.0,0.0,0.0,0.0,0.0,0.0
01:55,,0.0,0.0,0.0,0.0,0.0,0.0
01:56,,0.0,0.0,0.0,0.0,0.0,0.0
01:57,,0.0,0.0,0.0,0.0,0.0,0.0
01:58,,0.0,0.0,0.0,0.0,0.0,0.0
01:59,,0.0,0.0,0.0,0.0,0.0,0.0
02:00,,0.0,0.0,0.0,0.0,0.0,0.0
02:01,,0.0,0.0,0.0,0.0,0.0,0.0
02:02,,0.0,0.0,0.0,0.0,0.0,0.0
02:03,,0.0,0.0,0.0,0.0,0.0,0.0
02:04,,0.0,0.0,0.0,0.0,0.0,0.0
02:05,,0.0,0.0,0.0,0.0,0.0,0.0
02:06,,0.0,0.0,0.0,0.0,0.0,0.0
02:07,,0.0,0.0,0.0,0.0,0.0,0.0
02:08,,0.0,0.0,0.0,0.0,0.0,0.0
02:09,,0.0,0.0,0.0,0.0,0.0,0.0
02:10,,0.0,0.0,0.0,0.0,0.0,0.0
02:11,,0.0,0.0,0.0,0.0,0.0,0.0
02:12,,0.0,0.0,0.0,0.0,0.0,0.0
02:13,,0.0,0.0,0.0,0.0,0.0,0.0
02:14,,0.0,0.0,0.0,0.0,0.0,0.0
02:15,,0.0,0.0,0.0,0.0,0.0,0.0
02:16,,0.0,0.0,0.0,0.0,0.0,0.0
02:17,,0.0,0.0,0.0,0.0,0.0,0.0
02:18,,0.0,0.0,0.0,0.0,0.0,0.0
02:19,,0.0,0.0,0.0,0.0,0.0,0.0
02:20,,0.0,0.0,0.0,0.0,0.0,0.0
02:21,,0.0,0.0,0.0,0.0,0.0,0.0
02:22,,0.0,0.0,0.0,0.0,0.0,0.0
02:23,,0.0,0.0,0.0,0.0,0.0,0.0
02:24,,0.0,0.0,0.0,0.0,0.0,0.0
02:25,,0.0,0.0,0.0,0.0,0.0,0.0
02:26,,0.0,0.0,0.0,0.0,0.0,0.0
02:27,,0.0,0.0,0.0,0.0,0.0,0.0
02:28,,0.0,0.0,0.0,0.0,0.0,0.0
02:29,,0.0,0.0,0.0,0.0,0.0,0.0
02:30,,0.0,0.0,0.0,0.0,0.0,0.0
02:31,,0.0,0.0,0.0,0.0,0.0,0.0
02:32,,0.0,0.0,0.0,0.0,0.0,0.0
02:33,,0.0,0.0,0.0,0.0,0.0,0.0
02:34,,0.0,0.0,0.0,0.0,0.0,0.0
02:35,,0.0,0.0,0.0,0.0,0.0,0.0
02:36,,0.0,0.0,0.0,0.0,0.0,0.0
02:37,,0.0,0.0,0.0,0.0,0.0,0.0
02:38,,0.0,0.0,0.0,0.0,0.0,0.0
02:39,,0.0,0.0,0.0,0.0,0.0,0.0
02:40,,0.0,0.0,0.0,0.0,0.0,0.0
02:41,,0.0,0.0,0.0,0.0,0.0,0.0
02:42,,0.0,0.0,0.0,0.0,0.0,0.0
02:43,,0.0,0.0,0.0,0.0,0.0,0.0
02:44,,0.0,0.0,0.0,0.0,0.0,0.0
02:45,,0.0,0.0,0.0,0.0,0.0,0.0
02:46,,0.0,0.0,0.0,0.0,0.0,0.0
02:47,,0.0,0.0,0.0,0.0,0.0,0.0
02:48,,0.0,0.0,0.0,0.0,0.0,0.0
02:49,,0.0,0.0,0.0,0.0,0.0,0.0
02:50,,0.0,0.0,0.0,0.0,0.0,0.0
02:51,,0.0,0.0,0.0,0.0,0.0,0.0
02:52,,0.0,0.0,0.0,0.0,0.0,0.0
02:53,,0.0,0.0,0.0,0.0,0.0,0.0
02:54,,0.0,0.0,0.0,0.0,0.0,0.0
02:55,,0.0,0.0,0.0,0.0,0.0,0.0
02:56,,0.0,0.0,0.0,0.0,0.0,0.0
02:57,,0.0,0.0,0.0,0.0,0.0,0.0
02:58,,0.0,0.0,0.0,0.0,0.0,0.0
02:59,,0.0,0.0,0.0,0.0,0.0,0.0
03:00,,0.0,0.0,0.0,0.0,0.0,0.0
03:01,,0.0,0.0,0.0,0.0,0.0,0.0
03:02,,0.0,0.0,0.0,0.0,0.0,0.0
03:03,,0.0,0.0,0.0,0.0,0.0,0.0
03:04,,0.0,0.0,0.0,0.0,0.0,0.0
03:05,,0.0,0.0,0.0,0.0,0.0,0.0
03:06,,0.0,0.0,0.0,0.0,0.0,0.0
03:07,,0.0,0.0,0.0,0.0,0.0,0.0
03:08,,0.0,0.0,0.0,0.0,0.0,0.0
03:09,,0.0,0.0,0.0,0.0,0.0,0.0
03:10,,0.0,0.0,0.0,0.0,0.0,0.0
03:11,,0.0,0.0,0.0,0.0,0.0,0.0
03:12,,0.0,0.0,0.0,0.0,0.0,0.0
03:13,,0.0,0.0,0.0,0.0,0.0,0.0
03:14,,0.0,0.0,0.0,0.0,0.0,0.0
03:15,,0.0,0.0,0.0,0.0,0.0,0.0
03:16,,0.0,0.0,0.0,0.0,0.0,0.0
03:17,,0.0,0.0,0.0,0.0,0.0,0.0
03:18,,0.0,0.0,0.0,0.0,0.0,0.0
03:19,,0.0,0.0,0.0,0.0,0.0,0.0
03:20,,0.0,0.0,0.0,0.0,0.0,0.0
03:21,,0.0,0.0,0.0,0.0,0.0,0.0
03:22,,0.0,0.0,0.0,0.0,0.0,0.0
03:23,,0.0,0.0,0.0,0.0,0.0,0.0
03:24,,0.0,0.0,0.0,0.0,0.0,0.0
03:25,,0.0,0.0,0.0,0.0,0.0,0.0
03:26,,0.0,0.0,0.0,0.0,0.0,0.0
03:27,,0.0,0.0,0.0,0.0,0.0,0.0
03:28,,0.0,0.0,0.0,0.0,0.0,0.0
03:29,,0.0,0.0,0.0,0.0,0.0,0.0
03:30,,0.0,0.0,0.0,0.0,0.0,0.0
03:31,,0.0,0.0,0.0,0.0,0.0,0.0
03:32,,0.0,0.0,0.0,0.0,0.0,0.0
03:33,,0.0,0.0,0.0,0.0,0.0,0.0
03:34,,0.0,0.0,0.0,0.0,0.0,0.0
03:35,,0.0,0.0,0.0,0.0,0.0,0.0
03:36,,0.0,0.0,0.0,0.0,0.0,0.0
03:37,,0.0,0.0,0.0,0.0,0.0,0.0
03:38,,0.0,0.0,0.0,0.0,0.0,0.0
03:39,,0.0,0.0,0.0,0.0,0.0,0.0
03:40,,0.0,0.0,0.0,0.0,0.0,0.0
03:41,,0.0,0.0,0.0,0.0,0.0,0.0
03:42,,0.0,0.0,0.0,0.0,0.0,0.0
03:43,,0.0,0.0,0.0,0.0,0.0,0.0
03:44,,0.0,0.0,0.0,0.0,0.0,0.0
03:45,,0.0,0.0,0.0,0.0,0.0,0.0
03:46,,0.0,0.0,0.0,0.0,0.0,0.0
03:47,,0.0,0.0,0.0,0.0,0.0,0.0
03:48,,0.0,0.0,0.0,0.0,0.0,0.0
03:49,,0.0,0.0,0.0,0.0,0.0,0.0
03:50,,0.0,0.0,0.0,0.0,0.0,0.0
03:51,,0.0,0.0,0.0,0.0,0.0,0.0
03:52,,0.0,0.0,0.0,0.0,0.0,0.0
03:53,,0.0,0.0,0.0,0.0,0.0,0.0
03:54,,0.0,0.0,0.0,0.0,0.0,0.0
03:55,,0.0,0.0,0.0,0.0,0.0,0.0
03:56,,0.0,0.0,0.0,0.0,0.0,0.0
03:57,,0.0,0.0,0.0,0.0,0.0,0.0
03:58,,0.0,0.0,0.0,0.0,0.0,0.0
03:59,,0.0,0.0,0.0,0.0,0.0,0.0
04:00,,0.0,0.0,0.0,0.0,0.0,0.0
04:01,,0.0,0.0,0.0,0.0,0.0,0.0
04:02,,0.0,0.0,0.0,0.0,0.0,0.0
04:03,,0.0,0.0,0.0,0.0,0.0,0.0
04:04,,0.0,0.0,0.0,0.0,0.0,0.0
04:05,,0.0,0.0,0.0,0.0,0.0,0.0
04:06,,0.0,0.0,0.0,0.0,0.0,0.0
04:07,,0.0,0.0,0.0,0.0,0.0,0.0
04:08,,0.0,0.0,0.0,0.0,0.0,0.0
04:09,,0.0,0.0,0.0,0.0,0.0,0.0
04:10,,0.0,0.0,0.0,0.0,0.0,0.0
04:11,,0.0,0.0,0.0,0.0,0.0,0.0
04:12,,0.0,0.0,0.0,0.0,0.0,0.0
04:13,,0.0,0.0,0.0,0.0,0.0,0.0
04:14,,0.0,0.0,0.0,0.0,0.0,0.0
04:15,,0.0,0.0,0.0,0.0,0.0,0.0
04:16,,0.0,0.0,0.0,0.0,0.0,0.0
04:17,,0.0,0.0,0.0,0.0,0.0,0.0
04:18,,0.0,0.0,0.0,0.0,0.0,0.0
04:19,,0.0,0.0,0.0,0.0,0.0,0.0
04:20,,0.0,0.0,0.0,0.0,0.0,0.0
04:21,,0.0,0.0,0.0,0.0,0.0,0.0
04:22,,0.0,0.0,0.0,0.0,0.0,0.0
04:23,,0.0,0.0,0.0,0.0,0.0,0.0
04:24,,0.0,0.0,0.0,0.0,0.0,0.0
04:25,,0.0,0.0,0.0,0.0,0.0,0.0
04:26,,0.0,0.0,0.0,0.0,0.0,0.0
04:27,,0.0,0.0,0.0,0.0,0.0,0.0
04:28,,0.0,0.0,0.0,0.0,0.0,0.0
04:29,,0.0,0.0,0.0,0.0,0.0,0.0
04:30,,0.0,0.0,0.0,0.0,0.0,0.0
04:31,,0.0,0.0,0.0,0.0,0.0,0.0
04:32,,0.0,0.0,0.0,0.0,0.0,0.0
04:33,,0.0,0.0,0.0,0.0,0.0,0.0
04:34,,0.0,0.0,0.0,0.0,0.0,0.0
04:35,,0.0,0.0,0.0,0.0,0.0,0.0
04:36,,0.0,0.0,0.0,0.0,0.0,0.0
04:37,,0.0,0.0,0.0,0.0,0.0,0.0
04:38,,0.0,0.0,0.0,0.0,0.0,0.0
04:39,,0.0,0.0,0.0,0.0,0.0,0.0
04:40,,0.0,0.0,0.0,0.0,0.0,0.0
04:41,,0.0,0.0,0.0,0.0,0.0,0.0
04:42,,0.0,0.0,0.0,0.0,0.0,0.0
04:43,,0.0,0.0,0.0,0.0,0.0,0.0
04:44,,0.0,0.0,0.0,0.0,0.0,0.0
04:45,,0.0,0.0,0.0,0.0,0.0,0.0
04:46,,0.0,0.0,0.0,0.0,0.0,0.0
04:47,,0.0,0.0,0.0,0.0,0.0,0.0
04:48,,0.0,0.0,0.0,0.0,0.0,0.0
04:49,,0.0,0.0,0.0,0.0,0.0,0.0
04:50,,0.0,0.0,0.0,0.0,0.0,0.0
04:51,,0.0,0.0,0.0,0.0,0.0,0.0
04:52,,0.0,0.0,0.0,0.0,0.0,0.0
04:53,,0.0,0.0,0.0,0.0,0.0,0.0
04:54,,0.0,0.0,0.0,0.0,0.0,0.0
04:55,,0.0,0.0,0.0,0.0,0.0,0.0
04:56,,0.0,0.0,0.0,0.0,0.0,0.0
04:57,,0.0,0.0,0.0,0.0,0.0,0.0
04:58,,0.0,0.0,0.0,0.0,0.0,0.0
04:59,,0.0,0.0,0.0,0.0,0.0,0.0
05:00,,0.0,0.0,0.0,0.0,0.0,0.0
05:01,,0.0,0.0,0.0,0.0,0.0,0.0
05:02,,0.0,0.0,0.0,0.0,0.0,0.0
05:03,,0.0,0.0,0.0,0.0,0.0,0.0
05:04,,0.0,0.0,0.0,0.0,0.0,0.0
05:05,,0.0,0.0,0.0,0.0,0.0,0.0
05:06,,0.0,0.0,0.0,0.0,0.0,0.0
05:07,,0.0,0.0,0.0,0.0,0.0,0.0
05:08,,0.0,0.0,0.0,0.0,0.0,0.0
05:09,,0.0,0.0,0.0,0.0,0.0,0.0
05:10,,0.0,0.0,0.0,0.0,0.0,0.0
05:11,,0.0,0.0,0.0,0.0,0.0,0.0
05:12,,0.0,0.0,0.0,0.0,0.0,0.0
05:13,,0.0,0.0,0.0,0.0,0.0,0.0
05:14,,0.0,0.0,0.0,0.0,0.0,0.0
05:15,,0.0,0.0,0.0,0.0,0.0,0.0
05:16,,0.0,0.0,0.0,0.0,0.0,0.0
05:17,,0.0,0.0,0.0,0.0,0.0,0.0
05:18,,0.0,0.0,0.0,0.0,0.0,0.0
05:19,,0.0,0.0,0.0,0.0,0.0,0.0
05:20,,0.0,0.0,0.0,0.0,0.0,0.0
05:21,,0.0,0.0,0.0,0.0,0.0,0.0
05:22,,0.0,0.0,0.0,0.0,0.0,0.0
05:23,,0.0,0.0,0.0,0.0,0.0,0.0
05:24,,0.0,0.0,0.0,0.0,0.0,0.0
05:25,,0.0,0.0,0.0,0.0,0.0,0.0
05:26,,0.0,0.0,0.0,0.0,0.0,0.0
05:27,,0.0,0.0,0.0,0.0,0.0,0.0
05:28,,0.0,0.0,0.0,0.0,0.0,0.0
05:29,,0.0,0.0,0.0,0.0,0.0,0.0
05:30,,0.0,0.0,0.0,0.0,0.0,0.0
05:31,,0.0,0.0,0.0,0.0,0.0,0.0
05:32,,0.0,0.0,0.0,0.0,0.0,0.0
05:33,,0.0,0.0,0.0,0.0,0.0,0.0
05:34,,0.0,0.0,0.0,0.0,0.0,0.0
05:35,,0.0,0.0,0.0,0.0,0.0,0.0
05:36,,0.0,0.0,0.0,0.0,0.0,0.0
05:37,,0.0,0.0,0.0,0.0,0.0,0.0
05:38,,0.0,0.0,0.0,0.0,0.0,0.0
05:39,,0.0,0.0,0.0,0.0,0.0,0.0
05:40,,0.0,0.0,0.0,0.0,0.0,0.0
05:41,,0.0,0.0,0.0,0.0,0.0,0.0
05:42,,0.0,0.0,0.0,0.0,0.0,0.0
05:43,,0.0,0.0,0.0,0.0,0.0,0.0
05:44,,0.0,0.0,0.0,0.0,0.0,0.0
05:45,,0.0,0.0,0.0,0.0,0.0,0.0
05:46,,0.0,0.0,0.0,0.0,0.0,0.0
05:47,,0.0,0.0,0.0,0.0,0.0,0.0
05:48,,0.0,0.0,0.0,0.0,0.0,0.0
05:49,,0.0,0.0,0.0,0.0,0.0,0.0
05:50,,0.0,0.0,0.0,0.0,0.0,0.0
05:51,,0.0,0.0,0.0,0.0,0.0,0.0
05:52,,0.0,0.0,0.0,0.0,0.0,0.0
05:53,,0.0,0.0,0.0,0.0,0.0,0.0
05:54,,0.0,0.0,0.0,0.0,0.0,0.0
05:55,,0.0,0.0,0.0,0.0,0.0,0.0
05:56,,0.0,0.0,0.0,0.0,0.0,0.0
05:57,,0.0,0.0,0.0,0.0,0.0,0.0
05:58,,0.0,0.0,0.0,0.0,0.0,0.0
05:59,,0.0,0.0,0.0,0.0,0.0,0.0
06:00,,0.0,0.0,0.0,0.0,0.0,0.0
06:01,,0.0,0.0,0.0,0.0,0.0,0.0
06:02,,0.0,0.0,0.0,0.0,0.0,0.0
06:03,,0.0,0.0,0.0,0.0,0.0,0.0
06:04,,0.0,0.0,0.0,0.0,0.0,0.0
06:05,,0.0,0.0,0.0,0.0,0.0,0.0
06:06,,0.0,0.0,0.0,0.0,0.0,0.0
06:07,,0.0,0.0,0.0,0.0,0.0,0.0
06:08,,0.0,0.0,0.0,0.0,0.0,0.0
06:09,,0.0,0.0,0.0,0.0,0.0,0.0
06:10,,0.0,0.0,0.0,0.0,0.0,0.0
06:11,,0.0,0.0,0.0,0.0,0.0,0.0
06:12,,0.0,0.0,0.0,0.0,0.0,0.0
06:13,,0.0,0.0,0.0,0.0,0.0,0.0
06:14,,0.0,0.0,0.0,0.0,0.0,0.0
06:15,,0.0,0.0,0.0,0.0,0.0,0.0
06:16,,0.0,0.0,0.0,0.0,0.0,0.0
06:17,,0.0,0.0,0.0,0.0,0.0,0.0
06:18,,0.0,0.0,0.0,0.0,0.0,0.0
06:19,,0.0,0.0,0.0,0.0,0.0,0.0
06:20,,0.0,0.0,0.0,0.0,0.0,0.0
06:21,,0.0,0.0,0.0,0.0,0.0,0.0
06:22,,0.0,-0.11,0.0,0.0,0.0,0.0
06:23,,0.0,0.0,0.0,0.0,0.0,0.0
06:24,,0.0,0.0,0.0,0.0,0.0,0.0
06:25,,0.0,0.0,0.0,0.0,0.0,0.0
06:26,,0.0,0.0,0.0,0.0,0.0,0.0
06:27,,0.0,0.0,0.0,0.0,-0.19,0.0
06:28,,0.0,0.0,0.0,0.0,0.0,-0.19
06:29,,0.0,0.0,0.0,0.0,0.0,0.0
06:30,,0.0,0.0,0.0,0.0,0.0,0.0
06:31,,0.0,0.0,0.0,0.0,0.0,0.0
06:32,,0.0,0.0,0.0,0.0,0.0,0.0
06:33,,0.0,0.0,0.0,-0.07,0.0,0.0
06:34,,0.0,0.0,0.0,0.0,0.0,0.0
06:35,,0.0,0.0,0.0,0.0,0.0,0.0
06:36,,0.0,0.0,0.0,0.0,0.0,0.0
06:37,,0.0,0.0,0.0,0.0,0.0,0.0
06:38,,0.0,0.0,0.0,0.0,0.0,0.0
06:39,,0.0,0.0,0.0,0.0,0.0,0.0
06:40,,0.0,0.0,0.0,0.0,0.0,0.0
06:41,,0.0,0.0,0.0,0.0,0.0,0.0
06:42,,0.0,0.0,0.0,0.0,0.0,0.0
06:43,,0.0,0.0,0.0,0.0,0.0,0.0
06:44,,0.0,0.0,0.0,0.0,0.0,0.0
06:45,,0.0,0.0,0.0,0.0,0.0,0.0
06:46,,0.0,0.0,0.0,0.0,0.0,0.0
06:47,,0.0,0.0,0.0,0.0,0.0,0.0
06:48,,0.0,0.0,0.0,0.0,0.0,0.0
06:49,,0.0,0.0,0.0,0.0,0.0,0.03
06:50,,0.0,0.0,-0.07,0.0,0.0,0.03
06:51,,0.0,0.0,0.0,0.0,0.0,0.03
06:52,,0.0,0.0,0.0,0.0,0.0,0.0
06:53,,0.0,-0.03,0.0,0.0,0.0,0.03
06:54,,0.0,0.0,0.0,0.0,0.0,0.03
06:55,,0.0,0.0,0.0,0.0,0.0,0.03
06:56,,0.0,0.0,0.0,0.0,0.0,0.03
06:57,,0.0,0.0,0.0,0.0,0.0,0.03
06:58,,0.0,0.0,0.0,0.0,0.0,0.03
06:59,,0.0,0.0,0.0,0.0,0.0,0.03
07:00,,0.0,0.0,0.0,0.0,0.0,0.03
07:01,,0.0,0.0,0.0,0.0,0.0,0.0
07:02,,0.0,0.0,0.03,0.0,0.0,0.03
07:03,,0.0,0.0,0.0,0.0,0.0,0.03
07:04,,0.0,0.0,0.0,0.0,0.0,0.03
07:05,,0.0,0.0,0.0,0.0,0.0,0.03
07:06,,0.0,0.0,0.0,0.0,0.0,0.01
07:07,,0.0,0.0,0.0,0.0,0.0,0.0
07:08,,0.0,0.0,0.0,0.0,0.0,0.03
07:09,,0.0,0.0,0.0,0.0,0.0,0.0
07:10,,0.0,0.0,0.0,0.03,0.0,0.03
07:11,,0.0,0.0,0.0,0.0,0.0,0.03
07:12,,0.0,0.0,0.0,0.03,0.0,0.03
07:13,,0.0,0.0,0.0,0.03,0.0,0.03
07:14,,0.0,0.0,0.0,0.07,0.03,0.03
07:15,,0.0,0.0,0.0,0.03,0.03,0.03
07:16,,0.0,0.0,0.0,0.07,0.0,0.03
07:17,,0.0,0.0,0.0,0.0,0.03,0.03
07:18,,0.0,0.0,0.0,0.03,0.03,0.03
07:19,,0.0,0.0,0.0,0.03,0.0,0.03
07:20,,0.0,0.0,0.0,0.0,0.01,0.03
07:21,,0.0,0.03,0.0,0.03,0.03,0.03
07:22,,0.0,0.03,0.0,0.0,0.03,0.03
07:23,,0.0,0.0,0.0,0.0,0.0,0.07
07:24,,0.0,0.0,0.0,0.0,0.0,0.03
07:25,,0.0,0.03,0.0,0.0,0.03,0.03
07:26,,0.0,0.0,0.03,0.0,0.03,0.03
07:27,,0.0,0.0,0.03,0.0,0.03,0.03
07:28,,0.0,0.01,0.0,0.0,0.07,0.03
07:29,,0.0,0.0,0.03,0.0,0.07,0.03
07:30,,0.0,0.0,0.03,0.0,0.03,0.0
07:31,,0.0,0.03,0.03,0.0,0.07,0.03
07:32,,0.0,0.0,0.0,0.0,0.03,0.03
07:33,,0.0,0.0,0.03,0.0,0.01,0.03
07:34,,0.0,0.0,0.0,0.0,0.03,0.03
07:35,,0.0,0.0,0.07,0.0,0.0,0.03
07:36,,0.0,0.03,0.0,0.0,0.03,0.03
07:37,,0.0,0.03,0.03,0.0,0.0,0.03
07:38,,0.0,0.07,0.03,0.0,0.0,0.03
07:39,,0.0,0.03,0.0,0.0,0.03,0.03
07:40,,0.0,0.07,0.0,0.0,0.03,0.03
07:41,,0.0,0.0,0.0,0.0,0.0,0.07
07:42,,0.0,0.07,0.0,0.0,0.0,0.03
07:43,,0.0,0.0,0.01,0.0,0.0,0.03
07:44,,0.0,0.03,0.0,0.0,0.0,0.03
07:45,,0.0,0.03,0.0,0.01,0.0,0.07
07:46,,0.0,0.0,0.0,0.03,0.0,0.03
07:47,,0.0,0.0,0.0,0.03,0.03,0.03
07:48,,0.0,0.0,0.0,0.03,0.0,0.03
07:49,,0.0,0.03,0.03,0.0,0.03,0.07
07:50,,0.0,0.03,0.0,0.0,0.03,0.03
07:51,,0.0,0.03,0.01,0.0,0.03,0.07
07:52,,0.0,0.03,0.03,0.0,0.0,0.07
07:53,,0.0,0.07,0.03,0.0,0.03,0.07
07:54,,0.0,0.03,0.03,0.0,0.0,0.03
07:55,,0.0,0.0,0.03,0.0,0.0,0.07
07:56,,0.0,0.03,0.03,0.01,0.03,0.03
07:57,,0.0,0.03,0.01,0.0,0.03,0.07
07:58,,0.0,0.03,0.03,0.03,0.03,0.07
07:59,,0.0,0.03,0.03,0.03,0.03,0.03
08:00,,0.0,0.0,0.03,0.0,0.03,0.07
08:01,,0.0,0.03,0.03,0.0,0.03,0.03
08:02,,0.0,0.03,0.0,0.01,0.07,0.03
08:03,,0.0,0.0,0.0,0.03,0.03,0.03
08:04,,0.0,0.0,0.03,0.03,0.03,0.07
08:05,,0.0,0.0,0.03,0.03,0.03,0.07
08:06,,0.0,0.03,0.03,0.0,0.05,0.03
08:07,,0.0,0.0,0.03,0.03,0.03,0.07
08:08,,0.0,0.0,0.03,0.0,0.0,0.03
08:09,,0.0,0.03,0.03,0.0,0.0,0.07
08:10,,0.0,0.03,0.03,0.03,0.03,0.03
08:11,,0.0,0.0,0.07,0.03,0.03,0.03
08:12,,0.0,0.0,0.03,0.0,0.0,0.03
08:13,,0.0,0.0,0.07,0.0,0.0,0.03
08:14,,0.0,0.03,0.03,0.01,0.0,0.07
08:15,,0.0,0.0,0.03,0.0,0.03,0.05
08:16,,0.0,0.0,0.05,0.03,0.03,0.03
08:17,,0.0,0.0,0.03,0.0,0.0,0.03
08:18,,0.0,0.0,0.07,0.03,0.03,0.03
08:19,,0.0,0.03,0.07,0.03,0.03,0.07
08:20,,0.0,0.03,0.03,0.0,0.03,0.11
08:21,,0.0,0.03,0.03,0.03,0.0,0.11
08:22,,0.0,0.03,0.03,0.03,0.0,0.07
08:23,,0.0,0.03,0.07,0.07,0.03,0.07
08:24,,0.0,0.0,0.03,0.03,0.03,0.11
08:25,,0.0,0.03,0.03,0.07,0.0,0.07
08:26,,0.0,0.03,0.07,0.07,0.03,0.07
08:27,,0.0,0.03,0.07,0.03,0.03,0.07
08:28,,0.0,0.03,0.03,0.07,0.03,0.07
08:29,,0.0,0.03,0.0,0.03,0.03,0.07
08:30,,0.0,0.03,0.0,0.03,0.07,0.07
08:31,,0.0,0.03,0.0,0.03,0.11,0.03
08:32,,0.0,0.07,0.03,0.03,0.15,0.03
08:33,,0.0,0.07,0.0,0.03,0.27,0.03
08:34,,0.0,0.03,0.03,0.03,0.19,0.07
08:35,,0.0,0.07,0.0,0.03,0.11,0.03
08:36,,0.0,0.03,0.03,0.03,0.27,0.07
08:37,,0.0,0.03,0.03,0.03,0.15,0.07
08:38,,0.0,0.03,0.07,0.07,0.11,0.07
08:39,,0.0,0.03,0.07,0.07,0.11,0.11
08:40,,0.0,0.03,0.03,0.31,0.11,0.07
08:41,,0.0,0.03,0.03,0.23,0.07,0.11
08:42,,0.0,0.03,0.03,0.11,0.11,0.07
08:43,,0.0,0.03,0.07,0.07,0.07,0.07
08:44,,0.0,0.03,0.03,0.07,0.07,0.03
08:45,,0.0,0.07,0.03,0.07,0.07,0.07
08:46,,0.0,0.07,0.03,0.07,0.07,0.03
08:47,,0.0,0.11,0.03,0.07,0.03,0.07
08:48,,0.0,0.07,0.0,0.07,0.07,0.07
08:49,,0.0,0.11,0.03,0.07,0.07,0.07
08:50,,0.0,0.15,0.03,0.07,0.07,0.11
08:51,,0.0,0.11,0.03,0.07,0.07,0.11
08:52,,0.0,0.11,0.03,0.03,0.07,0.11
08:53,,0.0,0.11,0.03,0.03,0.11,0.15
08:54,,0.0,0.11,0.03,0.11,0.15,0.15
08:55,,0.0,0.11,0.03,0.07,0.19,0.11
08:56,,0.0,0.11,0.03,0.07,0.39,0.15
08:57,,0.0,0.07,0.03,0.03,0.39,0.15
08:58,,0.0,0.07,0.01,0.03,0.39,0.07
08:59,,0.0,0.07,0.03,0.03,0.43,0.11
09:00,,0.0,0.03,0.03,0.03,0.39,0.11
09:01,,0.0,0.07,0.03,0.07,0.15,0.11
09:02,,0.0,0.07,0.0,0.03,0.47,0.07
09:03,,0.0,0.07,0.0,0.03,0.47,0.11
09:04,,0.0,0.11,0.0,0.03,0.47,0.11
09:05,,0.0,0.11,0.03,0.03,0.51,0.15
09:06,,0.0,0.11,0.03,0.03,0.19,0.15
09:07,,0.0,0.07,0.0,0.03,0.19,0.19
09:08,,0.0,0.11,0.0,0.07,0.51,0.23
09:09,,0.0,0.03,0.0,0.03,0.45,0.19
09:10,,0.0,0.03,0.03,0.03,0.15,0.19
09:11,,0.0,0.07,0.03,0.03,0.11,0.15
09:12,,0.0,0.03,0.03,0.03,0.11,0.15
09:13,,0.0,0.03,0.03,0.03,0.23,0.15
09:14,,0.0,0.07,0.03,0.03,0.19,0.27
09:15,,0.0,0.0,0.03,0.03,0.15,0.27
09:16,,0.0,0.03,0.07,0.07,0.31,0.15
09:17,,0.0,0.03,0.03,0.07,0.11,0.19
09:18,,0.0,0.07,0.03,0.03,0.11,0.11
09:19,,0.0,0.15,0.03,0.03,0.47,0.15
09:20,,0.0,0.15,0.07,0.03,0.43,0.15
09:21,,0.0,0.15,0.03,0.07,0.43,0.11
09:22,,0.0,0.11,0.07,0.03,0.43,0.11
09:23,,0.0,0.15,0.03,0.03,0.43,0.23
09:24,,0.0,0.39,0.03,0.0,0.43,0.27
09:25,,0.0,0.23,0.03,0.03,0.43,0.31
09:26,,0.0,0.15,0.03,0.03,0.43,0.19
09:27,,0.0,0.19,0.0,0.03,0.43,0.15
09:28,,0.0,0.27,0.03,0.03,0.39,0.15
09:29,,0.0,0.19,0.0,0.03,0.43,0.23
09:30,,0.0,0.15,0.0,0.03,0.43,0.35
09:31,,0.0,0.15,0.03,0.01,0.39,0.47
09:32,,0.0,0.15,0.0,0.03,0.35,0.39
09:33,,0.0,0.31,0.0,0.07,0.39,0.31
09:34,,0.0,0.35,0.0,0.0,0.35,0.27
09:35,,0.0,0.35,0.03,0.03,0.35,0.23
09:36,,0.0,0.23,0.03,0.0,0.35,0.19
09:37,,0.0,0.27,0.0,0.03,0.35,0.19
09:38,,0.0,0.15,0.03,0.03,0.31,0.15
09:39,,0.0,0.15,0.03,0.03,0.35,0.15
09:40,,0.0,0.11,0.0,0.03,0.31,0.19
09:41,,0.0,0.07,0.0,0.03,0.35,0.19
09:42,,0.0,0.11,0.03,0.03,0.39,0.15
09:43,,0.0,0.07,0.0,0.03,0.31,0.27
09:44,,0.0,0.11,0.0,0.0,0.23,0.23
09:45,,0.0,0.07,0.0,0.03,0.31,0.27
09:46,,0.0,0.07,0.0,0.0,0.35,0.23
09:47,,0.0,0.03,0.0,0.0,0.35,0.23
09:48,,0.0,0.03,0.03,0.0,0.35,0.27
09:49,,0.0,0.07,0.03,0.0,0.31,0.19
09:50,,0.0,0.03,0.0,0.0,0.35,0.15
09:51,,0.0,0.03,0.03,0.0,0.31,0.15
09:52,,0.0,0.03,0.0,0.0,0.35,0.21
09:53,,0.0,0.03,0.03,0.0,0.35,0.27
09:54,,0.0,0.03,0.03,0.0,0.33,0.27
09:55,,0.0,0.03,0.0,0.0,0.35,0.31
09:56,,0.0,0.03,0.0,0.0,0.35,0.23
09:57,,0.0,0.07,0.0,0.0,0.31,0.19
09:58,,0.0,0.03,0.0,0.0,0.31,0.19
09:59,,0.0,0.03,0.03,0.03,0.31,0.15
10:00,,0.0,0.03,0.03,0.03,0.31,0.15
10:01,,0.0,0.03,0.07,0.03,0.31,0.15
10:02,,0.0,0.03,0.03,0.0,0.31,0.11
10:03,,0.0,0.0,0.07,0.03,0.35,0.11
10:04,,0.0,0.0,0.07,0.03,0.35,0.15
10:05,,0.0,0.03,0.03,0.03,0.35,0.11
10:06,,0.0,0.0,0.03,0.03,0.35,0.15
10:07,,0.0,0.0,0.03,0.03,0.35,0.23
10:08,,0.0,0.0,0.0,0.01,0.35,0.19
10:09,,0.0,0.03,0.03,0.03,0.31,0.15
10:10,,0.0,0.03,0.0,0.03,0.35,0.15
10:11,,0.0,0.07,0.03,0.03,0.35,0.15
10:12,,0.0,0.03,0.0,0.03,0.35,0.19
10:13,,0.0,0.07,0.03,0.03,0.35,0.19
10:14,,0.0,0.03,0.03,0.03,0.31,0.15
10:15,,0.0,0.03,0.0,0.0,0.31,0.15
10:16,,0.0,0.0,0.03,0.03,0.31,0.15
10:17,0.0,0.0,0.03,0.03,0.03,0.31,0.19
10:18,0.0,0.0,0.03,0.0,0.07,0.35,0.15
10:19,0.0,0.0,0.01,0.03,0.0,0.35,0.15
10:20,0.0,0.0,0.0,0.03,0.0,0.35,0.19
10:21,0.0,0.0,0.0,0.0,0.03,0.35,0.19
10:22,0.0,0.0,0.0,0.03,0.03,0.35,0.23
10:23,0.0,0.0,0.03,0.0,0.0,0.35,0.15
10:24,0.0,0.0,0.01,0.03,0.03,0.39,0.19
10:25,0.0,0.0,0.03,0.0,0.0,0.37,0.19
10:26,0.0,0.0,0.07,0.0,0.03,0.39,0.11
10:27,0.0,0.0,0.03,0.0,0.03,0.35,0.11
10:28,0.0,0.0,0.07,0.0,0.0,0.35,0.11
10:29,0.0,0.0,0.07,0.03,0.0,0.35,0.11
10:30,0.0,0.0,0.19,0.0,0.03,0.43,0.11
10:31,0.0,0.0,0.23,0.0,0.03,0.39,0.19
10:32,0.0,0.0,0.23,0.0,0.03,0.43,0.15
10:33,0.0,0.0,0.39,0.03,0.03,0.47,0.15
10:34,,0.0,0.42,0.03,0.03,0.47,0.23
10:35,,0.0,0.27,0.03,0.0,0.31,0.27
10:36,0.0,0.0,0.31,0.03,0.0,0.31,0.35
10:37,0.0,0.0,0.46,0.0,0.0,0.19,0.15
10:38,0.0,0.0,0.15,0.03,0.0,0.35,0.19
10:39,0.0,0.0,0.07,0.0,0.0,0.35,0.19
10:40,0.0,0.0,0.07,0.0,0.0,0.19,0.19
10:41,0.0,0.0,0.11,0.03,0.03,0.19,0.19
10:42,0.0,0.0,0.07,0.0,0.0,0.54,0.15
10:43,,0.0,0.07,0.0,0.0,0.15,0.15
10:44,0.0,0.0,0.03,0.03,0.0,0.11,0.15
10:45,0.0,0.0,0.07,0.03,0.03,0.11,0.15
10:46,0.0,0.0,0.03,0.03,0.03,0.11,0.11
10:47,0.0,0.0,0.07,0.07,0.03,0.15,0.15
10:48,0.0,0.0,0.03,0.07,0.03,0.15,0.11
10:49,0.0,0.0,0.07,0.07,0.03,0.31,0.11
10:50,0.0,0.0,0.03,0.03,0.0,0.7,
10:51,0.0,0.0,0.03,0.07,0.0,0.19,
10:52,0.0,0.0,0.07,0.07,0.0,0.19,
10:53,,0.0,0.07,0.03,0.03,0.19,
10:54,,0.0,0.07,0.03,0.0,0.31,
10:55,,0.0,0.07,0.03,0.0,0.15,
10:56,,0.0,0.03,0.03,0.0,0.23,
10:57,,0.0,0.03,0.0,0.0,0.19,
10:58,0.0,0.0,0.07,0.03,0.0,0.15,
10:59,0.0,0.0,0.03,0.03,0.0,0.23,
11:00,0.0,0.0,0.03,0.03,0.03,0.35,
11:01,0.0,0.0,0.07,0.0,0.0,0.19,
11:02,0.0,0.0,0.03,0.0,0.0,0.39,
11:03,0.0,0.0,0.03,0.03,0.0,0.7,
11:04,0.0,0.0,0.03,0.03,0.0,0.62,
11:05,0.0,0.0,0.03,0.0,0.0,0.19,
11:06,0.0,0.0,0.07,0.03,0.0,0.39,
11:07,0.0,0.0,0.03,0.07,-0.03,0.47,
11:08,0.0,0.0,0.07,0.03,-0.03,0.39,
11:09,0.0,0.0,0.03,0.03,0.0,0.43,
11:10,0.0,0.0,0.07,0.03,0.0,0.39,
11:11,0.0,0.0,0.03,0.03,0.0,0.35,
11:12,0.0,0.0,0.03,0.03,0.0,0.31,
11:13,0.0,0.0,0.07,0.03,0.0,0.31,
11:14,0.0,0.0,0.13,0.03,0.0,0.31,
11:15,0.0,0.0,0.11,0.03,-0.01,0.31,
11:16,0.0,0.0,0.03,0.07,0.0,0.31,
11:17,0.0,0.0,0.07,0.07,0.0,0.31,
11:18,0.0,0.0,0.07,0.03,0.0,0.27,
11:19,0.0,0.0,0.07,0.07,0.0,0.35,
11:20,0.0,0.0,0.07,0.07,0.0,0.31,
11:21,0.0,0.0,0.11,0.07,0.0,0.31,
11:22,0.0,0.0,0.11,0.07,0.0,0.31,
11:23,0.0,0.0,0.11,0.11,0.0,0.31,
11:24,0.0,0.0,0.11,0.07,0.0,0.35,
11:25,0.0,0.0,0.07,0.07,0.0,0.31,
11:26,0.0,0.0,0.11,0.07,0.0,0.31,
11:27,0.0,0.0,0.11,0.11,0.0,0.35,
11:28,0.0,0.0,0.11,0.05,0.0,0.35,
11:29,0.0,0.0,0.15,0.07,0.0,0.31,
11:30,0.0,0.0,0.15,0.07,0.0,0.31,
11:31,0.0,0.0,0.19,0.07,0.03,0.39,
11:32,0.0,0.0,0.31,0.07,0.0,0.35,
11:33,0.0,0.0,0.34,0.07,0.03,0.39,
11:34,0.0,0.0,0.15,0.07,0.0,0.35,
11:35,0.0,0.0,0.34,0.07,0.0,0.35,
11:36,0.0,0.0,0.11,0.07,0.03,0.35,
11:37,0.0,0.0,0.11,0.07,0.03,0.35,
11:38,0.0,0.0,0.15,0.11,0.0,0.35,
11:39,0.0,0.0,0.19,0.66,0.03,0.35,
11:40,0.0,0.0,0.23,0.31,0.0,0.35,
11:41,0.0,0.0,0.11,0.15,0.03,0.35,
11:42,0.0,0.0,0.19,0.58,0.0,0.35,
11:43,0.0,0.0,0.15,0.47,0.0,0.35,
11:44,0.0,0.0,0.07,0.43,0.0,0.35,
11:45,0.0,0.0,0.15,0.43,0.0,0.35,
11:46,0.0,0.0,0.11,0.39,0.0,0.35,
11:47,0.0,0.0,0.15,0.43,0.0,0.35,
11:48,0.0,0.0,0.15,0.46,0.0,0.35,
11:49,0.0,0.0,0.15,0.43,0.0,0.35,
11:50,0.0,0.0,0.23,0.43,0.0,0.39,
11:51,0.0,0.0,0.19,0.39,0.0,0.35,
11:52,0.0,0.0,0.27,0.39,0.0,0.35,
11:53,0.0,0.0,0.27,0.39,0.0,0.35,
11:54,0.0,0.0,0.23,0.33,0.0,0.31,
11:55,0.0,0.0,0.38,0.39,0.03,0.35,
11:56,0.0,0.0,0.42,0.43,0.0,0.35,
11:57,0.0,0.0,0.38,0.43,0.0,0.35,
11:58,0.0,0.0,0.38,0.35,0.0,0.31,
11:59,0.0,0.0,0.38,0.37,0.0,0.35,
12:00,0.0,0.0,0.34,0.39,0.0,0.31,
12:01,0.0,0.0,0.3,0.39,0.0,0.35,
12:02,0.0,0.0,0.34,0.39,0.0,0.31,
12:03,0.0,0.0,0.34,0.43,0.03,0.31,
12:04,0.0,0.0,0.34,0.39,0.0,0.35,
12:05,0.0,0.0,0.23,0.35,0.0,0.35,
12:06,0.0,0.0,0.34,0.39,0.0,0.35,
12:07,0.0,0.0,0.15,0.42,0.0,0.35,
12:08,0.0,0.0,0.34,0.46,0.0,0.35,
12:09,0.0,0.0,0.3,0.5,0.03,0.31,
12:10,0.0,0.0,0.3,0.15,0.0,0.31,
12:11,0.0,0.0,0.34,0.42,0.07,0.31,
12:12,0.0,0.0,0.34,0.42,0.03,0.35,
12:13,0.0,0.0,0.34,0.35,0.03,0.35,
12:14,0.0,0.0,0.38,0.35,0.03,0.34,
12:15,0.0,0.0,0.27,0.5,0.03,0.35,
12:16,0.0,0.0,0.34,0.42,0.03,0.34,
12:17,0.0,0.0,0.34,0.19,0.03,0.34,
12:18,0.0,0.0,0.27,0.27,0.01,0.31,
12:19,0.0,0.0,0.27,0.19,0.03,0.31,
12:20,0.0,0.0,0.3,0.19,0.0,0.31,
12:21,0.0,0.0,0.3,0.27,0.03,0.31,
12:22,0.0,0.0,0.3,0.23,0.03,0.31,
12:23,0.0,0.0,0.34,0.39,0.0,0.31,
12:24,0.0,0.0,0.3,0.39,0.03,0.32,
12:25,0.0,0.0,0.26,0.27,0.03,0.31,
12:26,0.0,0.0,0.23,0.27,0.03,0.31,
12:27,0.0,0.0,0.23,0.15,0.03,0.31,
12:28,0.0,0.0,0.23,0.23,0.07,0.31,
12:29,0.0,0.0,0.23,0.15,0.03,0.31,
12:30,0.0,0.0,0.23,0.19,0.03,0.31,
12:31,0.0,0.0,0.23,0.23,0.07,0.31,
12:32,0.0,0.0,0.26,0.19,0.0,0.31,
12:33,0.0,0.0,0.26,0.19,0.03,0.34,
12:34,0.0,0.0,0.26,0.07,0.03,0.34,
12:35,0.0,0.0,0.26,0.07,0.03,0.31,
12:36,0.0,0.0,0.34,0.03,0.03,0.31,
12:37,0.0,0.0,0.26,0.03,0.03,0.34,
12:38,0.0,0.0,0.26,0.07,0.03,0.3,
12:39,0.0,0.0,0.26,0.03,0.0,0.3,
12:40,0.0,0.0,0.26,0.07,0.03,0.3,
12:41,0.0,0.0,0.26,0.03,0.01,0.34,
12:42,0.0,0.0,0.26,0.03,0.03,0.34,
12:43,0.0,0.0,0.23,0.03,0.0,0.34,
12:44,0.0,0.0,0.15,0.03,0.03,0.38,
12:45,0.0,0.0,0.19,0.03,0.03,0.03,
12:46,0.0,0.0,0.07,0.03,0.0,0.03,
12:47,0.0,0.0,0.07,0.03,0.0,0.07,
12:48,0.0,0.0,0.4,0.03,0.0,0.03,
12:49,0.0,0.0,0.07,0.03,0.0,0.03,
12:50,0.0,0.0,0.23,0.0,0.0,0.03,
12:51,0.0,0.0,0.07,0.03,0.0,0.03,
12:52,0.0,0.0,0.11,0.03,0.0,0.03,
12:53,0.0,0.0,0.11,0.03,0.0,0.07,
12:54,0.0,0.0,0.07,0.03,0.0,0.38,
12:55,0.0,0.0,0.11,0.0,0.0,0.46,
12:56,0.0,0.0,0.11,0.0,0.0,0.38,
12:57,0.0,0.0,0.23,0.0,0.0,0.07,
12:58,0.0,0.0,0.23,0.03,0.0,0.15,
12:59,0.0,0.0,0.19,0.03,0.0,0.07,
13:00,0.0,0.0,0.15,0.03,0.0,0.03,
13:01,0.0,0.0,0.19,0.03,0.0,0.03,
13:02,0.0,0.0,0.23,0.0,0.0,0.03,
13:03,0.0,0.0,0.3,0.0,0.0,0.03,
13:04,0.0,0.0,0.26,0.0,0.0,0.48,
13:05,0.0,0.0,0.19,0.03,0.0,0.07,
13:06,0.0,0.0,0.19,0.03,0.0,0.03,
13:07,0.0,0.0,0.19,0.0,0.0,0.07,
13:08,0.0,0.0,0.26,0.0,0.0,0.03,
13:09,0.0,0.0,0.22,0.0,0.0,0.07,
13:10,0.0,0.0,0.22,0.03,0.03,0.07,
13:11,0.0,0.0,0.15,0.03,0.01,0.03,
13:12,0.0,0.0,0.19,0.07,0.0,0.07,
13:13,0.0,0.0,0.22,0.07,0.0,0.07,
13:14,0.0,0.0,0.0,0.03,0.03,0.03,
13:15,0.0,0.0,0.0,0.03,0.03,0.11,
13:16,0.0,0.0,0.0,0.03,0.0,0.03,
13:17,0.0,0.0,0.0,0.03,0.03,0.03,
13:18,0.0,0.0,0.0,0.03,0.0,0.07,
13:19,0.0,0.0,0.0,0.07,0.03,0.07,
13:20,0.0,0.0,0.0,0.03,0.03,0.07,
13:21,0.0,0.0,0.0,0.07,0.03,0.07,
13:22,0.0,0.0,0.0,0.03,0.03,0.07,
13:23,0.0,0.0,0.0,0.03,0.0,0.07,
13:24,0.0,0.0,0.0,0.03,0.03,0.05,
13:25,0.0,0.0,0.0,0.03,0.03,0.07,
13:26,0.0,0.0,0.0,0.07,0.0,0.03,
13:27,0.0,0.0,0.0,0.19,0.0,0.03,
13:28,0.0,0.0,0.0,0.15,0.0,0.03,
13:29,0.0,0.0,0.0,0.38,0.03,0.07,
13:30,0.0,0.0,0.0,0.38,0.03,0.23,
13:31,0.0,0.0,0.0,0.07,0.03,0.11,
13:32,0.0,0.0,0.0,0.07,0.03,0.07,
13:33,0.0,0.0,0.0,0.07,0.03,0.07,
13:34,0.0,0.0,0.0,0.07,0.03,0.07,
13:35,0.0,0.0,0.0,0.03,0.03,0.07,
13:36,0.0,0.0,0.0,0.07,0.0,0.07,
13:37,0.0,0.0,0.0,0.07,0.0,0.07,
13:38,0.0,0.0,0.0,0.07,0.0,0.03,
13:39,0.0,0.0,0.0,0.07,0.0,0.07,
13:40,0.0,0.0,0.0,0.11,0.03,0.07,
13:41,0.0,0.0,0.0,0.11,0.0,0.03,
13:42,0.0,0.0,0.0,0.11,0.03,0.03,
13:43,0.0,0.0,0.0,0.15,0.03,0.0,
13:44,0.0,0.0,0.0,0.15,0.03,0.03,
13:45,0.0,0.0,0.0,0.07,0.03,0.03,
13:46,0.0,0.0,0.0,0.07,0.03,0.03,
13:47,0.0,0.0,0.0,0.07,0.0,0.03,
13:48,0.0,0.0,0.0,0.07,0.0,0.03,
13:49,0.0,0.0,0.0,0.11,0.03,0.03,
13:50,0.0,0.0,0.0,0.07,0.0,0.03,
13:51,0.0,0.0,0.0,0.07,0.0,0.03,
13:52,0.0,0.0,0.0,0.15,0.0,0.03,
13:53,0.0,0.0,0.0,0.34,0.0,0.03,
13:54,0.0,0.0,0.0,0.11,0.0,0.03,
13:55,0.0,0.0,0.0,0.11,0.0,0.03,
13:56,0.0,0.0,0.0,0.15,0.0,0.03,
13:57,0.0,0.0,0.0,0.15,0.0,0.05,
13:58,0.0,0.0,0.0,0.17,0.0,0.03,
13:59,0.0,0.0,0.0,0.23,0.0,0.03,
14:00,0.0,0.0,0.0,0.27,0.0,0.07,
14:01,0.0,0.0,0.0,0.23,0.0,0.07,
14:02,0.0,0.0,0.0,0.23,0.0,0.03,
14:03,0.0,0.0,0.0,0.23,0.0,0.03,
14:04,0.0,0.0,0.0,0.19,0.0,0.03,
14:05,0.0,0.0,0.0,0.23,0.0,0.03,
14:06,0.0,0.0,0.0,0.27,0.0,0.0,
14:07,0.0,0.0,0.0,0.23,0.0,0.03,
14:08,0.0,0.0,0.0,0.15,0.0,0.0,
14:09,0.0,0.0,0.0,0.3,0.0,0.0,
14:10,0.0,0.0,0.0,0.27,0.0,0.0,
14:11,0.0,0.0,0.0,0.27,0.0,0.0,
14:12,0.0,0.0,0.0,0.27,0.0,0.0,
14:13,0.0,0.0,0.0,0.23,-0.03,0.0,
14:14,0.0,0.0,0.0,0.23,-0.03,0.0,
14:15,0.0,0.0,0.0,0.23,-0.03,0.0,
14:16,0.0,0.0,0.0,0.23,-0.03,0.03,
14:17,0.0,0.0,0.0,0.23,0.0,0.03,
14:18,0.0,0.0,0.0,0.23,0.0,0.03,
14:19,0.0,0.0,0.0,0.26,-0.03,0.03,
14:20,0.0,0.0,0.0,0.26,0.0,0.03,
14:21,0.0,0.0,0.0,0.15,-0.03,0.03,
14:22,0.0,0.0,0.0,0.07,-0.03,0.0,
14:23,0.0,0.0,0.0,0.23,0.0,0.03,
14:24,0.0,0.0,0.0,0.23,0.0,0.0,
14:25,0.0,0.0,0.0,0.07,0.0,0.0,
14:26,0.0,0.0,0.0,0.26,0.0,0.0,
14:27,0.0,0.0,0.0,0.15,0.0,0.0,
14:28,0.0,0.0,0.0,0.11,0.0,0.0,
14:29,0.0,0.0,0.0,0.15,0.0,0.0,
14:30,0.0,0.0,0.0,0.11,0.0,0.0,
14:31,0.0,0.0,0.0,0.11,0.0,0.0,
14:32,0.0,0.0,0.0,0.11,0.0,0.0,
14:33,0.0,0.0,0.0,0.07,0.0,0.0,
14:34,0.0,0.0,0.0,0.07,0.0,0.0,
14:35,0.0,0.0,0.0,0.03,0.0,0.0,
14:36,0.0,0.0,0.0,0.03,0.0,0.0,
14:37,0.0,0.0,0.0,0.03,0.0,0.0,
14:38,0.0,0.0,0.0,0.03,-0.15,0.0,
14:39,0.0,0.0,0.0,0.03,0.0,0.0,
14:40,0.0,0.0,0.0,0.03,0.0,0.0,
14:41,0.0,0.0,0.0,0.07,0.0,0.0,
14:42,0.0,0.0,0.0,0.03,0.0,0.0,
14:43,0.0,0.0,0.0,0.03,0.0,0.0,
14:44,0.0,0.0,0.0,0.03,0.0,0.03,
14:45,0.0,0.0,0.0,0.0,0.0,0.03,
14:46,0.0,0.0,0.0,0.03,0.0,0.0,
14:47,0.0,0.0,0.0,0.03,0.0,0.03,
14:48,0.0,0.0,0.0,0.19,0.0,0.03,
14:49,0.0,0.0,0.0,0.03,0.0,0.03,
14:50,0.0,0.0,0.0,0.11,0.0,0.0,
14:51,0.0,0.0,0.0,0.11,0.0,0.03,
14:52,0.0,0.0,0.0,0.11,0.0,0.0,
14:53,0.0,0.0,0.0,0.07,0.0,0.0,
14:54,0.0,0.0,0.0,0.03,0.0,0.01,
14:55,0.0,0.0,0.0,0.03,0.0,0.0,
14:56,0.0,0.0,0.0,0.07,0.0,0.0,
14:57,0.0,0.0,0.0,0.03,0.0,0.0,
14:58,0.0,0.0,0.0,0.03,0.0,0.0,
14:59,0.0,0.0,0.0,0.0,0.0,0.0,
15:00,0.0,0.0,0.0,0.0,0.0,0.0,
15:01,0.0,0.0,0.0,0.0,0.0,0.0,
15:02,0.0,0.0,0.0,0.0,0.0,0.0,
15:03,0.0,0.0,0.0,0.0,0.0,0.0,
15:04,0.0,0.0,0.0,0.03,0.0,0.0,
15:05,0.0,0.0,0.0,0.0,0.0,0.0,
15:06,0.0,0.0,0.0,0.03,0.0,0.0,
15:07,0.0,0.0,0.0,0.07,0.0,0.0,
15:08,0.0,0.0,0.0,0.03,0.0,-0.03,
15:09,0.0,0.0,0.0,0.03,-0.19,-0.03,
15:10,0.0,0.0,0.0,0.07,0.0,-0.03,
15:11,0.0,0.0,0.0,0.03,0.0,-0.19,
15:12,0.0,0.0,0.0,0.0,0.0,0.0,
15:13,0.0,0.0,0.0,0.0,0.0,0.0,
15:14,0.0,0.0,0.0,0.0,0.0,0.0,
15:15,0.0,0.0,0.0,0.0,0.0,0.0,
15:16,0.0,0.0,0.0,0.0,0.0,0.0,
15:17,0.0,0.0,0.0,0.0,0.0,0.0,
15:18,0.0,0.0,0.0,0.0,0.0,0.0,
15:19,0.0,0.0,0.0,0.0,0.0,0.0,
15:20,0.0,0.0,0.0,0.0,0.0,0.0,
15:21,0.0,0.0,0.0,0.0,0.0,0.0,
15:22,0.0,0.0,0.0,0.0,0.0,0.0,
15:23,0.0,0.0,0.0,0.0,0.0,0.0,
15:24,0.0,0.0,0.0,0.0,0.0,0.0,
15:25,0.0,0.0,0.0,0.0,0.0,0.0,
15:26,0.0,0.0,0.0,0.0,0.0,0.0,
15:27,0.0,0.0,0.0,0.0,0.0,0.0,
15:28,0.0,0.0,0.0,0.0,0.0,0.0,
15:29,0.0,0.0,0.0,0.03,0.0,0.0,
15:30,0.0,0.0,0.0,0.03,0.0,0.0,
15:31,0.0,0.0,0.0,0.0,0.0,0.0,
15:32,0.0,0.0,0.0,0.0,0.0,0.0,
15:33,0.0,0.0,0.0,0.01,0.0,0.0,
15:34,0.0,0.0,0.0,0.0,0.0,0.0,
15:35,0.0,0.0,0.0,0.03,0.0,0.0,
15:36,0.0,0.0,0.0,0.03,0.0,0.0,
15:37,0.0,0.0,0.0,0.03,0.0,0.0,
15:38,0.0,0.0,0.0,0.03,0.0,0.0,
15:39,0.0,0.0,0.0,0.03,0.0,0.0,
15:40,0.0,0.0,0.0,0.03,0.0,0.0,
15:41,0.0,0.0,0.0,0.0,0.0,0.0,
15:42,0.0,0.0,0.0,0.03,0.0,0.0,
15:43,0.0,0.0,0.0,0.03,0.0,0.0,
15:44,0.0,0.0,0.0,0.03,0.0,0.0,
15:45,0.0,0.0,0.0,0.0,0.0,0.0,
15:46,0.0,0.0,0.0,0.0,0.0,0.0,
15:47,0.0,0.0,0.0,0.0,0.0,0.0,
15:48,0.0,0.0,0.0,0.0,0.0,0.0,
15:49,0.0,0.0,0.0,0.0,0.0,0.0,
15:50,0.0,0.0,0.0,0.0,0.0,0.0,
15:51,0.0,0.0,0.0,0.0,0.0,0.0,
15:52,0.0,0.0,0.0,0.0,0.0,0.0,
15:53,0.0,0.0,0.0,0.0,0.0,0.0,
15:54,0.0,0.0,0.0,0.0,0.0,0.0,
15:55,0.0,0.0,0.0,-0.15,0.0,0.0,
15:56,0.0,0.0,0.0,0.0,0.0,0.0,
15:57,0.0,0.0,0.0,0.0,0.0,0.0,
15:58,0.0,0.0,0.0,0.0,0.0,0.0,
15:59,0.0,0.0,0.0,0.0,0.0,0.0,
16:00,0.0,0.0,0.0,0.0,0.0,0.0,
16:01,0.0,0.0,0.0,0.0,0.0,0.0,
16:02,0.0,0.0,0.0,0.0,0.0,0.0,
16:03,0.0,0.0,0.0,0.0,0.0,0.0,
16:04,0.0,0.0,0.0,0.0,0.0,0.0,
16:05,0.0,0.0,0.0,0.0,0.0,0.0,
16:06,0.0,0.0,0.0,0.0,0.0,0.0,
16:07,0.0,0.0,0.0,0.0,0.0,0.0,
16:08,0.0,0.0,0.0,0.0,0.0,0.0,
16:09,0.0,0.0,0.0,0.0,0.0,0.0,
16:10,0.0,0.0,0.0,0.0,0.0,0.0,
16:11,0.0,0.0,0.0,0.0,0.0,0.0,
16:12,0.0,0.0,0.0,0.0,0.0,0.0,
16:13,0.0,0.0,0.0,0.0,0.0,0.0,
16:14,0.0,0.0,0.0,0.0,0.0,0.0,
16:15,0.0,0.0,0.0,0.0,0.0,0.0,
16:16,0.0,0.0,0.0,0.0,0.0,0.0,
16:17,0.0,0.0,0.0,0.0,0.0,0.0,
16:18,0.0,0.0,0.0,0.0,0.0,0.0,
16:19,0.0,0.0,0.0,0.0,0.0,0.0,
16:20,0.0,0.0,0.0,0.0,0.0,0.0,
16:21,0.0,0.0,0.0,0.0,0.0,0.0,
16:22,0.0,0.0,0.0,0.0,0.0,0.0,
16:23,0.0,0.0,0.0,0.0,0.0,0.0,
16:24,0.0,0.0,0.0,0.0,0.0,0.0,
16:25,0.0,0.0,0.0,0.0,0.0,0.0,
16:26,0.0,0.0,0.0,0.0,0.0,0.0,
16:27,0.0,0.0,0.0,0.0,0.0,0.0,
16:28,0.0,0.0,0.0,0.0,0.0,0.0,
16:29,0.0,0.0,0.0,0.0,0.0,0.0,
16:30,0.0,0.0,0.0,0.0,0.0,0.0,
16:31,0.0,0.0,0.0,0.0,0.0,0.0,
16:32,0.0,0.0,0.0,0.0,0.0,0.0,
16:33,0.0,0.0,0.0,0.0,0.0,0.0,
16:34,0.0,0.0,0.0,0.0,0.0,0.0,
16:35,0.0,0.0,0.0,0.0,0.0,0.0,
16:36,0.0,0.0,0.0,0.0,0.0,0.0,
16:37,0.0,0.0,0.0,0.0,0.0,0.0,
16:38,0.0,0.0,0.0,0.0,0.0,0.0,
16:39,0.0,0.0,0.0,0.0,0.0,0.0,
16:40,0.0,0.0,0.0,0.0,0.0,0.0,
16:41,0.0,0.0,0.0,0.0,0.0,0.0,
16:42,0.0,0.0,0.0,0.0,0.0,0.0,
16:43,0.0,0.0,0.0,0.0,0.0,0.0,
16:44,0.0,0.0,0.0,0.0,0.0,0.0,
16:45,0.0,0.0,0.0,0.0,0.0,0.0,
16:46,0.0,0.0,0.0,0.0,0.0,0.0,
16:47,0.0,0.0,0.0,0.0,0.0,0.0,
16:48,0.0,0.0,0.0,0.0,0.0,0.0,
16:49,0.0,0.0,0.0,0.0,0.0,0.0,
16:50,0.0,0.0,0.0,0.0,0.0,0.0,
16:51,0.0,0.0,0.0,0.0,0.0,0.0,
16:52,0.0,0.0,0.0,0.0,0.0,0.0,
16:53,0.0,0.0,0.0,0.0,0.0,0.0,
16:54,0.0,0.0,0.0,0.0,0.0,0.0,
16:55,0.0,0.0,0.0,0.0,0.0,0.0,
16:56,0.0,0.0,0.0,0.0,0.0,0.0,
16:57,0.0,0.0,0.0,0.0,0.0,0.0,
16:58,0.0,0.0,0.0,0.0,0.0,0.0,
16:59,0.0,0.0,0.0,0.0,0.0,0.0,
17:00,0.0,0.0,0.0,0.0,0.0,0.0,
17:01,0.0,0.0,0.0,0.0,0.0,0.0,
17:02,0.0,0.0,0.0,0.0,0.0,0.0,
17:03,0.0,0.0,0.0,0.0,0.0,0.0,
17:04,0.0,0.0,0.0,0.0,0.0,0.0,
17:05,0.0,0.0,0.0,0.0,0.0,0.0,
17:06,0.0,0.0,0.0,0.0,0.0,0.0,
17:07,0.0,0.0,0.0,0.0,0.0,0.0,
17:08,0.0,0.0,0.0,0.0,0.0,0.0,
17:09,0.0,0.0,0.0,0.0,0.0,0.0,
17:10,0.0,0.0,0.0,0.0,0.0,0.0,
17:11,0.0,0.0,0.0,0.0,0.0,0.0,
17:12,0.0,0.0,0.0,0.0,0.0,0.0,
17:13,0.0,0.0,0.0,0.0,0.0,0.0,
17:14,0.0,0.0,0.0,0.0,0.0,0.0,
17:15,0.0,0.0,0.0,0.0,0.0,0.0,
17:16,0.0,0.0,0.0,0.0,0.0,0.0,
17:17,0.0,0.0,0.0,0.0,0.0,0.0,
17:18,0.0,0.0,0.0,0.0,0.0,0.0,
17:19,0.0,0.0,0.0,0.0,0.0,0.0,
17:20,0.0,0.0,0.0,0.0,0.0,0.0,
17:21,0.0,0.0,0.0,0.0,0.0,0.0,
17:22,0.0,0.0,0.0,0.0,0.0,0.0,
17:23,0.0,0.0,0.0,0.0,0.0,0.0,
17:24,0.0,0.0,0.0,0.0,0.0,0.0,
17:25,0.0,0.0,0.0,0.0,0.0,0.0,
17:26,0.0,0.0,0.0,0.0,0.0,0.0,
17:27,0.0,0.0,0.0,0.0,0.0,0.0,
17:28,0.0,0.0,0.0,0.0,0.0,0.0,
17:29,0.0,0.0,0.0,0.0,0.0,0.0,
17:30,0.0,0.0,0.0,0.0,0.0,0.0,
17:31,0.0,0.0,0.0,0.0,0.0,0.0,
17:32,0.0,0.0,0.0,0.0,0.0,0.0,
17:33,0.0,0.0,0.0,0.0,0.0,0.0,
17:34,0.0,0.0,0.0,0.0,0.0,0.0,
17:35,0.0,0.0,0.0,0.0,0.0,0.0,
17:36,0.0,0.0,0.0,0.0,0.0,0.0,
17:37,0.0,0.0,0.0,0.0,0.0,0.0,
17:38,0.0,0.0,0.0,0.0,0.0,0.0,
17:39,0.0,0.0,0.0,0.0,0.0,0.0,
17:40,0.0,0.0,0.0,0.0,0.0,0.0,
17:41,0.0,0.0,0.0,0.0,0.0,0.0,
17:42,0.0,0.0,0.0,0.0,0.0,0.0,
17:43,0.0,0.0,0.0,0.0,0.0,0.0,
17:44,0.0,0.0,0.0,0.0,0.0,0.0,
17:45,0.0,0.0,0.0,0.0,0.0,0.0,
17:46,0.0,0.0,0.0,0.0,0.0,0.0,
17:47,0.0,0.0,0.0,0.0,0.0,0.0,
17:48,0.0,0.0,0.0,0.0,0.0,0.0,
17:49,0.0,0.0,0.0,0.0,0.0,0.0,
17:50,0.0,0.0,0.0,0.0,0.0,0.0,
17:51,0.0,0.0,0.0,0.0,0.0,0.0,
17:52,0.0,0.0,0.0,0.0,0.0,0.0,
17:53,0.0,0.0,0.0,0.0,0.0,0.0,
17:54,0.0,0.0,0.0,0.0,0.0,0.0,
17:55,0.0,0.0,0.0,0.0,0.0,0.0,
17:56,0.0,0.0,0.0,0.0,0.0,0.0,
17:57,0.0,0.0,0.0,0.0,0.0,0.0,
17:58,0.0,0.0,0.0,0.0,0.0,0.0,
17:59,0.0,0.0,0.0,0.0,0.0,0.0,
18:00,0.0,0.0,0.0,0.0,0.0,0.0,
18:01,0.0,0.0,0.0,0.0,0.0,0.0,
18:02,0.0,0.0,0.0,0.0,0.0,0.0,
18:03,0.0,0.0,0.0,0.0,0.0,0.0,
18:04,0.0,0.0,0.0,0.0,0.0,0.0,
18:05,0.0,0.0,0.0,0.0,0.0,0.0,
18:06,0.0,0.0,0.0,0.0,0.0,0.0,
18:07,0.0,0.0,0.0,0.0,0.0,0.0,
18:08,0.0,0.0,0.0,0.0,0.0,0.0,
18:09,0.0,0.0,0.0,0.0,0.0,0.0,
18:10,0.0,0.0,0.0,0.0,0.0,0.0,
18:11,0.0,0.0,0.0,0.0,0.0,0.0,
18:12,0.0,0.0,0.0,0.0,0.0,0.0,
18:13,0.0,0.0,0.0,0.0,0.0,0.0,
18:14,0.0,0.0,0.0,0.0,0.0,0.0,
18:15,0.0,0.0,0.0,0.0,0.0,0.0,
18:16,0.0,0.0,0.0,0.0,0.0,0.0,
18:17,0.0,0.0,0.0,0.0,0.0,0.0,
18:18,0.0,0.0,0.0,0.0,0.0,0.0,
18:19,0.0,0.0,0.0,0.0,0.0,0.0,
18:20,0.0,0.0,0.0,0.0,0.0,0.0,
18:21,0.0,0.0,0.0,0.0,0.0,0.0,
18:22,0.0,0.0,0.0,0.0,0.0,0.0,
18:23,0.0,0.0,0.0,0.0,0.0,0.0,
18:24,0.0,0.0,0.0,0.0,0.0,0.0,
18:25,0.0,0.0,0.0,0.0,0.0,0.0,
18:26,0.0,0.0,0.0,0.0,0.0,0.0,
18:27,0.0,0.0,0.0,0.0,0.0,0.0,
18:28,0.0,0.0,0.0,0.0,0.0,0.0,
18:29,0.0,0.0,0.0,0.0,0.0,0.0,
18:30,0.0,0.0,0.0,0.0,0.0,0.0,
18:31,0.0,0.0,0.0,0.0,0.0,0.0,
18:32,0.0,0.0,0.0,0.0,0.0,0.0,
18:33,0.0,0.0,0.0,0.0,0.0,0.0,
18:34,0.0,0.0,0.0,0.0,0.0,0.0,
18:35,0.0,0.0,0.0,0.0,0.0,0.0,
18:36,0.0,0.0,0.0,0.0,0.0,0.0,
18:37,0.0,0.0,0.0,0.0,0.0,0.0,
18:38,0.0,0.0,0.0,0.0,0.0,0.0,
18:39,0.0,0.0,0.0,0.0,0.0,0.0,
18:40,0.0,0.0,0.0,0.0,0.0,0.0,
18:41,0.0,0.0,0.0,0.0,0.0,0.0,
18:42,0.0,0.0,0.0,0.0,0.0,0.0,
18:43,0.0,0.0,0.0,0.0,0.0,0.0,
18:44,0.0,0.0,0.0,0.0,0.0,0.0,
18:45,0.0,0.0,0.0,0.0,0.0,0.0,
18:46,0.0,0.0,0.0,0.0,0.0,0.0,
18:47,0.0,0.0,0.0,0.0,0.0,0.0,
18:48,0.0,0.0,0.0,0.0,0.0,0.0,
18:49,0.0,0.0,0.0,0.0,0.0,0.0,
18:50,0.0,0.0,0.0,0.0,0.0,0.0,
18:51,0.0,0.0,0.0,0.0,0.0,0.0,
18:52,0.0,0.0,0.0,0.0,0.0,0.0,
18:53,0.0,0.0,0.0,0.0,0.0,0.0,
18:54,0.0,0.0,0.0,0.0,0.0,0.0,
18:55,0.0,0.0,0.0,0.0,0.0,0.0,
18:56,0.0,0.0,0.0,0.0,0.0,0.0,
18:57,0.0,0.0,0.0,0.0,0.0,0.0,
18:58,0.0,0.0,0.0,0.0,0.0,0.0,
18:59,0.0,0.0,0.0,0.0,0.0,0.0,
19:00,0.0,0.0,0.0,0.0,0.0,0.0,
19:01,0.0,0.0,0.0,0.0,0.0,0.0,
19:02,0.0,0.0,0.0,0.0,0.0,0.0,
19:03,0.0,0.0,0.0,0.0,0.0,0.0,
19:04,0.0,0.0,0.0,0.0,0.0,0.0,
19:05,0.0,0.0,0.0,0.0,0.0,0.0,
19:06,0.0,0.0,0.0,0.0,0.0,0.0,
19:07,0.0,0.0,0.0,0.0,0.0,0.0,
19:08,0.0,0.0,0.0,0.0,0.0,0.0,
19:09,0.0,0.0,0.0,0.0,0.0,0.0,
19:10,0.0,0.0,0.0,0.0,0.0,0.0,
19:11,0.0,0.0,0.0,0.0,0.0,0.0,
19:12,0.0,0.0,0.0,0.0,0.0,0.0,
19:13,0.0,0.0,0.0,0.0,0.0,0.0,
19:14,0.0,0.0,0.0,0.0,0.0,0.0,
19:15,0.0,0.0,0.0,0.0,0.0,0.0,
19:16,0.0,0.0,0.0,0.0,0.0,0.0,
19:17,0.0,0.0,0.0,0.0,0.0,0.0,
19:18,0.0,0.0,0.0,0.0,0.0,0.0,
19:19,0.0,0.0,0.0,0.0,0.0,0.0,
19:20,0.0,0.0,0.0,0.0,0.0,0.0,
19:21,0.0,0.0,0.0,0.0,0.0,0.0,
19:22,0.0,0.0,0.0,0.0,0.0,0.0,
19:23,0.0,0.0,0.0,0.0,0.0,0.0,
19:24,0.0,0.0,0.0,0.0,0.0,0.0,
19:25,0.0,0.0,0.0,0.0,0.0,0.0,
19:26,0.0,0.0,0.0,0.0,0.0,0.0,
19:27,0.0,0.0,0.0,0.0,0.0,0.0,
19:28,0.0,0.0,0.0,0.0,0.0,0.0,
19:29,0.0,0.0,0.0,0.0,0.0,0.0,
19:30,0.0,0.0,0.0,0.0,0.0,0.0,
19:31,0.0,0.0,0.0,0.0,0.0,0.0,
19:32,0.0,0.0,0.0,0.0,0.0,0.0,
19:33,0.0,0.0,0.0,0.0,0.0,0.0,
19:34,0.0,0.0,0.0,0.0,0.0,0.0,
19:35,0.0,0.0,0.0,0.0,0.0,0.0,
19:36,0.0,0.0,0.0,0.0,0.0,0.0,
19:37,0.0,0.0,0.0,0.0,0.0,0.0,
19:38,0.0,0.0,0.0,0.0,0.0,0.0,
19:39,0.0,0.0,0.0,0.0,0.0,0.0,
19:40,0.0,0.0,0.0,0.0,0.0,0.0,
19:41,0.0,0.0,0.0,0.0,0.0,0.0,
19:42,0.0,0.0,0.0,0.0,0.0,0.0,
19:43,0.0,0.0,0.0,0.0,0.0,0.0,
19:44,0.0,0.0,0.0,0.0,0.0,0.0,
19:45,0.0,0.0,0.0,0.0,0.0,0.0,
19:46,0.0,0.0,0.0,0.0,0.0,0.0,
19:47,0.0,0.0,0.0,0.0,0.0,0.0,
19:48,0.0,0.0,0.0,0.0,0.0,0.0,
19:49,0.0,0.0,0.0,0.0,0.0,0.0,
19:50,0.0,0.0,0.0,0.0,0.0,0.0,
19:51,0.0,0.0,0.0,0.0,0.0,0.0,
19:52,0.0,0.0,0.0,0.0,0.0,0.0,
19:53,0.0,0.0,0.0,0.0,0.0,0.0,
19:54,0.0,0.0,0.0,0.0,0.0,0.0,
19:55,0.0,0.0,0.0,0.0,0.0,0.0,
19:56,0.0,0.0,0.0,0.0,0.0,0.0,
19:57,0.0,0.0,0.0,0.0,0.0,0.0,
19:58,0.0,0.0,0.0,0.0,0.0,0.0,
19:59,0.0,0.0,0.0,0.0,0.0,0.0,
20:00,0.0,0.0,-0.22,0.0,-1.31,0.0,
20:01,-1.54,-1.52,-1.53,-1.53,-1.51,-1.53,
20:02,-1.54,-1.52,-1.53,-1.53,-1.51,-1.53,
20:03,-1.54,-1.52,-1.54,-1.53,-1.51,-1.53,
20:04,-1.54,-1.52,-1.54,-1.54,-1.51,-1.54,
20:05,-1.54,-1.52,-1.54,-1.54,-1.51,-1.54,
20:06,-1.54,-1.52,-1.54,-1.54,-1.51,-1.54,
20:07,-1.55,-1.52,-1.54,-1.54,-1.52,-1.54,
20:08,-1.55,-1.52,-1.54,-1.54,-1.52,-1.54,
20:09,-1.51,-1.52,-1.54,-1.54,-1.52,-1.54,
20:10,-1.55,-1.53,-1.54,-1.54,-1.52,-1.54,
20:11,-1.55,-1.53,-1.54,-1.54,-1.52,-1.54,
20:12,-1.55,-1.53,-1.54,-1.54,-1.52,-1.54,
20:13,-1.51,-1.53,-1.54,-1.54,-1.52,-1.54,
20:14,-1.51,-1.53,-1.53,-1.54,-1.52,-1.54,
20:15,-1.51,-1.53,-1.53,-1.55,-1.52,-1.55,
20:16,-1.51,-1.53,-1.55,-1.55,-1.52,-1.55,
20:17,-1.51,-1.53,-1.55,-1.55,-1.52,-1.55,
20:18,-1.51,-1.53,-1.55,-1.55,-1.53,-1.55,
20:19,-1.51,-1.53,-1.55,-1.51,-1.53,-1.55,
20:20,-1.51,-1.53,-1.55,-1.51,-1.53,-1.55,
20:21,-1.52,-1.5,-1.55,-1.51,-1.53,-1.51,
20:22,-1.52,-1.54,-1.55,-1.51,-1.53,-1.51,
20:23,-1.52,-1.54,-1.55,-1.51,-1.53,-1.51,
20:24,-1.52,-1.54,-1.55,-1.51,-1.53,-1.51,
20:25,-1.52,-1.54,-1.56,-1.52,-1.53,-1.52,
20:26,-1.52,-1.54,-1.56,-1.52,-1.53,-1.52,
20:27,-1.52,-1.54,-1.56,-1.52,-1.53,-1.56,
20:28,-1.52,-1.54,-1.56,-1.52,-1.53,-1.52,
20:29,-1.52,-1.54,-1.52,-1.52,-1.53,-1.52,
20:30,-1.52,-1.54,-1.52,-1.52,-1.53,-1.52,
20:31,-1.52,-1.54,-1.52,-1.52,-1.53,-1.56,
20:32,-1.52,-1.54,-1.52,-1.52,-1.54,-1.52,
20:33,-1.52,-1.54,-1.52,-1.52,-1.54,-1.52,
20:34,-1.52,-1.54,-1.52,-1.52,-1.54,-1.52,
20:35,-1.52,-1.55,-1.52,-1.52,-1.54,-1.52,
20:36,-1.52,-1.55,-1.52,-1.52,-1.54,-1.52,
20:37,-1.52,-1.55,-1.53,-1.52,-1.54,-1.52,
20:38,-1.52,-1.55,-1.53,-1.53,-1.54,-1.53,
20:39,-1.52,-1.55,-1.53,-1.53,-1.54,-1.53,
20:40,-1.52,-1.55,-1.53,-1.53,-1.54,-1.53,
20:41,-1.52,-1.55,-1.53,-1.53,-1.54,-1.53,
20:42,-1.52,-1.51,-1.53,-1.53,-1.54,-1.53,
20:43,-1.52,-1.51,-1.53,-1.53,-1.54,-1.53,
20:44,-1.52,-1.51,-1.53,-1.53,-1.54,-1.53,
20:45,-1.53,-1.52,-1.53,-1.53,-1.54,-1.53,
20:46,-1.53,-1.52,-1.53,-1.53,-1.54,-1.53,
20:47,-1.53,-1.52,-1.53,-1.53,-1.54,-1.53,
20:48,-1.53,-1.52,-1.53,-1.53,-1.54,-1.53,
20:49,-1.53,-1.52,-1.53,-1.53,-1.54,-1.53,
20:50,-1.53,-1.52,-1.53,-1.53,-1.54,-1.53,
20:51,-1.53,-1.52,-1.53,-1.53,-1.54,-1.53,
20:52,-1.53,-1.52,-1.53,-1.53,-1.54,-1.53,
20:53,-1.53,-1.52,-1.53,-1.53,-1.54,-1.54,
20:54,-1.53,-1.52,-1.54,-1.54,-1.54,-1.54,
20:55,-1.53,-1.52,-1.54,-1.54,-1.54,-1.54,
20:56,-1.53,-1.52,-1.54,-1.54,-1.54,-1.54,
20:57,-1.53,-1.52,-1.54,-1.54,-1.54,-1.54,
20:58,-1.53,-1.54,-1.54,-1.54,-1.54,-1.54,
20:59,-1.53,-1.53,-1.54,-1.54,-1.54,-1.54,
21:00,-1.53,-1.53,-1.54,-1.54,-1.54,-1.54,
21:01,-1.53,-1.53,-1.54,-1.54,-1.54,-1.54,
21:02,-1.53,-1.53,-1.54,-1.54,-1.54,-1.54,
21:03,-1.53,-1.53,-1.54,-1.54,-1.54,-1.54,
21:04,-1.53,-1.53,-1.54,-1.54,-1.54,-1.54,
21:05,-1.53,-1.53,-1.54,-1.54,-1.54,-1.54,
21:06,-1.53,-1.53,-1.54,-1.54,-1.54,-1.54,
21:07,-1.53,-1.53,-1.54,-1.54,-1.5,-1.54,
21:08,-1.54,-1.53,-1.54,-1.54,-1.54,-1.54,
21:09,-1.54,-1.53,-1.54,-1.54,-1.5,-1.54,
21:10,-1.5,-1.53,-1.54,-1.54,-1.54,-1.54,
21:11,-1.5,-1.53,-1.54,-1.54,-1.5,-1.54,
21:12,-1.5,-1.53,-1.54,-1.54,-1.54,-1.54,
21:13,-1.54,-1.53,-1.54,-1.54,-1.54,-1.54,
21:14,-1.5,-1.53,-1.54,-1.54,-1.5,-1.54,
21:15,-1.52,-1.53,-1.54,-1.54,-1.52,-1.54,
21:16,-1.5,-1.54,-1.54,-1.54,-1.51,-1.54,
21:17,-1.52,-1.54,-1.54,-1.54,-1.54,-1.54,
21:18,-1.5,-1.54,-1.54,-1.54,-1.54,-1.54,
21:19,-1.54,-1.54,-1.54,-1.54,-1.55,-1.54,
21:20,-1.5,-1.54,-1.54,-1.54,-1.55,-1.54,
21:21,-1.54,-1.54,-1.54,-1.54,-1.55,-1.54,
21:22,-1.54,-1.54,-1.54,-1.54,-1.55,-1.54,
21:23,-1.54,-1.54,-1.54,-1.54,-1.55,-1.54,
21:24,-1.54,-1.54,-1.54,-1.54,-1.55,-1.54,
21:25,-1.54,-1.54,-1.54,-1.54,-1.55,-1.54,
21:26,-1.54,-1.54,-1.54,-1.54,-1.55,-1.54,
21:27,-1.55,-1.54,-1.54,-1.54,-1.55,-1.54,
21:28,-1.53,-1.54,-1.54,-1.54,-1.55,-1.54,
21:29,-1.51,-1.54,-1.54,-1.54,-1.55,-1.54,
21:30,-1.51,-1.54,-1.54,-1.54,-1.55,-1.54,
21:31,-1.51,-1.54,-1.54,-1.54,-1.55,-1.54,
21:32,-1.51,-1.54,-1.54,-1.54,-1.55,-1.54,
21:33,-1.51,-1.54,-1.54,-1.54,-1.51,-1.54,
21:34,-1.51,-1.54,-1.54,-1.54,-1.55,-1.54,
21:35,-1.51,-1.54,-1.54,-1.54,-1.55,-1.54,
21:36,-1.51,-1.54,-1.54,-1.54,-1.55,-1.54,
21:37,-1.51,-1.54,-1.54,-1.54,-1.55,-1.54,
21:38,-1.51,-1.54,-1.54,-1.54,-1.51,-1.54,
21:39,-1.51,-1.54,-1.54,-1.54,-1.55,-1.54,
21:40,-1.52,-1.54,-1.54,-1.54,-1.55,-1.54,
21:41,-1.52,-1.54,-1.54,-1.54,-1.55,-1.54,
21:42,-1.52,-1.54,-1.54,-1.54,-1.55,-1.54,
21:43,-1.52,-1.54,-1.54,-1.54,-1.55,-1.54,
21:44,-1.54,-1.54,-1.54,-1.54,-1.56,-1.55,
21:45,-1.52,-1.54,-1.54,-1.55,-1.52,-1.55,
21:46,-1.56,-1.54,-1.55,-1.55,-1.56,-1.55,
21:47,-1.52,-1.54,-1.55,-1.55,-1.54,-1.55,
21:48,-1.52,-1.54,-1.55,-1.55,-1.56,-1.55,
21:49,-1.52,-1.54,-1.55,-1.55,-1.56,-1.55,
21:50,-1.52,-1.54,-1.55,-1.55,-1.56,-1.55,
21:51,-1.52,-1.54,-1.55,-1.55,-1.56,-1.55,
21:52,-1.52,-1.54,-1.55,-1.55,-1.52,-1.55,
21:53,-1.52,-1.54,-1.55,-1.55,-1.52,-1.55,
21:54,-1.52,-1.54,-1.55,-1.55,-1.52,-1.55,
21:55,-1.52,-1.54,-1.55,-1.51,-1.52,-1.55,
21:56,-1.52,-1.54,-1.55,-1.55,-1.52,-1.55,
21:57,-1.53,-1.54,-1.51,-1.55,-1.52,-1.55,
21:58,-1.53,-1.54,-1.55,-1.55,-1.52,-1.55,
21:59,-1.53,-1.54,-1.55,-1.55,-1.52,-1.55,
22:00,-1.53,-1.54,-1.55,-1.55,-1.52,-1.55,
22:01,0.0,0.0,0.0,0.0,0.0,0.0,
22:02,0.0,0.0,0.0,0.0,0.0,0.0,
22:03,0.0,0.0,0.0,0.0,0.0,0.0,
22:04,0.0,0.0,0.0,0.0,0.0,0.0,
22:05,0.0,0.0,0.0,0.0,0.0,0.0,
22:06,0.0,0.0,0.0,0.0,0.0,0.0,
22:07,0.0,0.0,0.0,0.0,0.0,0.0,
22:08,0.0,0.0,0.0,0.0,0.0,0.0,
22:09,0.0,0.0,0.0,0.0,0.0,0.0,
22:10,0.0,0.0,0.0,0.0,0.0,0.0,
22:11,0.0,0.0,0.0,0.0,0.0,0.0,
22:12,0.0,0.0,0.0,0.0,0.0,0.0,
22:13,0.0,0.0,0.0,0.0,0.0,0.0,
22:14,0.0,0.0,0.0,0.0,0.0,0.0,
22:15,0.0,0.0,0.0,0.0,0.0,0.0,
22:16,0.0,0.0,0.0,0.0,0.0,0.0,
22:17,0.0,0.0,0.0,0.0,0.0,0.0,
22:18,0.0,0.0,0.0,0.0,0.0,0.0,
22:19,0.0,0.0,0.0,0.0,0.0,0.0,
22:20,0.0,0.0,0.0,0.0,0.0,0.0,
22:21,0.0,0.0,0.0,0.0,0.0,0.0,
22:22,0.0,0.0,0.0,0.0,0.0,0.0,
22:23,0.0,0.0,0.0,0.0,0.0,0.0,
22:24,0.0,0.0,0.0,0.0,0.0,0.0,
22:25,0.0,0.0,0.0,0.0,0.0,0.0,
22:26,0.0,0.0,0.0,0.0,0.0,0.0,
22:27,0.0,0.0,0.0,0.0,0.0,0.0,
22:28,0.0,0.0,0.0,0.0,0.0,0.0,
22:29,0.0,0.0,0.0,0.0,0.0,0.0,
22:30,0.0,0.0,0.0,0.0,0.0,0.0,
22:31,0.0,0.0,0.0,0.0,0.0,0.0,
22:32,0.0,0.0,0.0,0.0,0.0,0.0,
22:33,0.0,0.0,0.0,0.0,0.0,0.0,
22:34,0.0,0.0,0.0,0.0,0.0,0.0,
22:35,0.0,0.0,0.0,0.0,0.0,0.0,
22:36,0.0,0.0,0.0,0.0,0.0,0.0,
22:37,0.0,0.0,0.0,0.0,0.0,0.0,
22:38,0.0,0.0,0.0,0.0,0.0,0.0,
22:39,0.0,0.0,0.0,0.0,0.0,0.0,
22:40,0.0,0.0,0.0,0.0,0.0,0.0,
22:41,0.0,0.0,0.0,0.0,0.0,0.0,
22:42,0.0,0.0,0.0,0.0,0.0,0.0,
22:43,0.0,0.0,0.0,0.0,0.0,0.0,
22:44,0.0,0.0,0.0,0.0,0.0,0.0,
22:45,0.0,0.0,0.0,0.0,0.0,0.0,
22:46,0.0,0.0,0.0,0.0,0.0,0.0,
22:47,0.0,0.0,0.0,0.0,0.0,0.0,
22:48,0.0,0.0,0.0,0.0,0.0,0.0,
22:49,0.0,0.0,0.0,0.0,0.0,0.0,
22:50,0.0,0.0,0.0,0.0,0.0,0.0,
22:51,0.0,0.0,0.0,0.0,0.0,0.0,
22:52,0.0,0.0,0.0,0.0,0.0,0.0,
22:53,0.0,0.0,0.0,0.0,0.0,0.0,
22:54,0.0,0.0,0.0,0.0,0.0,0.0,
22:55,0.0,0.0,0.0,0.0,0.0,0.0,
22:56,0.0,0.0,0.0,0.0,0.0,0.0,
22:57,0.0,0.0,0.0,0.0,0.0,0.0,
22:58,0.0,0.0,0.0,0.0,0.0,0.0,
22:59,0.0,0.0,0.0,0.0,0.0,0.0,
23:00,0.0,0.0,0.0,0.0,0.0,0.0,
23:01,0.0,0.0,0.0,0.0,0.0,0.0,
23:02,0.0,0.0,0.0,0.0,0.0,0.0,
23:03,0.0,0.0,0.0,0.0,0.0,0.0,
23:04,0.0,0.0,0.0,0.0,0.0,0.0,
23:05,0.0,0.0,0.0,0.0,0.0,0.0,
23:06,0.0,0.0,0.0,0.0,0.0,0.0,
23:07,0.0,0.0,0.0,0.0,0.0,0.0,
23:08,0.0,0.0,0.0,0.0,0.0,0.0,
23:09,0.0,0.0,0.0,0.0,0.0,0.0,
23:10,0.0,0.0,0.0,0.0,0.0,0.0,
23:11,0.0,0.0,0.0,0.0,0.0,0.0,
23:12,0.0,0.0,0.0,0.0,0.0,0.0,
23:13,0.0,0.0,0.0,0.0,0.0,0.0,
23:14,0.0,0.0,0.0,0.0,0.0,0.0,
23:15,0.0,0.0,0.0,0.0,0.0,0.0,
23:16,0.0,0.0,0.0,0.0,0.0,0.0,
23:17,0.0,0.0,0.0,0.0,0.0,0.0,
23:18,0.0,0.0,0.0,0.0,0.0,0.0,
23:19,0.0,0.0,0.0,0.0,0.0,0.0,
23:20,0.0,0.0,0.0,0.0,0.0,0.0,
23:21,0.0,0.0,0.0,0.0,0.0,0.0,
23:22,0.0,0.0,0.0,0.0,0.0,0.0,
23:23,0.0,0.0,0.0,0.0,0.0,0.0,
23:24,0.0,0.0,0.0,0.0,0.0,0.0,
23:25,0.0,0.0,0.0,0.0,0.0,0.0,
23:26,0.0,0.0,0.0,0.0,0.0,0.0,
23:27,0.0,0.0,0.0,0.0,0.0,0.0,
23:28,0.0,0.0,0.0,0.0,0.0,0.0,
23:29,0.0,0.0,0.0,0.0,0.0,0.0,
23:30,0.0,0.0,0.0,0.0,0.0,0.0,
23:31,0.0,0.0,0.0,0.0,0.0,0.0,
23:32,0.0,0.0,0.0,0.0,0.0,0.0,
23:33,0.0,0.0,0.0,0.0,0.0,0.0,
23:34,0.0,0.0,0.0,0.0,0.0,0.0,
23:35,0.0,0.0,0.0,0.0,0.0,0.0,
23:36,0.0,0.0,0.0,0.0,0.0,0.0,
23:37,0.0,0.0,0.0,0.0,0.0,0.0,
23:38,0.0,0.0,0.0,0.0,0.0,0.0,
23:39,0.0,0.0,0.0,0.0,0.0,0.0,
23:40,0.0,0.0,0.0,0.0,0.0,0.0,
23:41,0.0,0.0,0.0,0.0,0.0,0.0,
23:42,0.0,0.0,0.0,0.0,0.0,0.0,
23:43,0.0,0.0,0.0,0.0,0.0,0.0,
23:44,0.0,0.0,0.0,0.0,0.0,0.0,
23:45,0.0,0.0,0.0,0.0,0.0,0.0,
23:46,0.0,0.0,0.0,0.0,0.0,0.0,
23:47,0.0,0.0,0.0,0.0,0.0,0.0,
23:48,0.0,0.0,0.0,0.0,0.0,0.0,
23:49,0.0,0.0,0.0,0.0,0.0,0.0,
23:50,0.0,0.0,0.0,0.0,0.0,0.0,
23:51,0.0,0.0,0.0,0.0,0.0,0.0,
23:52,0.0,0.0,0.0,0.0,0.0,0.0,
23:53,0.0,0.0,0.0,0.0,0.0,0.0,
23:54,0.0,0.0,0.0,0.0,0.0,0.0,
23:55,0.0,0.0,0.0,0.0,0.0,0.0,
23:56,0.0,0.0,0.0,0.0,0.0,0.0,
23:57,0.0,0.0,0.0,0.0,0.0,0.0,
23:58,0.0,0.0,0.0,0.0,0.0,0.0,
23:59,0.0,0.0,0.0,0.0,0.0,0.0,
